timestamp,machine_id,actual_health_score,linear_regression_prediction,random_forest_prediction,xgboost_prediction
2026-01-01 00:00:00+00:00,MTR-17,100.0,97.8860912759189,99.50630292859196,99.545876
2026-01-01 00:00:10+00:00,MTR-17,99.82,96.62034411709698,99.48300039133181,99.59396
2026-01-01 00:00:20+00:00,MTR-17,99.75,97.86776645490157,99.50762325040237,99.5717
2026-01-01 00:00:30+00:00,MTR-17,98.42,98.63235742729735,99.50844436362692,99.53931
2026-01-01 00:00:40+00:00,MTR-17,100.0,98.41752737913568,99.46438471361643,99.526115
2026-01-01 00:00:50+00:00,MTR-17,100.0,97.45427044880516,98.48671705397149,97.62325
2026-01-01 00:01:00+00:00,MTR-17,97.95,97.7559302937721,99.35607931651045,98.83142
2026-01-01 00:01:10+00:00,MTR-17,100.0,97.58542930662561,99.3292188027851,98.33394
2026-01-01 00:01:20+00:00,MTR-17,100.0,97.69358574185304,98.40995120145698,97.74216
2026-01-01 00:01:30+00:00,MTR-17,100.0,97.97479671764205,99.50744573410748,99.59638
2026-01-01 00:01:40+00:00,MTR-17,99.73,99.44927303397557,99.50692206244479,99.50395
2026-01-01 00:01:50+00:00,MTR-17,100.0,98.12387832042471,99.50929719776005,99.65475
2026-01-01 00:02:00+00:00,MTR-17,100.0,97.80190729620665,99.50564757774706,99.52027
2026-01-01 00:02:10+00:00,MTR-17,100.0,98.32064519045225,99.48161601043249,99.46027
2026-01-01 00:02:20+00:00,MTR-17,98.05,98.36745930699519,99.47729507109922,99.43884
2026-01-01 00:02:30+00:00,MTR-17,100.0,99.05613089253947,99.50971468838728,99.5117
2026-01-01 00:02:40+00:00,MTR-17,99.95,100.0,99.50684507387825,99.55434
2026-01-01 00:02:50+00:00,MTR-17,96.62,98.8109560493647,99.50642842878247,99.52599
2026-01-01 00:03:00+00:00,MTR-17,98.31,97.73902803786322,99.5015237546987,99.58594
2026-01-01 00:03:10+00:00,MTR-17,99.92,97.82407149351191,99.50625243582303,99.42049
2026-01-01 00:03:20+00:00,MTR-17,100.0,98.3107042183614,99.50646537819651,99.53444
2026-01-01 00:03:30+00:00,MTR-17,100.0,98.28088355368656,99.50725495870952,99.59299
2026-01-01 00:03:40+00:00,MTR-17,99.18,97.78551446993431,99.50748483642658,99.60172
2026-01-01 00:03:50+00:00,MTR-17,100.0,97.14795975222592,99.48253216265256,99.51387
2026-01-01 00:04:00+00:00,MTR-17,99.06,98.21476477453972,99.50882221868615,99.53989
2026-01-01 00:04:10+00:00,MTR-17,99.52,98.36214481743568,99.50805495512972,99.574936
2026-01-01 00:04:20+00:00,MTR-17,100.0,98.59977813970133,99.50617498074058,99.539185
2026-01-01 00:04:30+00:00,MTR-17,100.0,97.8140556861267,99.50619803679817,99.57635
2026-01-01 00:04:40+00:00,MTR-17,100.0,97.59374415926166,99.50903145876376,99.6095
2026-01-01 00:04:50+00:00,MTR-17,100.0,98.42892855213967,99.50613990352669,99.56499
2026-01-01 00:05:00+00:00,MTR-17,99.66,99.05281282153256,99.50767655929273,99.53394
2026-01-01 00:05:10+00:00,MTR-17,99.7,98.94065478563127,99.50640537272486,99.530815
2026-01-01 00:05:20+00:00,MTR-17,100.0,99.93100432901207,99.50722396688846,99.522026
2026-01-01 00:05:30+00:00,MTR-17,100.0,98.47299561166614,99.50646560468414,99.52546
2026-01-01 00:05:40+00:00,MTR-17,100.0,98.51946135151903,99.49630661261453,99.54669
2026-01-01 00:05:50+00:00,MTR-17,100.0,97.32789085521951,99.50613673540164,99.55388
2026-01-01 00:06:00+00:00,MTR-17,100.0,98.44962530669686,99.50727682499821,99.5428
2026-01-01 00:06:10+00:00,MTR-17,98.61,98.92590406709445,99.50740369876664,99.51847
2026-01-01 00:06:20+00:00,MTR-17,98.87,98.44119621711064,99.50730184932104,99.563416
2026-01-01 00:06:30+00:00,MTR-17,99.93,98.34781961806911,99.50774395714699,99.58733
2026-01-01 00:06:40+00:00,MTR-17,98.55,98.53492555489105,99.412928326072,99.13783
2026-01-01 00:06:50+00:00,MTR-17,100.0,97.96833242900256,99.50867657317288,99.59832
2026-01-01 00:07:00+00:00,MTR-17,100.0,98.90420478585798,99.50723480402802,99.529366
2026-01-01 00:07:10+00:00,MTR-17,99.67,99.28156401083731,99.50622441117893,99.567856
2026-01-01 00:07:20+00:00,MTR-17,99.05,99.07421107899306,99.50881111607883,99.52423
2026-01-01 00:07:30+00:00,MTR-17,100.0,99.40587910011668,99.50577515532441,99.55689
2026-01-01 00:07:40+00:00,MTR-17,97.78,99.91540695061437,99.50805595637736,99.534615
2026-01-01 00:07:50+00:00,MTR-17,100.0,99.49615027808898,99.46556352217841,99.55876
2026-01-01 00:08:00+00:00,MTR-17,98.74,99.26244113146883,99.50154463607,99.50514
2026-01-01 00:08:10+00:00,MTR-17,100.0,99.64313532739291,99.48078382846386,99.47246
2026-01-01 00:08:20+00:00,MTR-17,99.42,98.81169521153663,99.5076739235819,99.52838
2026-01-01 00:08:30+00:00,MTR-17,99.41,99.48149907468571,99.5090454584021,99.58364
2026-01-01 00:08:40+00:00,MTR-17,100.0,100.0,99.50801372874506,99.60626
2026-01-01 00:08:50+00:00,MTR-17,99.7,100.0,99.50808672356825,99.538246
2026-01-01 00:09:00+00:00,MTR-17,98.41,100.0,99.46487130971377,99.46994
2026-01-01 00:09:10+00:00,MTR-17,100.0,99.60523444245203,99.48097828430082,99.47877
2026-01-01 00:09:20+00:00,MTR-17,99.1,100.0,99.50688140632477,99.528465
2026-01-01 00:09:30+00:00,MTR-17,100.0,100.0,99.50888718124435,99.61982
2026-01-01 00:09:40+00:00,MTR-17,100.0,99.58147136679466,99.48040184678192,99.49031
2026-01-01 00:09:50+00:00,MTR-17,100.0,99.75947422173473,99.50435898091898,99.51534
2026-01-01 00:10:00+00:00,MTR-17,98.53,100.0,99.5080678482344,99.55036
2026-01-01 00:10:10+00:00,MTR-17,100.0,99.74752074730578,99.50707753691863,99.61236
2026-01-01 00:10:20+00:00,MTR-17,99.49,99.35514887504632,99.50792114865321,99.56798
2026-01-01 00:10:30+00:00,MTR-17,100.0,98.76870559358827,99.50700260817096,99.52207
2026-01-01 00:10:40+00:00,MTR-17,99.37,98.75514238414831,99.50712383470596,99.56471
2026-01-01 00:10:50+00:00,MTR-17,99.82,99.44476352765145,99.50722501311206,99.494064
2026-01-01 00:11:00+00:00,MTR-17,99.7,99.7646288093494,99.50740369876664,99.53628
2026-01-01 00:11:10+00:00,MTR-17,99.4,100.0,99.50677523925755,99.536934
2026-01-01 00:11:20+00:00,MTR-17,99.63,100.0,99.50497255562809,99.52767
2026-01-01 00:11:30+00:00,MTR-17,100.0,99.43064744152164,99.50713878490932,99.56367
2026-01-01 00:11:40+00:00,MTR-17,100.0,100.0,99.50699380185034,99.531425
2026-01-01 00:11:50+00:00,MTR-17,97.59,100.0,99.5055490524059,99.532104
2026-01-01 00:12:00+00:00,MTR-17,99.04,100.0,99.50656613004188,99.537384
2026-01-01 00:12:10+00:00,MTR-17,100.0,100.0,99.50766961464609,99.56959
2026-01-01 00:12:20+00:00,MTR-17,100.0,99.92806041191683,99.50780288271,99.548004
2026-01-01 00:12:30+00:00,MTR-17,100.0,99.95154684976976,99.50710358204599,99.555725
2026-01-01 00:12:40+00:00,MTR-17,99.38,99.89531418661718,99.50624384118976,99.517876
2026-01-01 00:12:50+00:00,MTR-17,100.0,100.0,99.5070422013606,99.53699
2026-01-01 00:13:00+00:00,MTR-17,96.79,99.4854541624237,99.49895654873585,99.529564
2026-01-01 00:13:10+00:00,MTR-17,99.51,100.0,99.50704115513697,99.54786
2026-01-01 00:13:20+00:00,MTR-17,100.0,99.51884886066271,99.42235330729532,99.574585
2026-01-01 00:13:30+00:00,MTR-17,100.0,99.72127779796861,99.50573385759301,99.49618
2026-01-01 00:13:40+00:00,MTR-17,100.0,98.59201173309353,99.50536727072905,99.47183
2026-01-01 00:13:50+00:00,MTR-17,100.0,97.68576734659723,99.46760200750035,99.532906
2026-01-01 00:14:00+00:00,MTR-17,99.98,97.12877053742373,99.50717927987007,99.535225
2026-01-01 00:14:10+00:00,MTR-17,98.27,98.38667859506005,99.50595287505425,99.50345
2026-01-01 00:14:20+00:00,MTR-17,100.0,97.33201001243461,99.50808741590565,99.54731
2026-01-01 00:14:30+00:00,MTR-17,99.76,98.53878315011592,99.50595350588554,99.49798
2026-01-01 00:14:40+00:00,MTR-17,99.56,98.17406739129417,99.5075753381692,99.56346
2026-01-01 00:14:50+00:00,MTR-17,100.0,99.36531154164537,99.50659484642021,99.53614
2026-01-01 00:15:00+00:00,MTR-17,100.0,98.58721577634384,99.50520132239916,99.522934
2026-01-01 00:15:10+00:00,MTR-17,100.0,100.0,99.50978553320222,99.54657
2026-01-01 00:15:20+00:00,MTR-17,97.29,99.95320408729467,99.50525883249789,99.51039
2026-01-01 00:15:30+00:00,MTR-17,99.07,99.4125741329663,99.49753258007617,99.57893
2026-01-01 00:15:40+00:00,MTR-17,100.0,99.87191908937486,99.50711761263256,99.52813
2026-01-01 00:15:50+00:00,MTR-17,99.06,99.50192803729385,99.42035103013944,99.57241
2026-01-01 00:16:00+00:00,MTR-17,99.35,98.50435162549302,99.45708217814555,99.58768
2026-01-01 00:16:10+00:00,MTR-17,98.88,98.37389867981973,99.50786137513543,99.541695
2026-01-01 00:16:20+00:00,MTR-17,100.0,98.3754845316098,99.503746653953,99.51467
2026-01-01 00:16:30+00:00,MTR-17,99.26,98.26499978608906,99.48238167585956,99.39801
2026-01-01 00:16:40+00:00,MTR-17,100.0,97.89472209722166,99.48152367650557,99.4381
2026-01-01 00:16:50+00:00,MTR-17,99.65,98.56465147935012,99.50611956442853,99.4626
2026-01-01 00:17:00+00:00,MTR-17,97.83,100.0,99.50704357405112,99.51022
2026-01-01 00:17:10+00:00,MTR-17,100.0,98.81355726251829,99.50713530619979,99.52429
2026-01-01 00:17:20+00:00,MTR-17,99.62,97.82508346800543,99.09003914436897,99.3939
2026-01-01 00:17:30+00:00,MTR-17,97.95,97.46922725278634,99.50743468340187,99.463745
2026-01-01 00:17:40+00:00,MTR-17,100.0,97.28615111160406,99.50857386741531,99.42636
2026-01-01 00:17:50+00:00,MTR-17,99.61,99.33524326677393,99.5072305583872,99.536995
2026-01-01 00:18:00+00:00,MTR-17,100.0,99.84905398115109,99.50771180480592,99.53152
2026-01-01 00:18:10+00:00,MTR-17,100.0,100.0,99.50625466847235,99.4906
2026-01-01 00:18:20+00:00,MTR-17,100.0,99.47512895821458,99.50645232492133,99.60562
2026-01-01 00:18:30+00:00,MTR-17,100.0,98.57597893868632,99.50749352478974,99.56391
2026-01-01 00:18:40+00:00,MTR-17,100.0,100.0,99.51032057756744,99.55336
2026-01-01 00:18:50+00:00,MTR-17,100.0,100.0,99.47998363289737,99.48738
2026-01-01 00:19:00+00:00,MTR-17,99.34,100.0,99.50700856024083,99.54914
2026-01-01 00:19:10+00:00,MTR-17,100.0,100.0,99.5069312827063,99.52462
2026-01-01 00:19:20+00:00,MTR-17,100.0,100.0,99.5063860076834,99.54814
2026-01-01 00:19:30+00:00,MTR-17,99.47,100.0,99.4657174866303,99.54186
2026-01-01 00:19:40+00:00,MTR-17,100.0,100.0,99.50525883249789,99.51311
2026-01-01 00:19:50+00:00,MTR-17,100.0,99.9240726963116,98.63647628950395,99.21023
2026-01-01 00:20:00+00:00,MTR-17,100.0,100.0,99.50525883249789,99.524284
2026-01-01 00:20:10+00:00,MTR-17,100.0,100.0,99.50588228831292,99.54805
2026-01-01 00:20:20+00:00,MTR-17,100.0,99.79353578035575,99.50683766616656,99.5407
2026-01-01 00:20:30+00:00,MTR-17,97.47,100.0,99.50614786618027,99.44338
2026-01-01 00:20:40+00:00,MTR-17,100.0,99.11477368310365,99.49687731981113,99.489204
2026-01-01 00:20:50+00:00,MTR-17,100.0,99.21702222666684,99.50702308849333,99.50577
2026-01-01 00:21:00+00:00,MTR-17,100.0,99.98887464382013,99.50659484642021,99.538345
2026-01-01 00:21:10+00:00,MTR-17,99.03,98.80595305432894,99.48671367612637,99.56782
2026-01-01 00:21:20+00:00,MTR-17,100.0,98.0870355630398,99.4209662558649,99.49217
2026-01-01 00:21:30+00:00,MTR-17,98.49,98.68156412751736,99.5063860076834,99.499756
2026-01-01 00:21:40+00:00,MTR-17,100.0,97.81053081976253,99.5073322689935,99.54287
2026-01-01 00:21:50+00:00,MTR-17,98.39,100.0,99.50695762758328,99.49277
2026-01-01 00:22:00+00:00,MTR-17,100.0,98.896905864978,99.50037089421531,99.58507
2026-01-01 00:22:10+00:00,MTR-17,98.94,100.0,99.50677628548115,99.43461
2026-01-01 00:22:20+00:00,MTR-17,99.27,99.24793252400141,99.50780850295526,99.59041
2026-01-01 00:22:30+00:00,MTR-17,100.0,99.20815070495064,99.50791596774701,99.54661
2026-01-01 00:22:40+00:00,MTR-17,100.0,100.0,99.50723859981055,99.535965
2026-01-01 00:22:50+00:00,MTR-17,99.89,100.0,99.50699132083942,99.55748
2026-01-01 00:23:00+00:00,MTR-17,98.23,99.88779252845532,99.50530434237852,99.49269
2026-01-01 00:23:10+00:00,MTR-17,100.0,99.59662295263057,99.49982524822417,99.599144
2026-01-01 00:23:20+00:00,MTR-17,100.0,98.79982124922138,99.4998493899556,99.631454
2026-01-01 00:23:30+00:00,MTR-17,99.93,99.56962093613797,99.50725633944043,99.534935
2026-01-01 00:23:40+00:00,MTR-17,100.0,98.57550548939763,99.00505725029045,99.46318
2026-01-01 00:23:50+00:00,MTR-17,99.89,99.90728632381001,99.50700953642826,99.55915
2026-01-01 00:24:00+00:00,MTR-17,99.87,98.46404839118091,99.50777021777765,99.53472
2026-01-01 00:24:10+00:00,MTR-17,100.0,97.76689644633,99.50775248373739,99.55761
2026-01-01 00:24:20+00:00,MTR-17,100.0,98.56380840996245,99.50670908723257,99.54715
2026-01-01 00:24:30+00:00,MTR-17,100.0,97.60280723188983,99.43346151853984,99.4452
2026-01-01 00:24:40+00:00,MTR-17,100.0,98.37845363657897,99.50614992029159,99.66376
2026-01-01 00:24:50+00:00,MTR-17,100.0,98.67999944565427,99.50808567734465,99.53058
2026-01-01 00:25:00+00:00,MTR-17,100.0,98.12327218739206,99.50662360725453,99.48032
2026-01-01 00:25:10+00:00,MTR-17,100.0,97.85314040870581,99.50697437890531,99.5629
2026-01-01 00:25:20+00:00,MTR-17,100.0,98.08140530015825,99.50639840035865,99.52867
2026-01-01 00:25:30+00:00,MTR-17,97.74,97.99179061389485,99.50753449537008,99.54778
2026-01-01 00:25:40+00:00,MTR-17,100.0,98.81340376530179,99.50747181612424,99.536415
2026-01-01 00:25:50+00:00,MTR-17,100.0,98.25975658401626,99.50665265325203,99.55573
2026-01-01 00:26:00+00:00,MTR-17,98.75,98.69778594914723,99.50740369876664,99.54133
2026-01-01 00:26:10+00:00,MTR-17,100.0,98.68381192090528,99.50708576773917,99.55405
2026-01-01 00:26:20+00:00,MTR-17,98.94,99.4616949641997,99.50708576773917,99.55273
2026-01-01 00:26:30+00:00,MTR-17,100.0,98.30628347876765,99.49832601082977,99.516525
2026-01-01 00:26:40+00:00,MTR-17,98.59,99.1887491024505,99.50679938098897,99.5333
2026-01-01 00:26:50+00:00,MTR-17,100.0,98.6343617527363,99.50003109319948,99.56895
2026-01-01 00:27:00+00:00,MTR-17,100.0,99.38558414128083,99.50701546257083,99.5324
2026-01-01 00:27:10+00:00,MTR-17,98.56,99.68951464820756,99.5064096764303,99.53688
2026-01-01 00:27:20+00:00,MTR-17,100.0,99.20785307372226,99.50827029552332,99.568245
2026-01-01 00:27:30+00:00,MTR-17,99.74,99.18582534219762,99.50617235923153,99.56208
2026-01-01 00:27:40+00:00,MTR-17,100.0,99.3817860811858,99.50884189080597,99.59085
2026-01-01 00:27:50+00:00,MTR-17,99.71,98.14631274055044,99.43064109860065,99.503204
2026-01-01 00:28:00+00:00,MTR-17,99.94,98.54877973727747,99.50652892120804,99.52115
2026-01-01 00:28:10+00:00,MTR-17,100.0,98.64648799613484,99.50862072170985,99.542725
2026-01-01 00:28:20+00:00,MTR-17,98.25,97.95121836760435,99.50875398977378,99.41781
2026-01-01 00:28:30+00:00,MTR-17,99.22,98.67195875575229,99.50720881400636,99.55901
2026-01-01 00:28:40+00:00,MTR-17,100.0,98.3655940240531,99.50799226220076,99.55245
2026-01-01 00:28:50+00:00,MTR-17,100.0,99.98288548259414,99.50358530968873,99.56479
2026-01-01 00:29:00+00:00,MTR-17,100.0,99.16332736646656,99.50611160286888,99.55291
2026-01-01 00:29:10+00:00,MTR-17,99.66,100.0,99.51066784172545,99.60863
2026-01-01 00:29:20+00:00,MTR-17,100.0,98.99024547507473,99.50624183383663,99.53378
2026-01-01 00:29:30+00:00,MTR-17,100.0,97.84848435379635,99.43048315138951,99.61507
2026-01-01 00:29:40+00:00,MTR-17,97.95,98.38587471871892,99.51046563241432,99.53195
2026-01-01 00:29:50+00:00,MTR-17,99.29,98.0743276806231,99.50659993556572,99.545685
2026-01-01 00:30:00+00:00,MTR-17,99.32,96.91296237185054,99.50487155795753,99.52538
2026-01-01 00:30:10+00:00,MTR-17,97.9,97.704168869588,99.50085293161732,99.47526
2026-01-01 00:30:20+00:00,MTR-17,100.0,98.2373745264404,99.50714902152427,99.549255
2026-01-01 00:30:30+00:00,MTR-17,98.7,99.04187462576013,99.49858268249032,99.53312
2026-01-01 00:30:40+00:00,MTR-17,99.27,99.81924657616406,99.50767655929273,99.52438
2026-01-01 00:30:50+00:00,MTR-17,100.0,99.87673941995672,99.50724810861988,99.52126
2026-01-01 00:31:00+00:00,MTR-17,98.92,98.7111914750375,99.50735321986221,99.56852
2026-01-01 00:31:10+00:00,MTR-17,99.45,98.4046689496742,99.48595511728112,99.57463
2026-01-01 00:31:20+00:00,MTR-17,97.47,98.2397129118629,99.47657932888742,99.50211
2026-01-01 00:31:30+00:00,MTR-17,99.99,98.12212183309069,99.48434627052094,99.4636
2026-01-01 00:31:40+00:00,MTR-17,99.55,98.61203696597556,99.50728885155054,99.574356
2026-01-01 00:31:50+00:00,MTR-17,100.0,99.18363740084057,99.50724810861988,99.5485
2026-01-01 00:32:00+00:00,MTR-17,98.62,99.87253611500311,99.50845762247313,99.54581
2026-01-01 00:32:10+00:00,MTR-17,100.0,99.47563976533299,99.50637288630682,99.538124
2026-01-01 00:32:20+00:00,MTR-17,100.0,98.97567841586837,99.50926494334854,99.59004
2026-01-01 00:32:30+00:00,MTR-17,99.68,99.55855040569874,99.43015649982677,99.56262
2026-01-01 00:32:40+00:00,MTR-17,99.49,99.00392273403862,99.50525498696751,99.54638
2026-01-01 00:32:50+00:00,MTR-17,100.0,99.05189961689332,99.50931059082569,99.53395
2026-01-01 00:33:00+00:00,MTR-17,99.08,99.84978215710355,99.50739385858923,99.4977
2026-01-01 00:33:10+00:00,MTR-17,99.21,100.0,99.50629567026094,99.49107
2026-01-01 00:33:20+00:00,MTR-17,100.0,100.0,99.50596000423253,99.512344
2026-01-01 00:33:30+00:00,MTR-17,99.56,100.0,99.50702251822868,99.529
2026-01-01 00:33:40+00:00,MTR-17,100.0,100.0,99.50654032128354,99.53216
2026-01-01 00:33:50+00:00,MTR-17,99.97,100.0,99.50677523925755,99.57616
2026-01-01 00:34:00+00:00,MTR-17,97.37,100.0,99.50592115004375,99.56996
2026-01-01 00:34:10+00:00,MTR-17,98.96,99.83288111579874,99.46330289782128,99.54661
2026-01-01 00:34:20+00:00,MTR-17,98.49,100.0,99.50758065276911,99.52293
2026-01-01 00:34:30+00:00,MTR-17,99.48,99.41638497197381,99.50600430792235,99.51677
2026-01-01 00:34:40+00:00,MTR-17,99.57,98.9221304517986,99.50639096120548,99.542786
2026-01-01 00:34:50+00:00,MTR-17,99.69,99.69626647724552,99.50636394776214,99.53065
2026-01-01 00:35:00+00:00,MTR-17,100.0,98.86754831411486,99.50616137335705,99.5451
2026-01-01 00:35:10+00:00,MTR-17,99.74,99.37899567855884,99.50694513095831,99.541695
2026-01-01 00:35:20+00:00,MTR-17,100.0,99.64681690017234,99.50705504630886,99.532684
2026-01-01 00:35:30+00:00,MTR-17,99.35,99.37292321978002,99.5126789029482,99.60771
2026-01-01 00:35:40+00:00,MTR-17,99.56,98.98670270632061,99.50728650424092,99.54586
2026-01-01 00:35:50+00:00,MTR-17,100.0,99.73255749256184,99.50389928488181,99.534676
2026-01-01 00:36:00+00:00,MTR-17,99.73,99.09045053342805,99.50751070619988,99.56806
2026-01-01 00:36:10+00:00,MTR-17,100.0,99.46299656261915,99.50568785645324,99.5503
2026-01-01 00:36:20+00:00,MTR-17,100.0,99.97692094861398,99.50443779322488,99.52451
2026-01-01 00:36:30+00:00,MTR-17,100.0,99.44851834335174,99.50927526085256,99.58581
2026-01-01 00:36:40+00:00,MTR-17,100.0,99.61620761585515,99.50846046751262,99.56208
2026-01-01 00:36:50+00:00,MTR-17,100.0,99.1342313938746,99.50987341212726,99.450226
2026-01-01 00:37:00+00:00,MTR-17,100.0,99.34384800942681,99.50762289878786,99.44455
2026-01-01 00:37:10+00:00,MTR-17,99.68,100.0,99.50730847208328,99.55567
2026-01-01 00:37:20+00:00,MTR-17,99.86,98.31436507938358,99.4509124367206,99.57415
2026-01-01 00:37:30+00:00,MTR-17,97.81,97.98692295381491,99.50838244255246,99.55964
2026-01-01 00:37:40+00:00,MTR-17,99.38,97.55302079561542,99.50835741714573,99.38047
2026-01-01 00:37:50+00:00,MTR-17,99.83,97.42455015592934,99.50653837494636,99.56626
2026-01-01 00:38:00+00:00,MTR-17,99.64,98.14346421832938,99.50804970913516,99.5218
2026-01-01 00:38:10+00:00,MTR-17,98.95,97.00326033306784,99.50674168901496,99.51853
2026-01-01 00:38:20+00:00,MTR-17,100.0,97.23513643215054,99.13690907133808,99.23692
2026-01-01 00:38:30+00:00,MTR-17,98.39,98.14061899665859,99.50751101946969,99.52145
2026-01-01 00:38:40+00:00,MTR-17,100.0,97.02755285998941,99.50866331940635,99.57954
2026-01-01 00:38:50+00:00,MTR-17,99.59,97.4228007610131,99.50809799995643,99.523605
2026-01-01 00:39:00+00:00,MTR-17,100.0,97.29406322808032,99.50639000590812,99.56983
2026-01-01 00:39:10+00:00,MTR-17,100.0,96.45836245070079,99.5053751704633,99.532265
2026-01-01 00:39:20+00:00,MTR-17,99.59,96.1439938743569,99.50598909176709,99.52508
2026-01-01 00:39:30+00:00,MTR-17,100.0,96.82636405861753,99.50822226898991,99.535
2026-01-01 00:39:40+00:00,MTR-17,100.0,96.93528965617725,99.5085100897037,99.50592
2026-01-01 00:39:50+00:00,MTR-17,99.56,95.71188847461686,99.34833776934948,99.40463
2026-01-01 00:40:00+00:00,MTR-17,100.0,97.46553654510335,99.50839062264777,99.586525
2026-01-01 00:40:10+00:00,MTR-17,99.8,97.44016750143945,99.50726051465344,99.54693
2026-01-01 00:40:20+00:00,MTR-17,100.0,97.56577811801439,99.50985392452975,99.441505
2026-01-01 00:40:30+00:00,MTR-17,98.71,97.25194719772598,99.4355241157752,99.53938
2026-01-01 00:40:40+00:00,MTR-17,99.95,96.91685840579615,99.50589201835484,99.53271
2026-01-01 00:40:50+00:00,MTR-17,99.38,97.95636689380228,99.5077442704168,99.535675
2026-01-01 00:41:00+00:00,MTR-17,99.1,98.12093786641216,99.50582269626008,99.56858
2026-01-01 00:41:10+00:00,MTR-17,100.0,98.46268848659174,99.50667240452131,99.53162
2026-01-01 00:41:20+00:00,MTR-17,97.01,98.57240440045929,99.43042501701878,99.43826
2026-01-01 00:41:30+00:00,MTR-17,100.0,97.38119856041939,99.46438677574716,99.55251
2026-01-01 00:41:40+00:00,MTR-17,97.23,96.74327735578846,99.44593980155318,99.42599
2026-01-01 00:41:50+00:00,MTR-17,99.75,97.91817316891594,99.50623164569159,99.480644
2026-01-01 00:42:00+00:00,MTR-17,99.15,98.50292589917738,99.50828982158244,99.51172
2026-01-01 00:42:10+00:00,MTR-17,100.0,99.17272240662916,99.50693385989914,99.56104
2026-01-01 00:42:20+00:00,MTR-17,100.0,98.54236967892959,99.50651636107254,99.53935
2026-01-01 00:42:30+00:00,MTR-17,100.0,99.35890579078011,99.50672651651182,99.50309
2026-01-01 00:42:40+00:00,MTR-17,100.0,97.90918874227651,99.48684509394926,99.56017
2026-01-01 00:42:50+00:00,MTR-17,99.59,99.43312022135716,99.50510335783271,99.535614
2026-01-01 00:43:00+00:00,MTR-17,99.97,97.39573782285817,99.4937245703888,99.52261
2026-01-01 00:43:10+00:00,MTR-17,99.86,97.6958155397534,99.5089051409297,99.5673
2026-01-01 00:43:20+00:00,MTR-17,100.0,96.62105034531237,99.43657124367162,99.591034
2026-01-01 00:43:30+00:00,MTR-17,98.76,97.7876950212983,99.50621432623355,99.52433
2026-01-01 00:43:40+00:00,MTR-17,100.0,96.18059634750286,99.50142910150004,99.536194
2026-01-01 00:43:50+00:00,MTR-17,99.66,97.13134121363997,99.50724868612969,99.48642
2026-01-01 00:44:00+00:00,MTR-17,100.0,98.05622931846386,99.50737502025315,99.51461
2026-01-01 00:44:10+00:00,MTR-17,98.95,97.15388349525705,99.50769951037893,99.55926
2026-01-01 00:44:20+00:00,MTR-17,98.79,97.93667560183557,99.50717480281718,99.50658
2026-01-01 00:44:30+00:00,MTR-17,100.0,97.82209019398063,99.50802742313263,99.53688
2026-01-01 00:44:40+00:00,MTR-17,99.45,97.99409813618743,99.50633730546335,99.54786
2026-01-01 00:44:50+00:00,MTR-17,100.0,96.6982329120818,99.50456302728806,99.54472
2026-01-01 00:45:00+00:00,MTR-17,99.46,98.05429836867098,99.50740744886622,99.53781
2026-01-01 00:45:10+00:00,MTR-17,98.89,100.0,99.50742147689027,99.51837
2026-01-01 00:45:20+00:00,MTR-17,100.0,98.81397421047312,99.46989865363787,99.55919
2026-01-01 00:45:30+00:00,MTR-17,99.61,100.0,99.5069488899063,99.54372
2026-01-01 00:45:40+00:00,MTR-17,98.1,99.26309029959188,99.50754004577807,99.541916
2026-01-01 00:45:50+00:00,MTR-17,99.47,100.0,99.50632151682902,99.521645
2026-01-01 00:46:00+00:00,MTR-17,100.0,100.0,99.50771061747932,99.54052
2026-01-01 00:46:10+00:00,MTR-17,99.24,100.0,99.45937291513975,99.55777
2026-01-01 00:46:20+00:00,MTR-17,99.63,99.56216154737422,99.43092913921072,99.53845
2026-01-01 00:46:30+00:00,MTR-17,100.0,100.0,99.50816642234938,99.62106
2026-01-01 00:46:40+00:00,MTR-17,100.0,100.0,99.507622859296,99.57468
2026-01-01 00:46:50+00:00,MTR-17,100.0,100.0,99.5069488899063,99.565315
2026-01-01 00:47:00+00:00,MTR-17,98.58,100.0,99.50695676023714,99.56497
2026-01-01 00:47:10+00:00,MTR-17,99.55,100.0,99.50610998716907,99.541725
2026-01-01 00:47:20+00:00,MTR-17,97.51,100.0,99.50678529057126,99.54455
2026-01-01 00:47:30+00:00,MTR-17,100.0,99.79220392894538,99.50808961839577,99.52341
2026-01-01 00:47:40+00:00,MTR-17,96.79,99.2955633508092,99.22056801270219,98.96253
2026-01-01 00:47:50+00:00,MTR-17,100.0,99.24655620500893,99.5069587212353,99.533905
2026-01-01 00:48:00+00:00,MTR-17,100.0,98.13244922861925,99.50559125204516,99.56352
2026-01-01 00:48:10+00:00,MTR-17,100.0,97.9173763132042,99.5054808519901,99.54172
2026-01-01 00:48:20+00:00,MTR-17,100.0,97.09595016405771,99.50744226904453,99.60231
2026-01-01 00:48:30+00:00,MTR-17,100.0,98.46512370674185,99.50796618166085,99.562904
2026-01-01 00:48:40+00:00,MTR-17,99.4,98.96854594572426,99.50679533050001,99.54666
2026-01-01 00:48:50+00:00,MTR-17,100.0,98.4162782101562,99.50567362517752,99.53611
2026-01-01 00:49:00+00:00,MTR-17,98.34,98.41296163743472,99.50574991467741,99.43545
2026-01-01 00:49:10+00:00,MTR-17,99.69,97.1757768540642,99.50853876222443,99.57781
2026-01-01 00:49:20+00:00,MTR-17,99.15,97.34343156565501,99.50663314157616,99.54464
2026-01-01 00:49:30+00:00,MTR-17,99.49,98.69055424969531,99.50872121463009,99.508766
2026-01-01 00:49:40+00:00,MTR-17,98.39,97.91814926346643,99.50785167052523,99.57469
2026-01-01 00:49:50+00:00,MTR-17,100.0,97.83684194575466,99.50595321710948,99.5947
2026-01-01 00:50:00+00:00,MTR-17,97.2,97.71108296139734,99.50830798082617,99.50151
2026-01-01 00:50:10+00:00,MTR-17,98.56,97.21097844820197,99.50740327342405,99.545616
2026-01-01 00:50:20+00:00,MTR-17,99.95,97.46241146774238,99.50788897416253,99.522675
2026-01-01 00:50:30+00:00,MTR-17,98.74,97.82202477066846,99.50801888217146,99.478874
2026-01-01 00:50:40+00:00,MTR-17,100.0,96.58835568950623,98.86715436309915,97.89127
2026-01-01 00:50:50+00:00,MTR-17,99.9,97.28679311953736,99.5067669799692,99.64523
2026-01-01 00:51:00+00:00,MTR-17,98.63,96.46688884934866,99.45993714968267,99.551735
2026-01-01 00:51:10+00:00,MTR-17,100.0,96.13045198968804,99.43211513838581,99.53325
2026-01-01 00:51:20+00:00,MTR-17,100.0,96.03568712186441,99.50750802303952,99.46426
2026-01-01 00:51:30+00:00,MTR-17,100.0,95.70466686222706,99.50693619039468,99.545204
2026-01-01 00:51:40+00:00,MTR-17,96.91,95.83884906436961,99.50761669061222,99.51893
2026-01-01 00:51:50+00:00,MTR-17,100.0,96.2974868905398,99.50749376560051,99.569016
2026-01-01 00:52:00+00:00,MTR-17,99.43,96.07804623331639,99.5059773588409,99.56969
2026-01-01 00:52:10+00:00,MTR-17,99.95,95.8195675056484,99.50900095671149,99.56907
2026-01-01 00:52:20+00:00,MTR-17,100.0,96.47011608427758,99.50990470910966,99.5804
2026-01-01 00:52:30+00:00,MTR-17,100.0,96.18085691776646,99.50908196436993,99.65188
2026-01-01 00:52:40+00:00,MTR-17,97.26,98.38788611487952,99.50789163061008,99.6024
2026-01-01 00:52:50+00:00,MTR-17,100.0,96.84672287344742,99.49801581630395,99.572266
2026-01-01 00:53:00+00:00,MTR-17,98.43,96.36082971909073,99.50569774387287,99.56312
2026-01-01 00:53:10+00:00,MTR-17,97.49,97.26334950100659,99.50597729111811,99.196
2026-01-01 00:53:20+00:00,MTR-17,100.0,97.71574573776095,99.507102502097,99.25746
2026-01-01 00:53:30+00:00,MTR-17,99.54,98.10328306949339,99.50888308774105,99.109955
2026-01-01 00:53:40+00:00,MTR-17,98.79,98.67346117706667,99.50793603569768,99.07411
2026-01-01 00:53:50+00:00,MTR-17,100.0,98.96902755407815,99.49105752987246,99.17147
2026-01-01 00:54:00+00:00,MTR-17,97.88,96.96154223890774,99.45899148296525,99.184875
2026-01-01 00:54:10+00:00,MTR-17,100.0,97.3689424536434,99.41372847632319,99.217415
2026-01-01 00:54:20+00:00,MTR-17,100.0,97.82183020313992,99.48485195354742,99.52785
2026-01-01 00:54:30+00:00,MTR-17,99.94,97.01110387657268,98.86868526490463,98.59557
2026-01-01 00:54:40+00:00,MTR-17,99.0,97.64538632088691,99.17106258898829,98.72339
2026-01-01 00:54:50+00:00,MTR-17,98.22,97.83841237295802,99.50576195709694,99.44645
2026-01-01 00:55:00+00:00,MTR-17,100.0,96.62121594678138,99.46197985737506,99.49118
2026-01-01 00:55:10+00:00,MTR-17,97.73,98.4271888120278,99.48441879023544,99.47775
2026-01-01 00:55:20+00:00,MTR-17,97.55,99.2067301864282,99.50795123344487,99.550476
2026-01-01 00:55:30+00:00,MTR-17,100.0,99.42809064168675,99.5082593279934,99.56958
2026-01-01 00:55:40+00:00,MTR-17,100.0,98.01942380511827,99.49883435227355,99.5924
2026-01-01 00:55:50+00:00,MTR-17,98.12,99.61098304433567,99.50698528984621,99.538994
2026-01-01 00:56:00+00:00,MTR-17,100.0,99.36637623704725,99.50847540957527,99.561905
2026-01-01 00:56:10+00:00,MTR-17,99.44,98.62684792028544,99.50717625881974,99.53385
2026-01-01 00:56:20+00:00,MTR-17,100.0,97.91457003463104,99.50833561585,99.58256
2026-01-01 00:56:30+00:00,MTR-17,100.0,98.56965192249531,99.5089026946737,99.54117
2026-01-01 00:56:40+00:00,MTR-17,99.4,98.59258413825734,99.50819034246723,99.535774
2026-01-01 00:56:50+00:00,MTR-17,98.52,98.41086211127478,99.50728465638485,99.523155
2026-01-01 00:57:00+00:00,MTR-17,99.87,98.40606797935051,99.50663314157616,99.5557
2026-01-01 00:57:10+00:00,MTR-17,100.0,98.32028092566645,99.50689339288134,99.54008
2026-01-01 00:57:20+00:00,MTR-17,99.07,98.61058919022325,99.50579134399848,99.51653
2026-01-01 00:57:30+00:00,MTR-17,99.81,98.39248629984968,99.5079274282552,99.56246
2026-01-01 00:57:40+00:00,MTR-17,99.04,98.35223436943758,99.50709759531884,99.58024
2026-01-01 00:57:50+00:00,MTR-17,99.38,97.31655311405251,99.50617524976116,99.58171
2026-01-01 00:58:00+00:00,MTR-17,99.01,97.72072361520054,99.50429006518974,99.09604
2026-01-01 00:58:10+00:00,MTR-17,100.0,97.41300026790881,99.5035999825328,99.556656
2026-01-01 00:58:20+00:00,MTR-17,99.88,96.58087843337336,99.43277297631393,99.60047
2026-01-01 00:58:30+00:00,MTR-17,99.77,95.70710316446886,99.42922697385754,99.53566
2026-01-01 00:58:40+00:00,MTR-17,98.86,96.0165330294658,99.50786500981184,99.515976
2026-01-01 00:58:50+00:00,MTR-17,100.0,95.64069578436344,99.50512536501688,99.584145
2026-01-01 00:59:00+00:00,MTR-17,100.0,95.69572846983273,99.4864334394277,99.50147
2026-01-01 00:59:10+00:00,MTR-17,97.51,97.1483549294929,99.50693939456065,99.52275
2026-01-01 00:59:20+00:00,MTR-17,99.75,97.42428105650279,99.50439650948563,99.55273
2026-01-01 00:59:30+00:00,MTR-17,100.0,96.94607143968415,99.50418257591762,99.574814
2026-01-01 00:59:40+00:00,MTR-17,99.26,97.14592477197857,99.50502693383851,99.56028
2026-01-01 00:59:50+00:00,MTR-17,98.55,96.71750280289797,99.50420537022022,99.54264
2026-01-01 01:00:00+00:00,MTR-17,100.0,97.87682269355356,99.50508104582902,99.53742
2026-01-01 01:00:10+00:00,MTR-17,100.0,96.876345192912,99.46613756120652,99.57192
2026-01-01 01:00:20+00:00,MTR-17,98.7,97.11302692413423,99.50726863478546,99.49075
2026-01-01 01:00:30+00:00,MTR-17,97.53,97.42597874656629,99.50541766768114,99.503876
2026-01-01 01:00:40+00:00,MTR-17,98.91,96.96948746888339,99.5054713306828,99.517815
2026-01-01 01:00:50+00:00,MTR-17,99.0,98.47204878988505,99.50388959682172,99.48922
2026-01-01 01:01:00+00:00,MTR-17,97.63,98.21567230312732,99.50532784884119,99.54795
2026-01-01 01:01:10+00:00,MTR-17,99.23,95.7118500923887,99.40978264542868,99.56062
2026-01-01 01:01:20+00:00,MTR-17,99.98,96.51564709700381,99.50502313590356,99.51783
2026-01-01 01:01:30+00:00,MTR-17,100.0,96.37601918093867,99.50510941265303,99.53757
2026-01-01 01:01:40+00:00,MTR-17,100.0,97.65334995454296,99.50586824375175,99.51486
2026-01-01 01:01:50+00:00,MTR-17,100.0,96.85338217880293,99.42818573732139,99.469376
2026-01-01 01:02:00+00:00,MTR-17,98.32,96.88767933996198,99.50664847524877,99.56219
2026-01-01 01:02:10+00:00,MTR-17,98.75,96.36054427999984,99.4860912512203,99.4736
2026-01-01 01:02:20+00:00,MTR-17,100.0,96.84628633268414,99.3981719657536,98.984116
2026-01-01 01:02:30+00:00,MTR-17,100.0,97.8533844034588,99.48386482826709,99.438255
2026-01-01 01:02:40+00:00,MTR-17,100.0,98.32803417622632,99.50587856007559,99.53341
2026-01-01 01:02:50+00:00,MTR-17,98.85,98.17890221748401,99.50718524249588,99.528404
2026-01-01 01:03:00+00:00,MTR-17,100.0,98.17302403559356,99.50784114900561,99.57337
2026-01-01 01:03:10+00:00,MTR-17,100.0,99.20646078106269,99.50784498095851,99.555756
2026-01-01 01:03:20+00:00,MTR-17,100.0,97.66261930941903,99.50693831094918,99.50339
2026-01-01 01:03:30+00:00,MTR-17,97.75,97.6580374083087,99.5073784801141,99.55103
2026-01-01 01:03:40+00:00,MTR-17,100.0,99.64552621604064,99.50839879799648,99.54419
2026-01-01 01:03:50+00:00,MTR-17,98.23,98.81919249084999,99.5062783962572,99.48446
2026-01-01 01:04:00+00:00,MTR-17,99.68,97.513449953728,99.50897575692916,99.585144
2026-01-01 01:04:10+00:00,MTR-17,100.0,98.40801203838036,99.50663314157616,99.54777
2026-01-01 01:04:20+00:00,MTR-17,99.85,97.38117446886503,99.50929443532556,99.42936
2026-01-01 01:04:30+00:00,MTR-17,99.09,97.79670290597022,99.50768708969963,99.5347
2026-01-01 01:04:40+00:00,MTR-17,99.51,97.97801324572274,99.5057441078938,99.50871
2026-01-01 01:04:50+00:00,MTR-17,99.35,99.01723153586804,99.5070801218161,99.52688
2026-01-01 01:05:00+00:00,MTR-17,99.91,98.31496621473356,99.5058571694963,99.49278
2026-01-01 01:05:10+00:00,MTR-17,100.0,100.0,99.50786308198245,99.514336
2026-01-01 01:05:20+00:00,MTR-17,99.42,98.23394141151667,99.43683976086362,99.58528
2026-01-01 01:05:30+00:00,MTR-17,100.0,98.34720093281885,99.50689339288134,99.53847
2026-01-01 01:05:40+00:00,MTR-17,100.0,97.40193256012884,99.50953327315406,99.47164
2026-01-01 01:05:50+00:00,MTR-17,98.98,97.91265658563454,99.5075568457589,99.434105
2026-01-01 01:06:00+00:00,MTR-17,100.0,99.2822382566841,99.50748393427152,99.53789
2026-01-01 01:06:10+00:00,MTR-17,100.0,99.40696517131043,99.50767288972736,99.5456
2026-01-01 01:06:20+00:00,MTR-17,99.52,99.2894669605736,99.50811239378062,99.53735
2026-01-01 01:06:30+00:00,MTR-17,99.48,99.5555954909261,99.50584419191534,99.51587
2026-01-01 01:06:40+00:00,MTR-17,99.43,99.00578706247066,99.50669364185966,99.52526
2026-01-01 01:06:50+00:00,MTR-17,100.0,99.53228496937386,99.50829866209178,99.53824
2026-01-01 01:07:00+00:00,MTR-17,100.0,98.63643090334816,99.50738344184596,99.56812
2026-01-01 01:07:10+00:00,MTR-17,100.0,97.87157697054877,99.47012494250453,99.57943
2026-01-01 01:07:20+00:00,MTR-17,100.0,97.94335989230143,99.50744690899852,99.57308
2026-01-01 01:07:30+00:00,MTR-17,99.33,97.11254766344256,99.50696040098465,99.555954
2026-01-01 01:07:40+00:00,MTR-17,99.87,97.82665000776451,99.50771718521862,99.51764
2026-01-01 01:07:50+00:00,MTR-17,99.7,99.62008558392627,99.50653198029623,99.448296
2026-01-01 01:08:00+00:00,MTR-17,100.0,99.21776762804677,99.50785636149833,99.54815
2026-01-01 01:08:10+00:00,MTR-17,99.87,99.96231787567201,99.5083272938545,99.56805
2026-01-01 01:08:20+00:00,MTR-17,99.75,100.0,99.5057909609394,99.51688
2026-01-01 01:08:30+00:00,MTR-17,100.0,99.91629352788667,99.4648531256435,99.587776
2026-01-01 01:08:40+00:00,MTR-17,97.67,100.0,99.50623614100509,99.5452
2026-01-01 01:08:50+00:00,MTR-17,99.1,99.44239823165255,99.50902848608227,99.55819
2026-01-01 01:09:00+00:00,MTR-17,99.48,100.0,99.50697005039838,99.54672
2026-01-01 01:09:10+00:00,MTR-17,100.0,100.0,99.50710493335508,99.55933
2026-01-01 01:09:20+00:00,MTR-17,98.97,99.577968104395,99.50586728742316,99.53485
2026-01-01 01:09:30+00:00,MTR-17,99.07,100.0,99.50711190572127,99.56584
2026-01-01 01:09:40+00:00,MTR-17,98.77,100.0,99.50695586227249,99.5283
2026-01-01 01:09:50+00:00,MTR-17,99.88,99.67894626957163,99.50568587997796,99.54343
2026-01-01 01:10:00+00:00,MTR-17,99.37,100.0,99.50741282072396,99.5493
2026-01-01 01:10:10+00:00,MTR-17,99.87,99.74397359682781,99.43240649386513,99.51296
2026-01-01 01:10:20+00:00,MTR-17,100.0,100.0,99.50694993612991,99.52855
2026-01-01 01:10:30+00:00,MTR-17,100.0,99.32350727041869,99.43488371746139,99.55311
2026-01-01 01:10:40+00:00,MTR-17,99.84,98.83852591768358,99.50680245993647,99.55397
2026-01-01 01:10:50+00:00,MTR-17,100.0,99.40267615083883,99.50818254549098,99.53823
2026-01-01 01:11:00+00:00,MTR-17,98.79,99.69023988402463,99.50763079325178,99.535995
2026-01-01 01:11:10+00:00,MTR-17,100.0,99.66446611129523,99.50543248314666,99.51994
2026-01-01 01:11:20+00:00,MTR-17,100.0,98.87646911483547,99.50611894242395,99.57253
2026-01-01 01:11:30+00:00,MTR-17,99.61,99.29944716144469,99.5072588481233,99.550385
2026-01-01 01:11:40+00:00,MTR-17,99.98,98.10997742052365,99.50724456776241,99.56701
2026-01-01 01:11:50+00:00,MTR-17,100.0,96.88419736109682,99.5060005987369,99.49722
2026-01-01 01:12:00+00:00,MTR-17,100.0,96.98978628681753,99.50743136052047,99.53457
2026-01-01 01:12:10+00:00,MTR-17,99.33,98.0369867492931,99.50689536198898,99.519394
2026-01-01 01:12:20+00:00,MTR-17,99.8,97.23755747955691,99.50754843933812,99.55562
2026-01-01 01:12:30+00:00,MTR-17,100.0,98.07700328630044,99.50733876837536,99.54433
2026-01-01 01:12:40+00:00,MTR-17,99.48,97.3003818024011,99.36753112175322,99.13601
2026-01-01 01:12:50+00:00,MTR-17,100.0,97.26301056502592,99.50817520745476,99.53935
2026-01-01 01:13:00+00:00,MTR-17,98.5,97.36133481421336,99.50594541363907,99.51383
2026-01-01 01:13:10+00:00,MTR-17,99.96,97.35324710265122,99.50742265205297,99.55687
2026-01-01 01:13:20+00:00,MTR-17,100.0,95.5995534649321,99.4042899994315,99.56968
2026-01-01 01:13:30+00:00,MTR-17,100.0,96.21733415395505,99.50658521721986,99.50224
2026-01-01 01:13:40+00:00,MTR-17,99.35,96.98513351078012,99.50817606289698,99.51631
2026-01-01 01:13:50+00:00,MTR-17,100.0,96.45202158790666,99.5066713348512,99.53135
2026-01-01 01:14:00+00:00,MTR-17,100.0,96.89288102062578,99.50729706414646,99.549416
2026-01-01 01:14:10+00:00,MTR-17,98.89,95.4596059855411,99.44507401616846,99.55527
2026-01-01 01:14:20+00:00,MTR-17,100.0,95.4100289227898,99.4886996799192,99.51191
2026-01-01 01:14:30+00:00,MTR-17,100.0,95.85576323228332,99.47623293735333,99.44769
2026-01-01 01:14:40+00:00,MTR-17,100.0,95.75459622965177,99.2803829316403,99.01515
2026-01-01 01:14:50+00:00,MTR-17,97.82,96.57829684369418,99.4849029988487,99.413864
2026-01-01 01:15:00+00:00,MTR-17,99.97,97.23369356582428,99.50644360490904,99.52766
2026-01-01 01:15:10+00:00,MTR-17,99.61,97.9293014502568,99.50763086848431,99.54978
2026-01-01 01:15:20+00:00,MTR-17,99.32,98.35676968061229,99.5065752533339,99.531815
2026-01-01 01:15:30+00:00,MTR-17,100.0,97.84945984652391,99.50652936759035,99.54362
2026-01-01 01:15:40+00:00,MTR-17,100.0,98.67397290689226,99.50807313858147,99.55249
2026-01-01 01:15:50+00:00,MTR-17,100.0,99.29106227023132,99.50679002195744,99.542496
2026-01-01 01:16:00+00:00,MTR-17,100.0,98.63004796847068,99.50716854210474,99.57532
2026-01-01 01:16:10+00:00,MTR-17,98.95,99.1588372090907,99.5073406527405,99.52748
2026-01-01 01:16:20+00:00,MTR-17,99.42,99.34398843262639,99.49828757598624,99.56838
2026-01-01 01:16:30+00:00,MTR-17,100.0,99.22220702959633,99.50762096522276,99.52966
2026-01-01 01:16:40+00:00,MTR-17,99.85,99.26857849949182,99.5074007034462,99.534676
2026-01-01 01:16:50+00:00,MTR-17,100.0,99.42293074600789,99.50745116236592,99.57
2026-01-01 01:17:00+00:00,MTR-17,98.49,100.0,99.50741608059927,99.51273
2026-01-01 01:17:10+00:00,MTR-17,100.0,99.65416503787175,99.50547512377874,99.55231
2026-01-01 01:17:20+00:00,MTR-17,100.0,99.85058890268552,99.50564159236234,99.514984
2026-01-01 01:17:30+00:00,MTR-17,99.63,98.54012316838882,99.4972906931167,99.55547
2026-01-01 01:17:40+00:00,MTR-17,100.0,98.8506931560153,99.50822805537159,99.54596
2026-01-01 01:17:50+00:00,MTR-17,99.89,99.33630236338225,99.50695586227249,99.52467
2026-01-01 01:18:00+00:00,MTR-17,100.0,99.54306323871499,99.50605996413022,99.53139
2026-01-01 01:18:10+00:00,MTR-17,100.0,98.64508841490755,99.49663886204523,99.58562
2026-01-01 01:18:20+00:00,MTR-17,100.0,98.40812565905432,99.50885022382163,99.61682
2026-01-01 01:18:30+00:00,MTR-17,99.2,97.79434434095549,99.46610676890707,99.57604
2026-01-01 01:18:40+00:00,MTR-17,100.0,96.59845885311401,99.49587875466054,99.524956
2026-01-01 01:18:50+00:00,MTR-17,99.9,97.35374502017825,99.50664744779034,99.54479
2026-01-01 01:19:00+00:00,MTR-17,100.0,96.22187733682446,99.50566273760545,99.55804
2026-01-01 01:19:10+00:00,MTR-17,100.0,97.9767782238082,99.50738235828939,99.58364
2026-01-01 01:19:20+00:00,MTR-17,100.0,97.93877535177656,99.50762441095056,99.54606
2026-01-01 01:19:30+00:00,MTR-17,100.0,98.73269708639084,99.50602672139323,99.50767
2026-01-01 01:19:40+00:00,MTR-17,99.31,97.1422331201233,99.42647089253192,99.53593
2026-01-01 01:19:50+00:00,MTR-17,100.0,96.66603702317278,99.46454057716306,99.49983
2026-01-01 01:20:00+00:00,MTR-17,100.0,97.29338783599006,99.50575626191664,99.529686
2026-01-01 01:20:10+00:00,MTR-17,99.67,96.88697381893114,99.50766772470763,99.51728
2026-01-01 01:20:20+00:00,MTR-17,100.0,97.93571237974079,99.50796416983665,99.53456
2026-01-01 01:20:30+00:00,MTR-17,99.77,96.3124801377336,99.41303205903954,99.328224
2026-01-01 01:20:40+00:00,MTR-17,99.12,96.55598164929914,99.48455988805054,99.46846
2026-01-01 01:20:50+00:00,MTR-17,97.41,96.5887791178913,99.48671490927217,99.43875
2026-01-01 01:21:00+00:00,MTR-17,100.0,96.53099754401221,99.50741981332361,99.53236
2026-01-01 01:21:10+00:00,MTR-17,99.5,96.33162971692386,99.50061518734562,99.57671
2026-01-01 01:21:20+00:00,MTR-17,98.62,96.95897999162055,99.50654825344567,99.49422
2026-01-01 01:21:30+00:00,MTR-17,98.56,99.1101089437934,99.50735417977224,99.443535
2026-01-01 01:21:40+00:00,MTR-17,100.0,99.2178414425462,99.50694513095831,99.53346
2026-01-01 01:21:50+00:00,MTR-17,98.7,100.0,99.50724407685335,99.571335
2026-01-01 01:22:00+00:00,MTR-17,99.44,99.96067146774986,99.50613827784925,99.56042
2026-01-01 01:22:10+00:00,MTR-17,100.0,100.0,99.50547491407976,99.51584
2026-01-01 01:22:20+00:00,MTR-17,96.62,98.80345313373583,99.40988204311601,99.15137
2026-01-01 01:22:30+00:00,MTR-17,100.0,98.35359940419396,99.50624511852762,99.51988
2026-01-01 01:22:40+00:00,MTR-17,100.0,98.41215501083832,99.50662479944454,99.53226
2026-01-01 01:22:50+00:00,MTR-17,100.0,97.81860785111131,99.4209662558649,99.49192
2026-01-01 01:23:00+00:00,MTR-17,99.52,99.0115628028407,99.50694993612991,99.51989
2026-01-01 01:23:10+00:00,MTR-17,100.0,97.99377663624847,99.50794995822439,99.61035
2026-01-01 01:23:20+00:00,MTR-17,98.44,99.40930468984523,99.50746028332804,99.51998
2026-01-01 01:23:30+00:00,MTR-17,98.61,98.0245255288917,98.30464380134552,98.60348
2026-01-01 01:23:40+00:00,MTR-17,98.33,99.09522768778557,99.50719673914209,99.53453
2026-01-01 01:23:50+00:00,MTR-17,99.01,97.15174545327721,99.42063907074954,99.49467
2026-01-01 01:24:00+00:00,MTR-17,100.0,97.49166141560443,99.50892145904551,99.51632
2026-01-01 01:24:10+00:00,MTR-17,100.0,98.43394531367666,99.50661340348235,99.49609
2026-01-01 01:24:20+00:00,MTR-17,98.94,98.86420458563319,99.50770183251026,99.520645
2026-01-01 01:24:30+00:00,MTR-17,100.0,96.64155371785995,99.46753300948386,99.58285
2026-01-01 01:24:40+00:00,MTR-17,99.54,96.43303021458684,99.50528779414076,99.50357
2026-01-01 01:24:50+00:00,MTR-17,100.0,96.27715393190906,99.50720950113009,99.498245
2026-01-01 01:25:00+00:00,MTR-17,97.75,97.20898287929592,99.50477087409789,99.52178
2026-01-01 01:25:10+00:00,MTR-17,100.0,96.77532613606095,99.50806525895062,99.60438
2026-01-01 01:25:20+00:00,MTR-17,100.0,96.72520653262083,99.5085216389482,99.55106
2026-01-01 01:25:30+00:00,MTR-17,99.05,97.09469971035143,99.50919715999244,99.52348
2026-01-01 01:25:40+00:00,MTR-17,99.69,96.57779884318467,99.50847544906709,99.53822
2026-01-01 01:25:50+00:00,MTR-17,100.0,96.3773106035527,99.50648617294515,99.52617
2026-01-01 01:26:00+00:00,MTR-17,100.0,96.62249280958893,99.50769027113861,99.560646
2026-01-01 01:26:10+00:00,MTR-17,100.0,96.76257400337964,99.50698886767482,99.524925
2026-01-01 01:26:20+00:00,MTR-17,98.16,96.61457633810662,99.50709759531884,99.534065
2026-01-01 01:26:30+00:00,MTR-17,100.0,97.0780131910385,99.50756886417271,99.552864
2026-01-01 01:26:40+00:00,MTR-17,99.73,98.80986421184859,99.5068630212082,99.52656
2026-01-01 01:26:50+00:00,MTR-17,100.0,97.63943132432686,99.45763092923278,99.57616
2026-01-01 01:27:00+00:00,MTR-17,97.37,98.17923904491647,99.50622651066293,99.53108
2026-01-01 01:27:10+00:00,MTR-17,100.0,98.3085547290428,99.50753049512085,99.549225
2026-01-01 01:27:20+00:00,MTR-17,100.0,98.68563912466058,99.50695586227249,99.571075
2026-01-01 01:27:30+00:00,MTR-17,100.0,97.0949774240452,99.38888334617307,99.553696
2026-01-01 01:27:40+00:00,MTR-17,99.47,98.45959560653733,99.50765154512999,99.57236
2026-01-01 01:27:50+00:00,MTR-17,100.0,98.68274819668218,99.50790295837861,99.5484
2026-01-01 01:28:00+00:00,MTR-17,100.0,99.23101198026222,99.50673875393365,99.52883
2026-01-01 01:28:10+00:00,MTR-17,99.23,98.66549602360584,99.50763594866642,99.48548
2026-01-01 01:28:20+00:00,MTR-17,100.0,99.06143631146023,99.50705400008526,99.56373
2026-01-01 01:28:30+00:00,MTR-17,99.81,98.14561856784078,99.508171971092,99.48719
2026-01-01 01:28:40+00:00,MTR-17,100.0,97.6587363891708,99.50606954057926,99.474434
2026-01-01 01:28:50+00:00,MTR-17,99.82,98.73943967168854,99.50706070624429,99.4702
2026-01-01 01:29:00+00:00,MTR-17,97.99,98.67490619862245,99.1958741271717,99.08704
2026-01-01 01:29:10+00:00,MTR-17,99.03,98.91447862077955,99.50739521352395,99.47709
2026-01-01 01:29:20+00:00,MTR-17,100.0,98.09491541478923,99.50400913844949,99.41437
2026-01-01 01:29:30+00:00,MTR-17,99.52,97.66942345610565,99.29002084127177,99.5307
2026-01-01 01:29:40+00:00,MTR-17,98.51,97.14255537575843,99.42267921551925,99.4733
2026-01-01 01:29:50+00:00,MTR-17,98.61,96.5988781317368,99.50573928425155,99.37077
2026-01-01 01:30:00+00:00,MTR-17,98.43,97.02514017094857,99.50584904982888,99.52484
2026-01-01 01:30:10+00:00,MTR-17,100.0,97.58317773517247,99.51595986806312,99.546005
2026-01-01 01:30:20+00:00,MTR-17,99.16,97.8046743756964,99.50570223888427,99.49458
2026-01-01 01:30:30+00:00,MTR-17,100.0,97.79344199549647,99.50553166718304,99.60774
2026-01-01 01:30:40+00:00,MTR-17,100.0,98.31483572456122,99.50656613004188,99.538284
2026-01-01 01:30:50+00:00,MTR-17,100.0,98.43265665928878,99.50656613004188,99.5304
2026-01-01 01:31:00+00:00,MTR-17,100.0,99.53657298226005,99.50782597476059,99.65146
2026-01-01 01:31:10+00:00,MTR-17,99.74,98.62377422851065,99.50736639512931,99.61899
2026-01-01 01:31:20+00:00,MTR-17,100.0,99.68283624760411,99.50656613004188,99.53806
2026-01-01 01:31:30+00:00,MTR-17,100.0,99.8767807714405,99.50529841623596,99.49897
2026-01-01 01:31:40+00:00,MTR-17,99.32,99.45716144448161,99.50655764708596,99.56542
2026-01-01 01:31:50+00:00,MTR-17,100.0,98.79613512418672,99.42042182646139,99.41867
2026-01-01 01:32:00+00:00,MTR-17,100.0,100.0,99.50781070583602,99.51413
2026-01-01 01:32:10+00:00,MTR-17,100.0,99.34972525125461,99.5070652968684,99.495865
2026-01-01 01:32:20+00:00,MTR-17,100.0,99.75302056794686,99.50573796071065,99.53111
2026-01-01 01:32:30+00:00,MTR-17,100.0,99.77916878908407,99.5070452582546,99.530525
2026-01-01 01:32:40+00:00,MTR-17,99.86,100.0,99.50728900437277,99.53837
2026-01-01 01:32:50+00:00,MTR-17,99.05,100.0,99.5068320459213,99.518616
2026-01-01 01:33:00+00:00,MTR-17,98.27,100.0,99.50665192356283,99.53803
2026-01-01 01:33:10+00:00,MTR-17,97.12,99.29346190920913,99.50829050041658,99.48491
2026-01-01 01:33:20+00:00,MTR-17,100.0,98.42044884787708,99.33684953389229,99.56892
2026-01-01 01:33:30+00:00,MTR-17,98.8,98.85842497799842,99.47554555478835,99.37856
2026-01-01 01:33:40+00:00,MTR-17,99.2,99.41978978809414,99.50355934422429,99.46098
2026-01-01 01:33:50+00:00,MTR-17,100.0,98.60817019172657,99.50656613004188,99.51313
2026-01-01 01:34:00+00:00,MTR-17,100.0,98.58671124216357,99.50639555834061,99.50858
2026-01-01 01:34:10+00:00,MTR-17,100.0,98.74914949049298,99.50656613004188,99.512314
2026-01-01 01:34:20+00:00,MTR-17,100.0,98.12644379842244,99.42035103013944,99.57425
2026-01-01 01:34:30+00:00,MTR-17,100.0,97.48702637798246,99.507595035856,99.53867
2026-01-01 01:34:40+00:00,MTR-17,99.84,98.52317860713617,99.50547177487137,99.52471
2026-01-01 01:34:50+00:00,MTR-17,100.0,98.7749950800931,99.50780246032843,99.53698
2026-01-01 01:35:00+00:00,MTR-17,100.0,98.15975882663274,99.50532151174376,99.50817
2026-01-01 01:35:10+00:00,MTR-17,100.0,97.3129373726591,99.50601209963675,99.53887
2026-01-01 01:35:20+00:00,MTR-17,100.0,98.9545437148923,99.50431032676279,99.56569
2026-01-01 01:35:30+00:00,MTR-17,97.86,98.48943074202965,99.50501156612704,99.507324
2026-01-01 01:35:40+00:00,MTR-17,100.0,99.68772782526604,99.50380998039425,99.51504
2026-01-01 01:35:50+00:00,MTR-17,98.47,100.0,99.50595776561028,99.52243
2026-01-01 01:36:00+00:00,MTR-17,99.68,98.7030813415029,99.421254296475,99.57319
2026-01-01 01:36:10+00:00,MTR-17,99.72,99.51447045250903,99.50707185824926,99.507164
2026-01-01 01:36:20+00:00,MTR-17,99.92,99.88875768811639,99.50807246326453,99.52099
2026-01-01 01:36:30+00:00,MTR-17,100.0,100.0,99.50678547149906,99.507065
2026-01-01 01:36:40+00:00,MTR-17,100.0,100.0,99.50554689630302,99.5203
2026-01-01 01:36:50+00:00,MTR-17,99.0,100.0,99.50656613004188,99.541595
2026-01-01 01:37:00+00:00,MTR-17,99.67,100.0,99.3871868242192,99.56272
2026-01-01 01:37:10+00:00,MTR-17,100.0,99.62702484261303,99.50826274226236,99.58696
2026-01-01 01:37:20+00:00,MTR-17,100.0,100.0,99.506838964727,99.53457
2026-01-01 01:37:30+00:00,MTR-17,100.0,100.0,99.50664201102836,99.54888
2026-01-01 01:37:40+00:00,MTR-17,99.35,100.0,99.5076840112489,99.57477
2026-01-01 01:37:50+00:00,MTR-17,100.0,100.0,99.50701546257083,99.534904
2026-01-01 01:38:00+00:00,MTR-17,100.0,100.0,99.50677628548115,99.535545
2026-01-01 01:38:10+00:00,MTR-17,98.56,100.0,99.49868389699309,99.58543
2026-01-01 01:38:20+00:00,MTR-17,99.21,99.9541941823318,99.50550731256499,99.51078
2026-01-01 01:38:30+00:00,MTR-17,99.63,99.67199585640458,99.42035103013944,99.549675
2026-01-01 01:38:40+00:00,MTR-17,100.0,98.90863447521171,99.50701259332226,99.547424
2026-01-01 01:38:50+00:00,MTR-17,100.0,99.01698461239388,99.50616367305909,99.54148
2026-01-01 01:39:00+00:00,MTR-17,100.0,98.95107897019375,99.50574056351206,99.476585
2026-01-01 01:39:10+00:00,MTR-17,99.75,99.49372031602536,99.50702308849333,99.52447
2026-01-01 01:39:20+00:00,MTR-17,99.29,98.83885151147005,99.50632062959296,99.46456
2026-01-01 01:39:30+00:00,MTR-17,100.0,98.11046301903451,99.50712868639482,99.44471
2026-01-01 01:39:40+00:00,MTR-17,99.45,98.52688114433096,99.50682768784571,99.52765
2026-01-01 01:39:50+00:00,MTR-17,97.66,98.91439936594993,99.50593570568901,99.484085
2026-01-01 01:40:00+00:00,MTR-17,100.0,98.05501787813931,99.45753203236005,99.547195
2026-01-01 01:40:10+00:00,MTR-17,99.92,98.69105950164317,99.50694513095831,99.53878
2026-01-01 01:40:20+00:00,MTR-17,97.46,100.0,99.50574276033265,99.46417
2026-01-01 01:40:30+00:00,MTR-17,100.0,100.0,99.50614786618027,99.556274
2026-01-01 01:40:40+00:00,MTR-17,100.0,100.0,99.50656613004188,99.551865
2026-01-01 01:40:50+00:00,MTR-17,100.0,100.0,99.50550731256499,99.52739
2026-01-01 01:41:00+00:00,MTR-17,100.0,100.0,99.50853587265017,99.57435
2026-01-01 01:41:10+00:00,MTR-17,99.43,100.0,99.50728663267928,99.54906
2026-01-01 01:41:20+00:00,MTR-17,99.24,100.0,99.50677628548115,99.53912
2026-01-01 01:41:30+00:00,MTR-17,99.35,100.0,99.50571642178066,99.52255
2026-01-01 01:41:40+00:00,MTR-17,98.38,100.0,99.50740415405649,99.58237
2026-01-01 01:41:50+00:00,MTR-17,100.0,100.0,99.45854972344331,99.598045
2026-01-01 01:42:00+00:00,MTR-17,99.44,100.0,99.42202015962609,99.549866
2026-01-01 01:42:10+00:00,MTR-17,99.08,100.0,99.50682074913816,99.56135
2026-01-01 01:42:20+00:00,MTR-17,99.05,100.0,99.50707159732103,99.49845
2026-01-01 01:42:30+00:00,MTR-17,100.0,100.0,99.44853997456731,99.53909
2026-01-01 01:42:40+00:00,MTR-17,99.82,100.0,99.50511401496045,99.54015
2026-01-01 01:42:50+00:00,MTR-17,100.0,100.0,99.5066057137799,99.53285
2026-01-01 01:43:00+00:00,MTR-17,98.51,99.89768541016811,99.50843721480118,99.56197
2026-01-01 01:43:10+00:00,MTR-17,99.83,99.8612581540684,99.49853616626905,99.54432
2026-01-01 01:43:20+00:00,MTR-17,98.01,100.0,99.50789386183875,99.49365
2026-01-01 01:43:30+00:00,MTR-17,99.07,100.0,99.50621558860719,99.4967
2026-01-01 01:43:40+00:00,MTR-17,100.0,100.0,99.50552474837734,99.51688
2026-01-01 01:43:50+00:00,MTR-17,99.06,99.64371794877141,99.50657349353187,99.54088
2026-01-01 01:44:00+00:00,MTR-17,96.94,99.42678948775705,99.49777595045333,99.52131
2026-01-01 01:44:10+00:00,MTR-17,100.0,99.52988585917426,99.50744620775785,99.55195
2026-01-01 01:44:20+00:00,MTR-17,100.0,100.0,99.50702537002041,99.538055
2026-01-01 01:44:30+00:00,MTR-17,98.08,100.0,99.5063671552207,99.53678
2026-01-01 01:44:40+00:00,MTR-17,99.03,99.53971322022561,99.50735751081525,99.56538
2026-01-01 01:44:50+00:00,MTR-17,97.77,98.65271750737621,99.50667804936167,99.5237
2026-01-01 01:45:00+00:00,MTR-17,99.58,98.94636920468551,99.50766363924205,99.56046
2026-01-01 01:45:10+00:00,MTR-17,97.7,99.71168673876797,99.50694513095831,99.53403
2026-01-01 01:45:20+00:00,MTR-17,98.4,99.19298293396416,99.5059489927273,99.49959
2026-01-01 01:45:30+00:00,MTR-17,100.0,98.9922320500533,99.50763534035687,99.54499
2026-01-01 01:45:40+00:00,MTR-17,98.84,98.96788177916056,99.49701713501926,99.498024
2026-01-01 01:45:50+00:00,MTR-17,100.0,99.83032904545152,99.5068280973673,99.52706
2026-01-01 01:46:00+00:00,MTR-17,98.04,98.00755255452175,99.46535441296274,99.54362
2026-01-01 01:46:10+00:00,MTR-17,100.0,99.09350011855139,99.50863106329224,99.52636
2026-01-01 01:46:20+00:00,MTR-17,100.0,99.22225063266843,99.50662959719445,99.55785
2026-01-01 01:46:30+00:00,MTR-17,99.54,99.86985863423102,99.50653921394414,99.59337
2026-01-01 01:46:40+00:00,MTR-17,100.0,99.46568383418685,99.47089903331873,99.564766
2026-01-01 01:46:50+00:00,MTR-17,100.0,100.0,99.50759702286575,99.543335
2026-01-01 01:47:00+00:00,MTR-17,98.83,100.0,99.5057791010265,99.55585
2026-01-01 01:47:10+00:00,MTR-17,100.0,100.0,99.50803006711898,99.5546
2026-01-01 01:47:20+00:00,MTR-17,99.72,100.0,99.50753696683057,99.53454
2026-01-01 01:47:30+00:00,MTR-17,98.89,100.0,99.46634764577666,99.587814
2026-01-01 01:47:40+00:00,MTR-17,100.0,100.0,99.50553166718304,99.514725
2026-01-01 01:47:50+00:00,MTR-17,100.0,100.0,99.51158757986842,99.58981
2026-01-01 01:48:00+00:00,MTR-17,100.0,100.0,99.50727440608408,99.55258
2026-01-01 01:48:10+00:00,MTR-17,100.0,100.0,99.50822945775622,99.55042
2026-01-01 01:48:20+00:00,MTR-17,100.0,100.0,99.50710271304021,99.52547
2026-01-01 01:48:30+00:00,MTR-17,99.6,100.0,99.50315709126805,99.56049
2026-01-01 01:48:40+00:00,MTR-17,99.89,100.0,99.5059363365203,99.52093
2026-01-01 01:48:50+00:00,MTR-17,99.63,100.0,99.50699132083942,99.538956
2026-01-01 01:49:00+00:00,MTR-17,100.0,100.0,99.50634699718442,99.51954
2026-01-01 01:49:10+00:00,MTR-17,99.02,100.0,99.5048633787905,99.535675
2026-01-01 01:49:20+00:00,MTR-17,96.67,100.0,99.49588800849206,99.45816
2026-01-01 01:49:30+00:00,MTR-17,98.21,100.0,99.5057157417802,99.45664
2026-01-01 01:49:40+00:00,MTR-17,99.55,100.0,99.50681092800208,99.48937
2026-01-01 01:49:50+00:00,MTR-17,100.0,100.0,99.50699132083942,99.55931
2026-01-01 01:50:00+00:00,MTR-17,100.0,100.0,99.50789131647319,99.61257
2026-01-01 01:50:10+00:00,MTR-17,100.0,100.0,99.50682074913816,99.54792
2026-01-01 01:50:20+00:00,MTR-17,100.0,100.0,99.50694513095831,99.542854
2026-01-01 01:50:30+00:00,MTR-17,100.0,100.0,99.49936079448148,99.57596
2026-01-01 01:50:40+00:00,MTR-17,98.42,100.0,99.50659484642021,99.54507
2026-01-01 01:50:50+00:00,MTR-17,98.84,100.0,99.50598900412896,99.54431
2026-01-01 01:51:00+00:00,MTR-17,100.0,99.6603193847374,99.50605469027902,99.55152
2026-01-01 01:51:10+00:00,MTR-17,100.0,100.0,99.50546794171356,99.51347
2026-01-01 01:51:20+00:00,MTR-17,100.0,100.0,99.5065740381398,99.577225
2026-01-01 01:51:30+00:00,MTR-17,98.81,99.07133344493616,99.50843609640057,99.569
2026-01-01 01:51:40+00:00,MTR-17,98.99,99.50293634676875,99.50655181963945,99.55893
2026-01-01 01:51:50+00:00,MTR-17,97.91,99.33793170769792,99.5051773780831,99.56827
2026-01-01 01:52:00+00:00,MTR-17,99.33,98.62336438730459,99.50754679815958,99.55867
2026-01-01 01:52:10+00:00,MTR-17,98.82,99.23434756692828,99.50755222427703,99.48341
2026-01-01 01:52:20+00:00,MTR-17,100.0,100.0,99.50759928581219,99.53433
2026-01-01 01:52:30+00:00,MTR-17,100.0,99.58076487741911,99.48541620991142,99.5617
2026-01-01 01:52:40+00:00,MTR-17,98.95,99.05500032980723,99.50641794881444,99.552
2026-01-01 01:52:50+00:00,MTR-17,100.0,98.5708142972605,99.41437121716015,99.57989
2026-01-01 01:53:00+00:00,MTR-17,100.0,97.73659523080711,99.50633535182791,99.48536
2026-01-01 01:53:10+00:00,MTR-17,98.93,98.4405388622206,99.4813561909401,99.41742
2026-01-01 01:53:20+00:00,MTR-17,100.0,100.0,99.5111110877278,99.54232
2026-01-01 01:53:30+00:00,MTR-17,100.0,100.0,99.50768506622033,99.57823
2026-01-01 01:53:40+00:00,MTR-17,97.64,100.0,99.5052686638269,99.513176
2026-01-01 01:53:50+00:00,MTR-17,98.93,100.0,99.50725633944043,99.56612
2026-01-01 01:54:00+00:00,MTR-17,100.0,100.0,99.50100689074019,99.570885
2026-01-01 01:54:10+00:00,MTR-17,100.0,100.0,99.50595207450861,99.51884
2026-01-01 01:54:20+00:00,MTR-17,99.66,99.38543967445106,99.24412240761612,99.01663
2026-01-01 01:54:30+00:00,MTR-17,99.36,99.67286135464428,99.48174664617434,99.41606
2026-01-01 01:54:40+00:00,MTR-17,98.5,98.17788298145999,99.47677015580861,98.923294
2026-01-01 01:54:50+00:00,MTR-17,100.0,98.46025384973073,99.39432380492252,98.47354
2026-01-01 01:55:00+00:00,MTR-17,100.0,97.81357466757495,99.26021758832732,98.035545
2026-01-01 01:55:10+00:00,MTR-17,99.51,98.31208163348359,99.48232105528773,99.42085
2026-01-01 01:55:20+00:00,MTR-17,99.73,98.68383512476677,99.508277014434,99.544624
2026-01-01 01:55:30+00:00,MTR-17,99.7,99.05888961316703,99.50729440640723,99.538605
2026-01-01 01:55:40+00:00,MTR-17,99.1,99.35902603753414,99.50800626300118,99.59672
2026-01-01 01:55:50+00:00,MTR-17,100.0,98.68828711412422,99.44047075159162,99.50697
2026-01-01 01:56:00+00:00,MTR-17,100.0,98.27541034753442,99.48106969992742,99.451965
2026-01-01 01:56:10+00:00,MTR-17,100.0,98.0052830083458,99.31303265151435,98.41739
2026-01-01 01:56:20+00:00,MTR-17,98.96,97.44363171050573,98.5369918772476,98.16686
2026-01-01 01:56:30+00:00,MTR-17,100.0,98.20449136192627,99.44881035171325,99.2916
2026-01-01 01:56:40+00:00,MTR-17,99.84,98.79023390698131,99.45077167069279,99.43409
2026-01-01 01:56:50+00:00,MTR-17,100.0,98.97549170524728,99.48025490658748,99.44802
2026-01-01 01:57:00+00:00,MTR-17,99.52,99.0268863857205,99.48200065184537,99.44153
2026-01-01 01:57:10+00:00,MTR-17,97.97,99.2697634413238,99.47899394340247,99.4835
2026-01-01 01:57:20+00:00,MTR-17,100.0,99.24124812615,99.50839378338395,99.61514
2026-01-01 01:57:30+00:00,MTR-17,100.0,97.89849616218234,99.50643646994001,99.45992
2026-01-01 01:57:40+00:00,MTR-17,98.51,98.75829768973959,99.50823603327564,99.42077
2026-01-01 01:57:50+00:00,MTR-17,99.14,98.97085708164543,99.50801669181845,99.42831
2026-01-01 01:58:00+00:00,MTR-17,100.0,99.35892240345498,99.50961483528837,99.48412
2026-01-01 01:58:10+00:00,MTR-17,100.0,99.40581900879477,99.50782169049953,99.48947
2026-01-01 01:58:20+00:00,MTR-17,100.0,98.8078128160983,99.50718746422766,99.46569
2026-01-01 01:58:30+00:00,MTR-17,98.72,98.87096791188597,99.5038479800934,98.34361
2026-01-01 01:58:40+00:00,MTR-17,100.0,99.6075014180047,99.5077698888063,98.4389
2026-01-01 01:58:50+00:00,MTR-17,100.0,99.1519227202662,99.5075217165904,98.5074
2026-01-01 01:59:00+00:00,MTR-17,100.0,100.0,99.50809953829221,98.46824
2026-01-01 01:59:10+00:00,MTR-17,100.0,100.0,99.50805457564647,99.2007
2026-01-01 01:59:20+00:00,MTR-17,100.0,100.0,99.50561664712612,99.51939
2026-01-01 01:59:30+00:00,MTR-17,100.0,99.9298338688283,99.42802475819236,99.40861
2026-01-01 01:59:40+00:00,MTR-17,99.12,99.81988288679744,99.50744606337831,99.56013
2026-01-01 01:59:50+00:00,MTR-17,99.81,99.81771521054799,99.50716129873481,99.49549
2026-01-01 02:00:00+00:00,MTR-17,100.0,100.0,99.50740504485296,99.53066
2026-01-01 02:00:10+00:00,MTR-17,100.0,100.0,99.4644378724064,99.55728
2026-01-01 02:00:20+00:00,MTR-17,99.8,100.0,99.50657596137088,99.52757
2026-01-01 02:00:30+00:00,MTR-17,100.0,99.47959622582434,99.50738244105602,99.52002
2026-01-01 02:00:40+00:00,MTR-17,98.03,99.96807402463949,99.50655879200565,99.48946
2026-01-01 02:00:50+00:00,MTR-17,100.0,100.0,99.50739636073043,99.52815
2026-01-01 02:01:00+00:00,MTR-17,100.0,100.0,99.50684517875585,99.54687
2026-01-01 02:01:10+00:00,MTR-17,100.0,100.0,99.5092749893036,99.490295
2026-01-01 02:01:20+00:00,MTR-17,99.57,100.0,99.50564469528868,99.518456
2026-01-01 02:01:30+00:00,MTR-17,99.42,100.0,99.50705240704978,99.57763
2026-01-01 02:01:40+00:00,MTR-17,100.0,100.0,99.50771940407331,99.57095
2026-01-01 02:01:50+00:00,MTR-17,100.0,100.0,99.50670335261492,99.536026
2026-01-01 02:02:00+00:00,MTR-17,100.0,99.62979370295437,99.50436486619935,99.618744
2026-01-01 02:02:10+00:00,MTR-17,100.0,100.0,99.50664026320622,99.52181
2026-01-01 02:02:20+00:00,MTR-17,100.0,100.0,99.50703866670403,99.551674
2026-01-01 02:02:30+00:00,MTR-17,99.37,99.78513547461142,99.50673102705207,99.564896
2026-01-01 02:02:40+00:00,MTR-17,98.15,99.72205909782022,99.5077623850489,99.54926
2026-01-01 02:02:50+00:00,MTR-17,100.0,100.0,99.50611559407842,99.54557
2026-01-01 02:03:00+00:00,MTR-17,99.44,100.0,99.50760624936512,99.57221
2026-01-01 02:03:10+00:00,MTR-17,100.0,99.524103966411,99.50868616030245,99.555824
2026-01-01 02:03:20+00:00,MTR-17,99.82,100.0,99.43193062079426,99.55968
2026-01-01 02:03:30+00:00,MTR-17,99.86,100.0,99.50624309308274,99.521675
2026-01-01 02:03:40+00:00,MTR-17,99.89,100.0,99.50557045724504,99.51894
2026-01-01 02:03:50+00:00,MTR-17,99.66,100.0,99.50670718308776,99.565025
2026-01-01 02:04:00+00:00,MTR-17,100.0,100.0,99.50655090674144,99.55348
2026-01-01 02:04:10+00:00,MTR-17,97.29,100.0,99.50833148239944,99.50654
2026-01-01 02:04:20+00:00,MTR-17,99.65,100.0,99.50754483903795,99.558495
2026-01-01 02:04:30+00:00,MTR-17,100.0,100.0,99.50723447315171,99.57631
2026-01-01 02:04:40+00:00,MTR-17,100.0,100.0,99.50694808640151,99.518684
2026-01-01 02:04:50+00:00,MTR-17,99.93,100.0,99.50742873174187,99.576805
2026-01-01 02:05:00+00:00,MTR-17,100.0,100.0,99.5077683058589,99.503845
2026-01-01 02:05:10+00:00,MTR-17,100.0,100.0,99.50595832183913,99.51448
2026-01-01 02:05:20+00:00,MTR-17,100.0,99.9036195905361,99.49647988978974,99.39482
2026-01-01 02:05:30+00:00,MTR-17,100.0,99.02830185816545,99.46982220697544,99.56105
2026-01-01 02:05:40+00:00,MTR-17,98.87,99.74078551249761,99.50717839396071,99.492004
2026-01-01 02:05:50+00:00,MTR-17,99.77,100.0,99.50794857446085,99.48985
2026-01-01 02:06:00+00:00,MTR-17,100.0,100.0,99.50802502366402,99.53527
2026-01-01 02:06:10+00:00,MTR-17,98.48,100.0,99.50651137530798,99.50843
2026-01-01 02:06:20+00:00,MTR-17,100.0,100.0,99.50650091589013,99.476654
2026-01-01 02:06:30+00:00,MTR-17,100.0,100.0,99.50738916166576,99.54489
2026-01-01 02:06:40+00:00,MTR-17,100.0,100.0,99.50823438275718,99.578026
2026-01-01 02:06:50+00:00,MTR-17,100.0,100.0,99.5076059232481,99.565186
2026-01-01 02:07:00+00:00,MTR-17,98.12,100.0,99.50738984166622,99.4732
2026-01-01 02:07:10+00:00,MTR-17,100.0,100.0,99.50575592897225,99.540634
2026-01-01 02:07:20+00:00,MTR-17,99.17,100.0,99.50015132151084,99.52972
2026-01-01 02:07:30+00:00,MTR-17,100.0,100.0,99.50701449906312,99.50696
2026-01-01 02:07:40+00:00,MTR-17,98.4,100.0,99.50715278989547,99.45514
2026-01-01 02:07:50+00:00,MTR-17,100.0,99.59275609317646,99.50792579907602,99.5155
2026-01-01 02:08:00+00:00,MTR-17,100.0,100.0,99.50868361998234,99.51274
2026-01-01 02:08:10+00:00,MTR-17,98.19,100.0,99.50639210854605,99.48216
2026-01-01 02:08:20+00:00,MTR-17,100.0,100.0,99.5077839785699,99.5251
2026-01-01 02:08:30+00:00,MTR-17,99.08,100.0,99.50503416856245,99.543076
2026-01-01 02:08:40+00:00,MTR-17,100.0,100.0,99.5069878607506,99.53109
2026-01-01 02:08:50+00:00,MTR-17,99.08,100.0,99.50754732456178,99.501816
2026-01-01 02:09:00+00:00,MTR-17,100.0,100.0,99.50699785985033,99.52175
2026-01-01 02:09:10+00:00,MTR-17,98.46,100.0,99.50677751470025,99.52014
2026-01-01 02:09:20+00:00,MTR-17,100.0,100.0,99.50725464037963,99.55264
2026-01-01 02:09:30+00:00,MTR-17,100.0,100.0,99.5061639113732,99.54563
2026-01-01 02:09:40+00:00,MTR-17,99.65,99.76561890141296,99.50708713664946,99.54834
2026-01-01 02:09:50+00:00,MTR-17,100.0,100.0,99.50608424057229,99.53318
2026-01-01 02:10:00+00:00,MTR-17,100.0,98.80785019720172,99.49819144616264,99.52681
2026-01-01 02:10:10+00:00,MTR-17,100.0,99.74563275463112,99.50715336514435,99.519264
2026-01-01 02:10:20+00:00,MTR-17,99.23,99.99280399920555,99.4647883212704,99.56513
2026-01-01 02:10:30+00:00,MTR-17,99.2,99.43689374862785,99.47140340097414,99.505165
2026-01-01 02:10:40+00:00,MTR-17,100.0,98.58390850071119,99.5052296995957,99.5546
2026-01-01 02:10:50+00:00,MTR-17,100.0,98.43402648187143,98.92351868572095,97.86334
2026-01-01 02:11:00+00:00,MTR-17,100.0,99.08031816210394,99.48037629507273,99.46108
2026-01-01 02:11:10+00:00,MTR-17,100.0,98.68606503324246,99.28363321250949,98.96415
2026-01-01 02:11:20+00:00,MTR-17,99.93,99.24028903889607,99.50848327923391,99.515144
2026-01-01 02:11:30+00:00,MTR-17,100.0,99.96719882183697,99.50876541674741,99.50484
2026-01-01 02:11:40+00:00,MTR-17,100.0,99.6255128151001,99.50746792220598,99.521996
2026-01-01 02:11:50+00:00,MTR-17,99.76,100.0,99.50795809313215,99.513374
2026-01-01 02:12:00+00:00,MTR-17,99.52,100.0,99.50681130302604,99.52519
2026-01-01 02:12:10+00:00,MTR-17,99.96,100.0,99.50680746986826,99.58244
2026-01-01 02:12:20+00:00,MTR-17,100.0,100.0,99.509139274331,99.53546
2026-01-01 02:12:30+00:00,MTR-17,99.76,100.0,99.50711526606766,99.53404
2026-01-01 02:12:40+00:00,MTR-17,100.0,100.0,99.50668532865453,99.51356
2026-01-01 02:12:50+00:00,MTR-17,97.46,100.0,99.50824739265057,99.48191
2026-01-01 02:13:00+00:00,MTR-17,98.76,100.0,99.43064109860065,99.470024
2026-01-01 02:13:10+00:00,MTR-17,100.0,100.0,99.50727191765111,99.52348
2026-01-01 02:13:20+00:00,MTR-17,99.63,100.0,99.50732421806939,99.50624
2026-01-01 02:13:30+00:00,MTR-17,98.77,100.0,99.50748023896007,99.495636
2026-01-01 02:13:40+00:00,MTR-17,100.0,100.0,99.50635006053386,99.530495
2026-01-01 02:13:50+00:00,MTR-17,100.0,100.0,99.50703960502138,99.495834
2026-01-01 02:14:00+00:00,MTR-17,100.0,100.0,99.50633491323477,99.55118
2026-01-01 02:14:10+00:00,MTR-17,97.8,100.0,99.50784859157768,99.53002
2026-01-01 02:14:20+00:00,MTR-17,100.0,100.0,99.50705765293485,99.54531
2026-01-01 02:14:30+00:00,MTR-17,100.0,99.71533018374039,99.50733418175741,99.58448
2026-01-01 02:14:40+00:00,MTR-17,100.0,100.0,99.50614052814403,99.52346
2026-01-01 02:14:50+00:00,MTR-17,99.81,100.0,99.50655879200565,99.492615
2026-01-01 02:15:00+00:00,MTR-17,98.64,100.0,99.50755327050067,99.48953
2026-01-01 02:15:10+00:00,MTR-17,100.0,100.0,99.50617213872255,99.53169
2026-01-01 02:15:20+00:00,MTR-17,98.68,100.0,99.50655879200565,99.49886
2026-01-01 02:15:30+00:00,MTR-17,98.03,100.0,99.50507778355203,99.5117
2026-01-01 02:15:40+00:00,MTR-17,98.29,100.0,99.5072391700752,99.49939
2026-01-01 02:15:50+00:00,MTR-17,100.0,100.0,99.50547491407976,99.5469
2026-01-01 02:16:00+00:00,MTR-17,100.0,100.0,99.46482627694711,99.540855
2026-01-01 02:16:10+00:00,MTR-17,98.97,100.0,99.50678711840187,99.53147
2026-01-01 02:16:20+00:00,MTR-17,100.0,100.0,99.43259973715969,99.501
2026-01-01 02:16:30+00:00,MTR-17,99.13,100.0,99.50610325699454,99.52358
2026-01-01 02:16:40+00:00,MTR-17,98.65,100.0,99.50735341088755,99.46302
2026-01-01 02:16:50+00:00,MTR-17,100.0,100.0,99.5075963261336,99.48766
2026-01-01 02:17:00+00:00,MTR-17,100.0,100.0,99.44804451908321,99.46193
2026-01-01 02:17:10+00:00,MTR-17,99.17,100.0,99.50822497642409,99.464676
2026-01-01 02:17:20+00:00,MTR-17,99.06,100.0,99.50737853162018,99.58563
2026-01-01 02:17:30+00:00,MTR-17,99.15,100.0,99.50614052814403,99.49938
2026-01-01 02:17:40+00:00,MTR-17,100.0,100.0,99.50031862034959,99.524605
2026-01-01 02:17:50+00:00,MTR-17,98.19,100.0,99.50771495839027,99.54968
2026-01-01 02:18:00+00:00,MTR-17,100.0,100.0,99.46383536471028,99.31653
2026-01-01 02:18:10+00:00,MTR-17,100.0,99.91967542706587,99.50637188304601,99.52354
2026-01-01 02:18:20+00:00,MTR-17,99.11,100.0,99.50755732985846,99.34848
2026-01-01 02:18:30+00:00,MTR-17,100.0,99.7654860288888,99.50554918874076,99.551025
2026-01-01 02:18:40+00:00,MTR-17,85.05,96.43689589156628,85.7654326484627,84.265175
2026-01-01 02:18:50+00:00,MTR-17,85.41,93.68824882171842,86.06220468374211,85.37749
2026-01-01 02:19:00+00:00,MTR-17,84.7,91.14541680207586,84.70539805148559,84.38053
2026-01-01 02:19:10+00:00,MTR-17,83.49,88.9454242329486,84.38034706543462,83.667984
2026-01-01 02:19:20+00:00,MTR-17,83.48,87.75552611941414,83.3782438095238,84.760216
2026-01-01 02:19:30+00:00,MTR-17,85.32,85.36631251667215,84.36943270276012,83.78466
2026-01-01 02:19:40+00:00,MTR-17,84.57,85.02258256522754,83.72899766680347,82.485146
2026-01-01 02:19:50+00:00,MTR-17,81.79,83.22496874144967,82.46451624462033,82.366394
2026-01-01 02:20:00+00:00,MTR-17,84.76,83.7147847643264,83.29167925409037,82.75174
2026-01-01 02:20:10+00:00,MTR-17,84.31,82.14303113433134,83.06580055764407,82.59814
2026-01-01 02:20:20+00:00,MTR-17,83.62,83.27314711063035,81.7903720224771,82.24912
2026-01-01 02:20:30+00:00,MTR-17,86.01,82.03989394953999,83.43046952192806,82.20139
2026-01-01 02:20:40+00:00,MTR-17,82.38,81.77078481157976,82.43464195705545,81.5574
2026-01-01 02:20:50+00:00,MTR-17,83.63,81.86211708728311,82.43898202379407,81.60753
2026-01-01 02:21:00+00:00,MTR-17,83.05,80.51335073113341,82.5443835798616,81.47835
2026-01-01 02:21:10+00:00,MTR-17,83.65,80.18270921585506,82.62044395511576,80.366264
2026-01-01 02:21:20+00:00,MTR-17,82.89,81.85576824245233,82.53685394091029,80.271194
2026-01-01 02:21:30+00:00,MTR-17,84.74,80.71284559296421,82.38355960617082,80.66498
2026-01-01 02:21:40+00:00,MTR-17,80.87,81.68804292577863,81.74467833963139,79.588196
2026-01-01 02:21:50+00:00,MTR-17,80.43,80.3841417537076,81.60474307015072,80.295525
2026-01-01 02:22:00+00:00,MTR-17,82.26,81.47608282334328,81.43874508621688,80.7495
2026-01-01 02:22:10+00:00,MTR-17,81.61,80.87717843816621,80.70363620399294,80.61449
2026-01-01 02:22:20+00:00,MTR-17,80.21,79.48277553392266,80.02292413578266,80.41912
2026-01-01 02:22:30+00:00,MTR-17,81.52,80.66044766829819,79.80850275447759,79.856026
2026-01-01 02:22:40+00:00,MTR-17,79.78,81.16862170550014,79.76165673698321,80.197365
2026-01-01 02:22:50+00:00,MTR-17,81.73,80.37774849432661,79.75928262904705,80.252235
2026-01-01 02:23:00+00:00,MTR-17,79.82,80.64611753193219,79.3717059930783,79.62953
2026-01-01 02:23:10+00:00,MTR-17,79.04,81.28902598854258,79.40455556639277,79.58464
2026-01-01 02:23:20+00:00,MTR-17,80.53,81.71535579717809,79.4473103888481,79.66694
2026-01-01 02:23:30+00:00,MTR-17,80.2,81.33971114321484,79.4030844772367,79.692276
2026-01-01 02:23:40+00:00,MTR-17,79.94,82.52025015781982,79.38754992742359,79.611115
2026-01-01 02:23:50+00:00,MTR-17,78.7,80.13781004621899,79.02728830613013,79.64051
2026-01-01 02:24:00+00:00,MTR-17,77.68,81.0506990365965,79.1541422743926,79.38431
2026-01-01 02:24:10+00:00,MTR-17,79.34,79.88582969067691,79.01242506809187,79.534386
2026-01-01 02:24:20+00:00,MTR-17,79.0,80.11335529070521,79.0021847352885,79.52774
2026-01-01 02:24:30+00:00,MTR-17,79.79,80.5287560288546,79.0026631844171,79.55864
2026-01-01 02:24:40+00:00,MTR-17,79.29,80.62142372040205,78.96515461895673,79.47644
2026-01-01 02:24:50+00:00,MTR-17,80.52,79.92316111133816,79.41507899035882,79.20554
2026-01-01 02:25:00+00:00,MTR-17,79.37,79.89853481019918,78.61233536141827,78.721756
2026-01-01 02:25:10+00:00,MTR-17,76.98,79.96556893430494,76.64114807369992,78.117455
2026-01-01 02:25:20+00:00,MTR-17,77.06,80.2783894360156,76.56239985963124,76.97316
2026-01-01 02:25:30+00:00,MTR-17,79.01,79.94125891836602,76.5260349172621,77.10831
2026-01-01 02:25:40+00:00,MTR-17,76.87,78.88838535221807,76.46281777704118,77.1944
2026-01-01 02:25:50+00:00,MTR-17,77.78,78.7874848833508,76.434062538662,77.11106
2026-01-01 02:26:00+00:00,MTR-17,77.0,79.4012748501165,76.399232879613,77.400566
2026-01-01 02:26:10+00:00,MTR-17,76.64,77.10115156066831,76.41064546985848,76.864845
2026-01-01 02:26:20+00:00,MTR-17,77.26,77.21540014618435,76.65705595590423,77.0303
2026-01-01 02:26:30+00:00,MTR-17,78.12,78.3487562802819,76.2937735056521,77.260605
2026-01-01 02:26:40+00:00,MTR-17,77.84,78.05936595071125,76.35055634503702,77.23354
2026-01-01 02:26:50+00:00,MTR-17,77.42,77.87775797432278,76.84558897770764,76.85875
2026-01-01 02:27:00+00:00,MTR-17,75.43,77.87289658077478,76.61680301399522,75.8116
2026-01-01 02:27:10+00:00,MTR-17,75.16,77.94826985903677,76.12143402598953,75.64953
2026-01-01 02:27:20+00:00,MTR-17,74.13,77.19216479687705,76.13566226411459,75.69671
2026-01-01 02:27:30+00:00,MTR-17,77.05,77.88928834310732,76.16045489343182,75.86975
2026-01-01 02:27:40+00:00,MTR-17,74.92,77.99677032647713,76.09280323993923,75.78426
2026-01-01 02:27:50+00:00,MTR-17,75.83,76.63202229775057,76.15489559588649,75.51423
2026-01-01 02:28:00+00:00,MTR-17,77.43,75.97120245136959,76.25504116548633,75.41091
2026-01-01 02:28:10+00:00,MTR-17,73.11,76.8535369899518,75.9756295397022,75.52952
2026-01-01 02:28:20+00:00,MTR-17,77.64,77.15351146225981,75.93330513250667,75.33394
2026-01-01 02:28:30+00:00,MTR-17,74.04,76.60171122320938,75.52619914051532,75.37773
2026-01-01 02:28:40+00:00,MTR-17,74.67,75.55083931866032,75.37380833388923,74.54003
2026-01-01 02:28:50+00:00,MTR-17,74.3,77.12984719411807,75.21212127864428,74.837135
2026-01-01 02:29:00+00:00,MTR-17,74.88,75.4125170412251,75.04435654136384,74.496315
2026-01-01 02:29:10+00:00,MTR-17,75.44,76.22781625278796,75.04121720415402,75.143486
2026-01-01 02:29:20+00:00,MTR-17,73.34,75.53136982341418,74.28782943350718,73.76802
2026-01-01 02:29:30+00:00,MTR-17,74.66,75.41468435892924,73.93726224091755,75.03357
2026-01-01 02:29:40+00:00,MTR-17,71.3,74.96658470795876,72.57072473685251,74.14933
2026-01-01 02:29:50+00:00,MTR-17,74.82,75.0276548794541,73.72878418088918,74.82462
2026-01-01 02:30:00+00:00,MTR-17,74.1,75.25970050933046,74.30819289872831,74.78531
2026-01-01 02:30:10+00:00,MTR-17,73.96,74.70933101037352,73.82858831810994,74.59349
2026-01-01 02:30:20+00:00,MTR-17,72.8,74.33843827044704,73.75501866969236,74.52783
2026-01-01 02:30:30+00:00,MTR-17,73.2,74.02681524365815,73.05128169972954,74.505005
2026-01-01 02:30:40+00:00,MTR-17,72.36,74.11915610104104,73.00292934625334,73.52233
2026-01-01 02:30:50+00:00,MTR-17,72.86,74.29734514092316,73.04690610292913,73.65733
2026-01-01 02:31:00+00:00,MTR-17,74.07,73.22539565380849,73.03497148160145,73.60399
2026-01-01 02:31:10+00:00,MTR-17,72.62,73.17907962606989,72.90751743250675,73.0774
2026-01-01 02:31:20+00:00,MTR-17,71.94,72.06738754319366,72.67540206760015,71.87941
2026-01-01 02:31:30+00:00,MTR-17,70.66,71.82584621373071,72.63611446236276,71.8951
2026-01-01 02:31:40+00:00,MTR-17,72.46,71.76792443128144,72.29112942102161,72.93478
2026-01-01 02:31:50+00:00,MTR-17,71.89,69.94247391962922,72.02767074492175,71.87071
2026-01-01 02:32:00+00:00,MTR-17,71.08,70.23390434532087,71.7895683532206,70.55318
2026-01-01 02:32:10+00:00,MTR-17,72.48,70.59357468871468,71.76504538835496,70.03368
2026-01-01 02:32:20+00:00,MTR-17,70.48,70.83726077063106,71.55934571888298,69.528564
2026-01-01 02:32:30+00:00,MTR-17,69.97,70.25079733241974,71.03152512417198,69.3888
2026-01-01 02:32:40+00:00,MTR-17,72.05,70.77490195662169,71.63921814746901,69.42778
2026-01-01 02:32:50+00:00,MTR-17,71.64,71.05626525849738,71.13470271738011,69.63651
2026-01-01 02:33:00+00:00,MTR-17,70.63,69.3123704064999,69.89184308346597,68.71476
2026-01-01 02:33:10+00:00,MTR-17,69.83,70.13853674232843,69.62876984120774,68.586975
2026-01-01 02:33:20+00:00,MTR-17,69.44,70.21280179206543,69.7484740742788,68.588615
2026-01-01 02:33:30+00:00,MTR-17,71.26,71.30614028083698,70.2476437379804,68.7085
2026-01-01 02:33:40+00:00,MTR-17,70.57,70.77782913952696,69.81335116281973,68.958496
2026-01-01 02:33:50+00:00,MTR-17,67.74,70.24307300095491,69.41262396744499,69.49236
2026-01-01 02:34:00+00:00,MTR-17,68.12,69.4716919745319,68.88955549862975,68.75472
2026-01-01 02:34:10+00:00,MTR-17,67.0,70.58087207874536,68.9396533907004,68.98713
2026-01-01 02:34:20+00:00,MTR-17,68.89,69.2084117124468,68.86750139123448,68.23318
2026-01-01 02:34:30+00:00,MTR-17,68.5,69.10126857775865,68.78932839261107,69.253944
2026-01-01 02:34:40+00:00,MTR-17,69.82,68.10555384983849,68.98761631535255,69.05309
2026-01-01 02:34:50+00:00,MTR-17,68.13,68.39512974912395,68.55364024242827,69.29458
2026-01-01 02:35:00+00:00,MTR-17,66.69,68.09249105198813,68.15795626006684,68.53702
2026-01-01 02:35:10+00:00,MTR-17,67.66,67.68866160545709,67.56196436571872,68.85879
2026-01-01 02:35:20+00:00,MTR-17,67.74,66.32310929827204,67.35661330963984,67.92347
2026-01-01 02:35:30+00:00,MTR-17,66.05,66.39649396961693,66.4491349569843,67.87796
2026-01-01 02:35:40+00:00,MTR-17,65.93,65.2881122201272,66.3741502089065,65.98396
2026-01-01 02:35:50+00:00,MTR-17,66.39,66.4956469663841,66.41338486411037,66.74306
2026-01-01 02:36:00+00:00,MTR-17,69.63,66.49197268295995,66.61545722299203,66.02489
2026-01-01 02:36:10+00:00,MTR-17,66.17,67.77295479312708,66.36737443678612,66.74
2026-01-01 02:36:20+00:00,MTR-17,65.44,66.96367581551849,66.20813344121504,66.236694
2026-01-01 02:36:30+00:00,MTR-17,67.86,66.73195127687245,65.83672972992102,66.16656
2026-01-01 02:36:40+00:00,MTR-17,65.04,67.17518226736993,65.10726454432549,66.10035
2026-01-01 02:36:50+00:00,MTR-17,65.06,67.20509257196183,64.97006535230484,64.75688
2026-01-01 02:37:00+00:00,MTR-17,64.27,65.44139988933107,64.56608816752109,63.83908
2026-01-01 02:37:10+00:00,MTR-17,63.42,65.01354934668383,64.31004564943687,63.64875
2026-01-01 02:37:20+00:00,MTR-17,64.08,64.3010866414968,63.90738551582112,63.005077
2026-01-01 02:37:30+00:00,MTR-17,63.05,65.46886328288073,63.94178091097965,63.26467
2026-01-01 02:37:40+00:00,MTR-17,65.9,65.33735787458107,64.20769513747692,63.212124
2026-01-01 02:37:50+00:00,MTR-17,64.21,64.57557151160165,63.27729306616208,63.180622
2026-01-01 02:38:00+00:00,MTR-17,60.82,64.16845036707713,61.92792416990896,62.110523
2026-01-01 02:38:10+00:00,MTR-17,63.29,64.08670666717697,62.47537194938458,62.692398
2026-01-01 02:38:20+00:00,MTR-17,61.94,64.35668774048335,62.37567490845672,62.330128
2026-01-01 02:38:30+00:00,MTR-17,63.87,62.493342546706856,62.78561732704001,62.122707
2026-01-01 02:38:40+00:00,MTR-17,61.53,62.17307733947864,62.485429185705655,61.894398
2026-01-01 02:38:50+00:00,MTR-17,62.95,61.53270705557138,62.66510702840781,62.32751
2026-01-01 02:39:00+00:00,MTR-17,61.58,61.11663086535395,61.947783557688865,63.156406
2026-01-01 02:39:10+00:00,MTR-17,63.36,61.0265599293094,62.09607359403797,63.004337
2026-01-01 02:39:20+00:00,MTR-17,61.65,61.777269782464636,61.54261216372249,62.204865
2026-01-01 02:39:30+00:00,MTR-17,60.84,60.01077388195999,61.66978428958569,62.30264
2026-01-01 02:39:40+00:00,MTR-17,63.27,60.632659285491286,61.79899583466579,60.63407
2026-01-01 02:39:50+00:00,MTR-17,60.02,59.06620991703106,60.74757860961721,60.36471
2026-01-01 02:40:00+00:00,MTR-17,62.1,58.822418801770134,61.3323628075515,60.26239
2026-01-01 02:40:10+00:00,MTR-17,60.3,58.59227273821476,60.393672862596226,58.45211
2026-01-01 02:40:20+00:00,MTR-17,60.52,58.247523725197006,59.90749275562153,58.840927
2026-01-01 02:40:30+00:00,MTR-17,58.76,58.50935342021267,58.796604966257014,58.670296
2026-01-01 02:40:40+00:00,MTR-17,59.99,59.694799693789314,58.921038416461926,58.599056
2026-01-01 02:40:50+00:00,MTR-17,56.54,58.4743402352981,57.55908312653703,57.922005
2026-01-01 02:41:00+00:00,MTR-17,58.67,59.87994104644518,58.034033014241054,57.98006
2026-01-01 02:41:10+00:00,MTR-17,58.0,59.50701096685379,57.95317888935464,58.176247
2026-01-01 02:41:20+00:00,MTR-17,57.43,57.796656899943045,57.44573531625753,57.985104
2026-01-01 02:41:30+00:00,MTR-17,57.67,57.46455497949971,57.504413455495694,56.806698
2026-01-01 02:41:40+00:00,MTR-17,57.67,56.36171691668552,57.30786034686293,56.975773
2026-01-01 02:41:50+00:00,MTR-17,58.1,55.82761466799451,57.23539610522387,56.711388
2026-01-01 02:42:00+00:00,MTR-17,57.52,57.14360929458688,57.457561707843794,57.62307
2026-01-01 02:42:10+00:00,MTR-17,56.75,56.76519095326382,56.8821800576329,56.91562
2026-01-01 02:42:20+00:00,MTR-17,56.23,57.63973724970753,56.91467317860686,56.45988
2026-01-01 02:42:30+00:00,MTR-17,57.58,56.71872478645844,56.83626869959477,56.3333
2026-01-01 02:42:40+00:00,MTR-17,55.41,56.78260869975079,56.72542190909439,56.28653
2026-01-01 02:42:50+00:00,MTR-17,55.36,55.48001069803681,56.206200199744,56.156868
2026-01-01 02:43:00+00:00,MTR-17,55.31,55.09486252159167,56.11587996459229,56.338245
2026-01-01 02:43:10+00:00,MTR-17,56.29,55.32157997988217,56.314139445582356,56.754158
2026-01-01 02:43:20+00:00,MTR-17,57.34,56.50242994894745,56.46074188831973,56.63298
2026-01-01 02:43:30+00:00,MTR-17,54.37,55.23245956520671,55.5905328273451,55.849808
2026-01-01 02:43:40+00:00,MTR-17,56.66,55.993898140985394,56.88287590896249,57.130844
2026-01-01 02:43:50+00:00,MTR-17,59.0,56.47450669514426,57.44529973488734,56.956654
2026-01-01 02:44:00+00:00,MTR-17,57.59,55.89405702335982,56.84966740110413,56.949337
2026-01-01 02:44:10+00:00,MTR-17,57.88,55.675976372243355,56.95467796660556,56.901054
2026-01-01 02:44:20+00:00,MTR-17,58.2,55.54500085564863,56.84227236085608,56.767097
2026-01-01 02:44:30+00:00,MTR-17,55.79,55.88817071689175,56.06183539743471,56.241013
2026-01-01 02:44:40+00:00,MTR-17,57.18,55.19332386536548,56.54502423478791,56.49595
2026-01-01 02:44:50+00:00,MTR-17,54.43,54.71566070089642,56.08313407859122,55.94043
2026-01-01 02:45:00+00:00,MTR-17,55.41,54.50510435144041,55.751393261552295,55.28892
2026-01-01 02:45:10+00:00,MTR-17,55.63,54.6637858392182,55.74404641586304,55.44449
2026-01-01 02:45:20+00:00,MTR-17,56.71,54.11606177995838,55.58003507911366,55.33529
2026-01-01 02:45:30+00:00,MTR-17,54.57,53.457878159876266,55.29842628381992,55.030323
2026-01-01 02:45:40+00:00,MTR-17,56.48,53.46424954077812,55.127119909981275,55.546764
2026-01-01 02:45:50+00:00,MTR-17,54.96,52.52080640296798,54.827771087020835,53.323517
2026-01-01 02:46:00+00:00,MTR-17,53.68,52.937596035871245,54.46908355180048,53.151127
2026-01-01 02:46:10+00:00,MTR-17,55.49,52.54198527227174,54.5473144115331,53.11085
2026-01-01 02:46:20+00:00,MTR-17,53.31,52.92949007857415,53.91548081941959,53.12538
2026-01-01 02:46:30+00:00,MTR-17,51.53,53.74347081129338,53.41675965536263,52.743813
2026-01-01 02:46:40+00:00,MTR-17,53.63,53.37422085789501,53.67873072615339,52.744698
2026-01-01 02:46:50+00:00,MTR-17,54.02,53.48229738180409,53.63883359718515,52.032883
2026-01-01 02:47:00+00:00,MTR-17,53.92,52.31784773226066,53.50016722744367,52.195724
2026-01-01 02:47:10+00:00,MTR-17,54.5,52.00652675299994,53.496518047237124,52.867176
2026-01-01 02:47:20+00:00,MTR-17,53.09,52.29219830125833,53.347684106575095,52.729877
2026-01-01 02:47:30+00:00,MTR-17,53.31,52.00927242546513,53.30441888072684,52.100906
2026-01-01 02:47:40+00:00,MTR-17,53.4,51.918015194837324,53.15563040687835,51.670975
2026-01-01 02:47:50+00:00,MTR-17,51.49,51.836373025584194,52.33432719090427,51.87869
2026-01-01 02:48:00+00:00,MTR-17,52.82,51.76907762327821,52.7506002584051,51.976246
2026-01-01 02:48:10+00:00,MTR-17,51.4,51.659362719278306,52.51819508958599,51.654408
2026-01-01 02:48:20+00:00,MTR-17,53.39,51.31699309556955,52.52842541066967,52.20493
2026-01-01 02:48:30+00:00,MTR-17,50.11,51.4506532147268,51.49581950873643,51.216766
2026-01-01 02:48:40+00:00,MTR-17,52.44,51.06017673773465,52.32301105493154,51.524204
2026-01-01 02:48:50+00:00,MTR-17,52.93,50.69592341986796,51.83153310512013,50.428314
2026-01-01 02:49:00+00:00,MTR-17,51.59,51.813991028150944,51.714469575110535,51.02576
2026-01-01 02:49:10+00:00,MTR-17,47.76,50.21325075228015,49.68105129841398,49.504612
2026-01-01 02:49:20+00:00,MTR-17,49.51,49.78642783313542,49.82043920047489,50.573246
2026-01-01 02:49:30+00:00,MTR-17,49.31,50.359287228955,49.74269320831459,49.47093
2026-01-01 02:49:40+00:00,MTR-17,51.39,48.3581603365548,50.033402802392466,50.076103
2026-01-01 02:49:50+00:00,MTR-17,51.19,49.50715269409884,50.33417743166408,50.042423
2026-01-01 02:50:00+00:00,MTR-17,48.49,50.38183145781207,49.47265785221843,49.35919
2026-01-01 02:50:10+00:00,MTR-17,50.75,50.36375245073268,50.698416354021504,50.44326
2026-01-01 02:50:20+00:00,MTR-17,47.46,49.60595212123518,48.77902967317102,49.15316
2026-01-01 02:50:30+00:00,MTR-17,47.56,49.48335774716712,48.52029827311855,49.46832
2026-01-01 02:50:40+00:00,MTR-17,47.86,48.5260657276514,48.41533195524473,48.74398
2026-01-01 02:50:50+00:00,MTR-17,48.75,49.680148417931214,48.58703803833314,48.818504
2026-01-01 02:51:00+00:00,MTR-17,48.68,49.325234783818786,48.58408296000505,48.951344
2026-01-01 02:51:10+00:00,MTR-17,46.63,49.33535233693663,47.458934562834784,48.760612
2026-01-01 02:51:20+00:00,MTR-17,48.05,48.39103201999558,47.703100757597866,48.25651
2026-01-01 02:51:30+00:00,MTR-17,48.13,48.27614356664086,47.278787694730845,48.73111
2026-01-01 02:51:40+00:00,MTR-17,47.39,47.960267851006066,47.23038137865316,48.68047
2026-01-01 02:51:50+00:00,MTR-17,45.15,48.511702002055266,46.29308701055481,47.097725
2026-01-01 02:52:00+00:00,MTR-17,47.0,48.54520523434276,46.48465080024994,47.032562
2026-01-01 02:52:10+00:00,MTR-17,46.98,48.30371098553378,46.708882496450705,47.318768
2026-01-01 02:52:20+00:00,MTR-17,45.16,47.757162770519,46.00899189974295,47.19378
2026-01-01 02:52:30+00:00,MTR-17,46.77,46.18775384327337,46.40120679217535,46.36037
2026-01-01 02:52:40+00:00,MTR-17,45.77,46.71049211717121,45.8208638562321,45.738895
2026-01-01 02:52:50+00:00,MTR-17,44.72,45.31719810506397,45.3794758153765,45.912163
2026-01-01 02:53:00+00:00,MTR-17,46.59,45.92951935716272,45.54019973011626,46.18535
2026-01-01 02:53:10+00:00,MTR-17,45.07,45.12378158163183,45.002221400374694,45.749096
2026-01-01 02:53:20+00:00,MTR-17,46.0,45.044063783202276,44.85617587399841,44.947975
2026-01-01 02:53:30+00:00,MTR-17,43.01,46.59600428588058,44.55013004724168,46.05293
2026-01-01 02:53:40+00:00,MTR-17,44.32,45.998871064072155,44.63827037263939,45.176712
2026-01-01 02:53:50+00:00,MTR-17,44.79,45.68970645177578,45.062564866063305,45.29835
2026-01-01 02:54:00+00:00,MTR-17,44.45,45.02494413702693,44.82480688236685,45.43677
2026-01-01 02:54:10+00:00,MTR-17,46.65,44.98288529988255,45.68756990660039,45.434082
2026-01-01 02:54:20+00:00,MTR-17,43.83,44.67281885052678,44.71173818731295,44.477097
2026-01-01 02:54:30+00:00,MTR-17,44.25,43.06730661808499,44.62663771858135,43.946423
2026-01-01 02:54:40+00:00,MTR-17,43.6,43.20659068563329,44.207093190757675,44.065865
2026-01-01 02:54:50+00:00,MTR-17,45.2,42.866054521860974,44.74931063976792,44.15425
2026-01-01 02:55:00+00:00,MTR-17,42.57,42.84523592965697,43.99599256584326,43.434036
2026-01-01 02:55:10+00:00,MTR-17,43.66,42.63659765847737,44.095162205658426,42.86208
2026-01-01 02:55:20+00:00,MTR-17,44.23,41.82048678025328,44.07590862107227,42.69094
2026-01-01 02:55:30+00:00,MTR-17,44.5,41.90586219657455,43.675098309405215,42.6173
2026-01-01 02:55:40+00:00,MTR-17,42.22,41.927971846624786,42.6065856521541,42.602192
2026-01-01 02:55:50+00:00,MTR-17,42.09,42.924293882527174,42.34888817955151,42.32068
2026-01-01 02:56:00+00:00,MTR-17,43.29,42.02962911539896,42.653274115329765,42.562588
2026-01-01 02:56:10+00:00,MTR-17,43.14,42.21345672884716,42.61744025404839,42.707413
2026-01-01 02:56:20+00:00,MTR-17,42.09,41.29379219978618,42.36999652215447,42.723946
2026-01-01 02:56:30+00:00,MTR-17,42.45,39.03230481409939,42.37463950637023,42.102745
2026-01-01 02:56:40+00:00,MTR-17,41.95,39.69594507158455,42.10173174304111,41.967678
2026-01-01 02:56:50+00:00,MTR-17,40.69,40.07145381559815,41.28966150490493,41.325428
2026-01-01 02:57:00+00:00,MTR-17,42.24,39.20369998345362,41.568016776215536,42.122322
2026-01-01 02:57:10+00:00,MTR-17,41.03,38.902655370667105,41.08714929056089,41.677494
2026-01-01 02:57:20+00:00,MTR-17,40.86,39.22597314466747,40.63087544363049,41.84281
2026-01-01 02:57:30+00:00,MTR-17,39.43,39.15758521114284,39.827501598956594,40.400383
2026-01-01 02:57:40+00:00,MTR-17,41.41,39.030714563632586,40.29908416080826,40.364292
2026-01-01 02:57:50+00:00,MTR-17,37.29,38.87513136487884,38.446053610379145,39.74603
2026-01-01 02:58:00+00:00,MTR-17,40.0,38.791681049698184,38.91232265512262,39.40943
2026-01-01 02:58:10+00:00,MTR-17,38.39,39.29867738478733,38.84583337542084,39.502502
2026-01-01 02:58:20+00:00,MTR-17,38.65,38.1954041445834,38.61536803511305,38.787006
2026-01-01 02:58:30+00:00,MTR-17,39.54,39.1271626017558,39.119189978354974,39.618675
2026-01-01 02:58:40+00:00,MTR-17,39.54,38.93681465369399,39.341392591390104,39.819218
2026-01-01 02:58:50+00:00,MTR-17,38.73,37.29519653455604,38.758836416546416,38.607433
2026-01-01 02:59:00+00:00,MTR-17,37.28,37.58113310875566,37.95308746512746,37.764214
2026-01-01 02:59:10+00:00,MTR-17,38.12,37.0957791381487,38.0618069299219,37.604378
2026-01-01 02:59:20+00:00,MTR-17,37.99,37.57750010828625,38.02476049080547,37.50427
2026-01-01 02:59:30+00:00,MTR-17,38.61,36.43734323323211,38.171388487253466,37.641106
2026-01-01 02:59:40+00:00,MTR-17,36.71,36.70725083730247,37.52387922736129,37.88238
2026-01-01 02:59:50+00:00,MTR-17,35.24,36.03005313497308,36.57111118392325,36.957794
2026-01-01 03:00:00+00:00,MTR-17,37.41,35.583958057758394,37.113228901945966,37.1524
2026-01-01 03:00:10+00:00,MTR-17,37.3,35.27015046217591,36.59668908306115,36.729527
2026-01-01 03:00:20+00:00,MTR-17,35.27,34.997489183467785,35.86495770923519,36.55575
2026-01-01 03:00:30+00:00,MTR-17,35.92,34.32011189376827,36.10055765466014,36.477142
2026-01-01 03:00:40+00:00,MTR-17,36.32,33.087527955480255,36.35100304713801,35.41436
2026-01-01 03:00:50+00:00,MTR-17,35.87,33.802483899797984,35.807933375605856,35.49029
2026-01-01 03:01:00+00:00,MTR-17,34.92,34.23535508233587,35.64943446268156,36.241013
2026-01-01 03:01:10+00:00,MTR-17,35.48,34.13482900220737,35.76306714805174,36.979095
2026-01-01 03:01:20+00:00,MTR-17,36.72,33.563165014446504,36.157912180519254,35.94442
2026-01-01 03:01:30+00:00,MTR-17,35.35,32.83997467720397,35.59154678793429,33.842083
2026-01-01 03:01:40+00:00,MTR-17,32.31,33.165673775455026,34.41212778823028,33.878876
2026-01-01 03:01:50+00:00,MTR-17,36.51,32.54882021252747,35.81183697885447,34.102043
2026-01-01 03:02:00+00:00,MTR-17,35.96,30.927983321792567,34.924842262021606,33.958904
2026-01-01 03:02:10+00:00,MTR-17,32.57,30.255445768678157,33.39137912530645,33.39447
2026-01-01 03:02:20+00:00,MTR-17,33.86,30.793178876006223,33.61998834858315,32.43356
2026-01-01 03:02:30+00:00,MTR-17,34.62,30.50293317698359,33.97786219936203,33.33056
2026-01-01 03:02:40+00:00,MTR-17,32.58,29.713133611754415,33.3817493614037,32.28134
2026-01-01 03:02:50+00:00,MTR-17,34.48,31.314650092754434,34.31803293222373,32.951473
2026-01-01 03:03:00+00:00,MTR-17,34.01,32.165170670494675,34.090094514955815,32.31981
2026-01-01 03:03:10+00:00,MTR-17,33.94,32.2041871434312,32.9500367861349,32.93923
2026-01-01 03:03:20+00:00,MTR-17,32.52,32.231577595473325,32.596358994920905,32.165222
2026-01-01 03:03:30+00:00,MTR-17,31.48,32.8966550339971,32.545453750585835,32.094173
2026-01-01 03:03:40+00:00,MTR-17,34.08,33.78212077924316,33.742696969795645,32.48751
2026-01-01 03:03:50+00:00,MTR-17,34.28,35.16805369528292,33.87722826388282,32.89494
2026-01-01 03:04:00+00:00,MTR-17,31.99,33.28232459019845,32.62758873918179,32.807247
2026-01-01 03:04:10+00:00,MTR-17,32.79,33.47061125028038,32.96565958628673,32.84335
2026-01-01 03:04:20+00:00,MTR-17,34.15,33.68567687796817,33.17242742825534,33.086468
2026-01-01 03:04:30+00:00,MTR-17,32.69,34.235032025913426,32.98193244311247,33.043457
2026-01-01 03:04:40+00:00,MTR-17,33.99,34.192272203932056,33.42279649858052,33.268097
2026-01-01 03:04:50+00:00,MTR-17,31.87,33.82779819193404,32.47855182248846,32.870895
2026-01-01 03:05:00+00:00,MTR-17,30.11,32.794483613034,31.421539583003753,32.610943
2026-01-01 03:05:10+00:00,MTR-17,29.99,33.321823257680116,31.036543760411586,32.45459
2026-01-01 03:05:20+00:00,MTR-17,29.89,33.416888496405576,31.188535449349036,32.278408
2026-01-01 03:05:30+00:00,MTR-17,31.14,32.95531701478403,31.49132566019495,32.384125
2026-01-01 03:05:40+00:00,MTR-17,33.63,33.05432111341052,32.27311632156408,32.8048
2026-01-01 03:05:50+00:00,MTR-17,30.19,32.503706321946325,31.124534859673737,31.847517
2026-01-01 03:06:00+00:00,MTR-17,33.19,32.641371014219274,32.087564799215684,31.928122
2026-01-01 03:06:10+00:00,MTR-17,31.73,30.792227124471893,31.465889936091727,31.235249
2026-01-01 03:06:20+00:00,MTR-17,29.67,30.63607168911028,30.778567253087488,31.130762
2026-01-01 03:06:30+00:00,MTR-17,30.59,29.868756619230567,31.088311660229355,31.55227
2026-01-01 03:06:40+00:00,MTR-17,31.04,28.209214892615776,31.112637640848426,31.385637
2026-01-01 03:06:50+00:00,MTR-17,31.29,28.311515247798184,31.277550794017436,31.26859
2026-01-01 03:07:00+00:00,MTR-17,29.73,27.28107328722679,30.616451651669966,31.49989
2026-01-01 03:07:10+00:00,MTR-17,31.72,26.652742091965578,31.141930265892732,31.165672
2026-01-01 03:07:20+00:00,MTR-17,29.74,27.06105826544122,29.923970739250855,29.617653
2026-01-01 03:07:30+00:00,MTR-17,29.93,27.12768623230518,30.332769325529515,29.428402
2026-01-01 03:07:40+00:00,MTR-17,29.65,26.444967536727304,29.86659464817964,29.255108
2026-01-01 03:07:50+00:00,MTR-17,29.83,27.26379335325838,29.807006521491513,29.178427
2026-01-01 03:08:00+00:00,MTR-17,28.28,26.56055532003731,28.86909920259914,28.974548
2026-01-01 03:08:10+00:00,MTR-17,29.86,27.048145334179495,29.28912895004669,28.418247
2026-01-01 03:08:20+00:00,MTR-17,27.75,27.091325291506948,28.248357783111622,28.79308
2026-01-01 03:08:30+00:00,MTR-17,27.82,26.024106627272957,28.006463502669842,28.488472
2026-01-01 03:08:40+00:00,MTR-17,28.29,24.34346551102891,28.283340525371788,28.130108
2026-01-01 03:08:50+00:00,MTR-17,27.74,24.429901888419664,28.13447588436465,28.353855
2026-01-01 03:09:00+00:00,MTR-17,26.01,25.932307055834343,27.36098724963925,28.085596
2026-01-01 03:09:10+00:00,MTR-17,26.33,26.627017350702886,27.242621425740914,28.479641
2026-01-01 03:09:20+00:00,MTR-17,28.59,26.218124588078766,28.011934151898288,27.57365
2026-01-01 03:09:30+00:00,MTR-17,28.01,24.679475683637975,28.000709509547452,27.353855
2026-01-01 03:09:40+00:00,MTR-17,26.26,24.400318511433596,26.97908831149113,26.905207
2026-01-01 03:09:50+00:00,MTR-17,24.83,23.20012552197717,26.05107472648209,26.69165
2026-01-01 03:10:00+00:00,MTR-17,25.53,21.91061614111159,25.932188879268892,25.368166
2026-01-01 03:10:10+00:00,MTR-17,26.46,23.086687269699553,26.520151445734935,25.523949
2026-01-01 03:10:20+00:00,MTR-17,27.99,23.33631003514121,26.852262913882946,25.218975
2026-01-01 03:10:30+00:00,MTR-17,23.78,23.712405775419086,25.568168677814565,25.0468
2026-01-01 03:10:40+00:00,MTR-17,26.65,23.366474471478213,26.206280282568017,25.197357
2026-01-01 03:10:50+00:00,MTR-17,24.12,24.228649162848953,25.057164916657413,25.08373
2026-01-01 03:11:00+00:00,MTR-17,25.68,25.165324981850745,25.415967109187115,24.993778
2026-01-01 03:11:10+00:00,MTR-17,26.16,23.664589159628306,25.678537151737164,25.056679
2026-01-01 03:11:20+00:00,MTR-17,21.87,23.490912620510315,24.058270568598054,24.282412
2026-01-01 03:11:30+00:00,MTR-17,26.55,23.3848334193829,25.525835353350356,24.974548
2026-01-01 03:11:40+00:00,MTR-17,24.48,23.13932989916809,24.7117012914863,24.57278
2026-01-01 03:11:50+00:00,MTR-17,23.54,24.676644104368222,24.18631451058203,24.899296
2026-01-01 03:12:00+00:00,MTR-17,25.65,24.274885927282867,24.86675200799203,25.048693
2026-01-01 03:12:10+00:00,MTR-17,25.2,22.635509110094247,24.784701187169336,24.537615
2026-01-01 03:12:20+00:00,MTR-17,23.63,22.990988679312366,24.01422380797442,24.34106
2026-01-01 03:12:30+00:00,MTR-17,23.1,22.44910311894057,23.632180578056214,24.351633
2026-01-01 03:12:40+00:00,MTR-17,23.64,22.64855127572396,23.733618998154633,24.643526
2026-01-01 03:12:50+00:00,MTR-17,22.23,21.141407723175746,23.32225221415764,24.281376
2026-01-01 03:13:00+00:00,MTR-17,22.16,21.437912079358227,22.835894644146286,22.754873
2026-01-01 03:13:10+00:00,MTR-17,24.12,21.61956508048874,24.0357081119806,22.886017
2026-01-01 03:13:20+00:00,MTR-17,24.6,22.017675956937254,24.192691451952175,23.293356
2026-01-01 03:13:30+00:00,MTR-17,23.33,22.278450125788154,23.01759260506369,23.074678
2026-01-01 03:13:40+00:00,MTR-17,21.55,22.05742886917612,22.475672000399978,22.703129
2026-01-01 03:13:50+00:00,MTR-17,23.99,21.983851434040574,23.330306040426624,22.784502
2026-01-01 03:14:00+00:00,MTR-17,23.04,21.29507152541207,23.123893647180456,22.60566
2026-01-01 03:14:10+00:00,MTR-17,21.05,19.69026656526502,21.97185915365713,22.181374
2026-01-01 03:14:20+00:00,MTR-17,21.3,20.01024785641637,22.075465318639,22.392818
2026-01-01 03:14:30+00:00,MTR-17,21.96,19.413118906854706,21.990015915933057,22.137154
2026-01-01 03:14:40+00:00,MTR-17,22.3,20.47553212273256,22.499238573868354,22.600319
2026-01-01 03:14:50+00:00,MTR-17,22.1,20.666869177705777,22.44618120732448,22.516724
2026-01-01 03:15:00+00:00,MTR-17,24.9,19.80600136930792,23.447289443026722,22.769163
2026-01-01 03:15:10+00:00,MTR-17,20.65,20.22554792555306,21.519953956154385,21.99072
2026-01-01 03:15:20+00:00,MTR-17,22.66,20.007162080398786,22.519502755130848,22.511196
2026-01-01 03:15:30+00:00,MTR-17,20.68,19.02527473189548,21.560613611751787,21.921635
2026-01-01 03:15:40+00:00,MTR-17,23.04,19.41793527308377,22.620581965751583,22.598763
2026-01-01 03:15:50+00:00,MTR-17,20.99,19.55730373616167,21.861824596287978,22.234764
2026-01-01 03:16:00+00:00,MTR-17,25.76,19.32613302613258,23.88515303472768,23.057467
2026-01-01 03:16:10+00:00,MTR-17,22.67,18.86787754941342,22.708689338755168,22.634735
2026-01-01 03:16:20+00:00,MTR-17,21.12,19.860469305848937,21.95336001196406,22.466866
2026-01-01 03:16:30+00:00,MTR-17,20.71,19.963790604406597,21.60787679091994,22.2592
2026-01-01 03:16:40+00:00,MTR-17,23.56,19.89363220835496,22.851142549031863,22.710987
2026-01-01 03:16:50+00:00,MTR-17,23.01,20.59874069341815,22.9879043117642,22.802782
2026-01-01 03:17:00+00:00,MTR-17,22.87,19.48612746047627,22.614146285531895,22.5904
2026-01-01 03:17:10+00:00,MTR-17,23.04,19.54938053864808,23.055384029342278,22.89712
2026-01-01 03:17:20+00:00,MTR-17,22.17,19.243649123231194,22.646018338893576,22.755226
2026-01-01 03:17:30+00:00,MTR-17,24.58,19.77081758158201,23.102037542928223,22.67429
2026-01-01 03:17:40+00:00,MTR-17,21.12,19.84017725403278,21.6554949444083,22.067848
2026-01-01 03:17:50+00:00,MTR-17,22.51,20.856720428354635,22.336968305303863,22.464096
2026-01-01 03:18:00+00:00,MTR-17,21.74,20.209567670608237,22.048840143054623,22.429594
2026-01-01 03:18:10+00:00,MTR-17,21.06,19.737479182181502,21.627818007376902,21.98551
2026-01-01 03:18:20+00:00,MTR-17,22.31,19.551647731438436,22.356851749166996,22.508003
2026-01-01 03:18:30+00:00,MTR-17,22.15,19.556061270336684,22.031912381589283,22.364574
2026-01-01 03:18:40+00:00,MTR-17,21.72,19.430437065269345,22.28224562033223,22.451662
2026-01-01 03:18:50+00:00,MTR-17,23.14,18.80038013178782,22.60731924614408,22.79241
2026-01-01 03:19:00+00:00,MTR-17,21.68,18.873204023180733,21.98259717518449,22.326326
2026-01-01 03:19:10+00:00,MTR-17,23.01,16.940829758516557,22.5997888896315,22.62328
2026-01-01 03:19:20+00:00,MTR-17,22.48,17.86307094757626,22.493009806795147,22.534264
2026-01-01 03:19:30+00:00,MTR-17,23.03,17.823777869514444,22.58968739193831,22.549543
2026-01-01 03:19:40+00:00,MTR-17,24.37,18.591727016095604,23.10375339100651,23.225302
2026-01-01 03:19:50+00:00,MTR-17,20.28,17.632162056569697,21.816399760417003,22.250051
2026-01-01 03:20:00+00:00,MTR-17,20.29,16.81350183181361,22.56980026430921,22.450403
2026-01-01 03:20:10+00:00,MTR-17,22.33,17.62709400093739,22.62799622047948,22.708246
2026-01-01 03:20:20+00:00,MTR-17,21.75,16.537321823515043,22.498034344880836,22.479185
2026-01-01 03:20:30+00:00,MTR-17,22.57,17.91265560089046,22.482879675642447,22.41779
2026-01-01 03:20:40+00:00,MTR-17,21.72,17.4765802590845,22.511434935818595,22.630495
2026-01-01 03:20:50+00:00,MTR-17,23.58,17.548345069184506,22.554859374484693,22.529264
2026-01-01 03:21:00+00:00,MTR-17,23.11,18.34839716732661,22.430221501125953,22.398706
2026-01-01 03:21:10+00:00,MTR-17,20.09,18.07515399040038,22.483855648955235,22.447563
2026-01-01 03:21:20+00:00,MTR-17,23.56,17.29907084696677,22.194782036806824,22.379665
2026-01-01 03:21:30+00:00,MTR-17,22.18,18.185775800100203,22.34318690510652,22.352043
2026-01-01 03:21:40+00:00,MTR-17,20.65,19.57639856167218,21.88868919672979,22.369453
2026-01-01 03:21:50+00:00,MTR-17,22.74,19.097299561071353,22.432934190256056,22.415894
2026-01-01 03:22:00+00:00,MTR-17,22.34,17.993025380024136,22.541405948079582,22.569242
2026-01-01 03:22:10+00:00,MTR-17,22.49,19.10703389715904,22.604996872296564,22.491135
2026-01-01 03:22:20+00:00,MTR-17,23.72,19.111896088784476,22.59350887986633,22.743877
2026-01-01 03:22:30+00:00,MTR-17,23.37,19.11087640079657,22.31052774683722,22.296202
2026-01-01 03:22:40+00:00,MTR-17,23.53,19.581701394762007,22.168470910813088,22.275038
2026-01-01 03:22:50+00:00,MTR-17,22.74,18.875799922432336,22.05738339980838,22.341
2026-01-01 03:23:00+00:00,MTR-17,21.92,19.083647623638612,22.37384748306341,22.421068
2026-01-01 03:23:10+00:00,MTR-17,23.45,19.040671312267705,22.683084704237075,22.676514
2026-01-01 03:23:20+00:00,MTR-17,21.88,18.744328002599573,22.42468043160142,22.426655
2026-01-01 03:23:30+00:00,MTR-17,23.3,19.497672585385104,22.538854569028352,22.366877
2026-01-01 03:23:40+00:00,MTR-17,0.0,0.0,0.8015871368446361,3.7346709
2026-01-01 03:23:50+00:00,MTR-17,0.0,0.0,0.6618103050653046,0.0
2026-01-01 03:24:00+00:00,MTR-17,0.58,0.0,0.813365155492655,0.0
2026-01-01 03:24:10+00:00,MTR-17,2.09,0.9442577103477419,1.0400432178932177,0.9928732
2026-01-01 03:24:20+00:00,MTR-17,0.0,1.1977150882720764,0.8259701587301586,0.11449727
2026-01-01 03:24:30+00:00,MTR-17,0.0,2.417725640683372,1.6345732696007687,0.37965837
2026-01-01 03:24:40+00:00,MTR-17,0.49,5.358516550802122,0.5190115367965373,0.16885026
2026-01-01 03:24:50+00:00,MTR-17,0.0,8.023865402224004,0.20698324314574315,0.0
2026-01-01 03:25:00+00:00,MTR-17,0.26,10.234879428536757,0.3103819035594035,0.61793935
2026-01-01 03:25:10+00:00,MTR-17,0.0,12.612763001549979,1.7095299259658474,2.118048
2026-01-01 03:25:20+00:00,MTR-17,0.0,14.847717886914452,0.6704351698808212,3.9985485
2026-01-01 03:25:30+00:00,MTR-17,0.59,16.383694402243123,0.28398696394932554,3.4496188
2026-01-01 03:25:40+00:00,MTR-17,0.77,18.860096263028154,0.1576120871594487,2.3953323
2026-01-01 03:25:50+00:00,MTR-17,0.16,18.79081933554467,0.2794239903579419,3.0215387
2026-01-01 03:26:00+00:00,MTR-17,0.0,19.67252695980173,0.42715740108120553,4.155146
2026-01-01 03:26:10+00:00,MTR-17,0.05,20.5285416047722,0.28355829024629436,0.0
2026-01-01 03:26:20+00:00,MTR-17,0.0,21.35260668867599,0.31053183854863836,0.06311046
2026-01-01 03:26:30+00:00,MTR-17,0.0,21.617935857799708,0.3225301857527328,0.24219355
2026-01-01 03:26:40+00:00,MTR-17,0.0,22.788258330269386,0.22288835901018023,0.09110558
2026-01-01 03:26:50+00:00,MTR-17,0.0,22.663573334032847,0.5106443136601797,0.10280732
2026-01-01 03:27:00+00:00,MTR-17,0.0,22.34530242924042,0.3358661913166449,0.19970873
2026-01-01 03:27:10+00:00,MTR-17,0.0,22.630148697357,0.1505940163699719,0.12805697
2026-01-01 03:27:20+00:00,MTR-17,0.22,23.226716321292827,0.24225421425921326,0.20437577
2026-01-01 03:27:30+00:00,MTR-17,0.0,23.113353894633065,0.47070324180177103,0.23370916
2026-01-01 03:27:40+00:00,MTR-17,1.2,21.769806611350262,0.3539412057999783,0.2092133
2026-01-01 03:27:50+00:00,MTR-17,0.0,22.191696667097872,0.36513187579573897,0.1520179
2026-01-01 03:28:00+00:00,MTR-17,0.36,23.42573245416355,0.5903578024269917,0.268686
2026-01-01 03:28:10+00:00,MTR-17,0.0,24.764728119664113,0.2581842412260634,0.26716474
2026-01-01 03:28:20+00:00,MTR-17,1.6,24.814941577624424,0.6786740292316032,0.5804969
2026-01-01 03:28:30+00:00,MTR-17,0.49,25.548850564197522,0.3034334765488503,0.560335
2026-01-01 03:28:40+00:00,MTR-17,0.0,25.4328615557519,0.2647146430150589,0.24391328
2026-01-01 03:28:50+00:00,MTR-17,0.0,25.15639978271362,0.36711365140473257,0.27479908
2026-01-01 03:29:00+00:00,MTR-17,1.08,23.449740620049823,0.6253589793177485,0.24818109
2026-01-01 03:29:10+00:00,MTR-17,0.0,23.384441904326835,0.41787209775155837,0.39756456
2026-01-01 03:29:20+00:00,MTR-17,0.0,22.483007359759497,0.5771746828970818,0.3403794
2026-01-01 03:29:30+00:00,MTR-17,1.14,23.403612229193058,0.42209247653943716,0.23050204
2026-01-01 03:29:40+00:00,MTR-17,0.0,23.964310347804457,0.2298939101953592,0.13097368
2026-01-01 03:29:50+00:00,MTR-17,0.41,24.378901718060675,0.28875664693879544,0.32468456
2026-01-01 03:30:00+00:00,MTR-17,0.55,25.519931124739927,0.23906316091604643,0.37946045
2026-01-01 03:30:10+00:00,MTR-17,0.33,23.770538226078983,0.4665025409374158,0.24399205
2026-01-01 03:30:20+00:00,MTR-17,0.0,23.706092571729044,0.39383854954367836,0.3115527
2026-01-01 03:30:30+00:00,MTR-17,0.92,23.12282552896123,1.1195436277339212,0.6103153
2026-01-01 03:30:40+00:00,MTR-17,0.0,21.952608901147244,0.6089302487055422,0.5234434
2026-01-01 03:30:50+00:00,MTR-17,0.32,22.6121141429481,0.8505442645619727,0.7807594
2026-01-01 03:31:00+00:00,MTR-17,0.0,23.01645549848925,0.23287120555794866,0.35351533
2026-01-01 03:31:10+00:00,MTR-17,0.6,21.744175236831495,0.387498598438423,0.19560777
2026-01-01 03:31:20+00:00,MTR-17,0.69,22.585741553494003,5.733787252284755,0.37607452
2026-01-01 03:31:30+00:00,MTR-17,0.95,22.546010594416046,0.2815549218305703,0.25983092
2026-01-01 03:31:40+00:00,MTR-17,0.0,22.358461020728896,0.8969270153920157,0.73669696
2026-01-01 03:31:50+00:00,MTR-17,0.7,22.648845167885995,0.12399897319839362,0.5042105
2026-01-01 03:32:00+00:00,MTR-17,66.17,50.06279845291306,45.57656900793651,62.68994
2026-01-01 03:32:10+00:00,MTR-17,63.94,59.152676909640014,44.47180172087171,64.78201
2026-01-01 03:32:20+00:00,MTR-17,65.59,65.15395495953533,43.97778640794389,62.826035
2026-01-01 03:32:30+00:00,MTR-17,66.35,71.27621546260778,52.834675105820104,62.193466
2026-01-01 03:32:40+00:00,MTR-17,64.87,74.26167384560682,55.06208940235688,63.494293
2026-01-01 03:32:50+00:00,MTR-17,63.92,77.73061762915917,64.65189718314097,65.027245
2026-01-01 03:33:00+00:00,MTR-17,61.2,79.34773338342615,65.32207607498982,65.63244
2026-01-01 03:33:10+00:00,MTR-17,63.09,80.01642221055803,65.5485129376642,65.2284
2026-01-01 03:33:20+00:00,MTR-17,64.78,79.79267492724799,65.69589163114668,65.53219
2026-01-01 03:33:30+00:00,MTR-17,64.31,79.4649306587371,65.31895309266525,63.60513
2026-01-01 03:33:40+00:00,MTR-17,64.97,79.4246884692542,65.79191738816733,62.68763
2026-01-01 03:33:50+00:00,MTR-17,64.31,77.30444135580858,66.93618210798456,67.75813
2026-01-01 03:34:00+00:00,MTR-17,65.93,77.54947194911549,67.71094754449251,66.591125
2026-01-01 03:34:10+00:00,MTR-17,65.51,78.53218218616468,67.71816307118803,66.193275
2026-01-01 03:34:20+00:00,MTR-17,64.97,76.98337923216205,69.50824018308778,69.942924
2026-01-01 03:34:30+00:00,MTR-17,65.75,75.4652237169494,80.97036587335334,73.63364
2026-01-01 03:34:40+00:00,MTR-17,63.45,76.50643242234813,78.69018107363569,81.96846
2026-01-01 03:34:50+00:00,MTR-17,64.23,76.43588582642447,79.33713353260663,80.05005
2026-01-01 03:35:00+00:00,MTR-17,65.12,75.22471757803955,78.64770198448824,77.28769
2026-01-01 03:35:10+00:00,MTR-17,65.54,77.37623983926366,79.41221320104025,74.0687
2026-01-01 03:35:20+00:00,MTR-17,66.46,75.91056908918105,79.72944917570335,77.8013
2026-01-01 03:35:30+00:00,MTR-17,64.57,75.39620266985288,79.94569317588208,79.93122
2026-01-01 03:35:40+00:00,MTR-17,63.91,75.90265278634443,90.73632747880183,81.29364
2026-01-01 03:35:50+00:00,MTR-17,63.61,75.97904803867665,94.33913367422225,85.13609
2026-01-01 03:36:00+00:00,MTR-17,64.23,77.19222826819491,95.29649282213892,85.56709
2026-01-01 03:36:10+00:00,MTR-17,99.8,85.64095723698352,84.67378634158878,93.669975
2026-01-01 03:36:20+00:00,MTR-17,100.0,89.5160852680029,85.51855768212884,97.07321
2026-01-01 03:36:30+00:00,MTR-17,100.0,91.88659580068958,85.94589572655646,97.72744
2026-01-01 03:36:40+00:00,MTR-17,100.0,94.52420660033118,86.96171711194152,98.08487
2026-01-01 03:36:50+00:00,MTR-17,98.91,95.5504893059495,86.19050759612304,98.126274
2026-01-01 03:37:00+00:00,MTR-17,99.74,97.22052279254993,87.32384098251268,98.29383
2026-01-01 03:37:10+00:00,MTR-17,98.75,97.61387938320188,87.526919406848,98.27024
2026-01-01 03:37:20+00:00,MTR-17,100.0,96.93260796471577,96.7441081899678,96.15798
2026-01-01 03:37:30+00:00,MTR-17,99.4,97.30265913669523,95.56936298891323,94.97086
2026-01-01 03:37:40+00:00,MTR-17,100.0,98.20097026275478,97.28655747433918,97.719536
2026-01-01 03:37:50+00:00,MTR-17,100.0,99.67169749808359,99.47898580819142,99.112816
2026-01-01 03:38:00+00:00,MTR-17,100.0,100.0,99.39816763148622,98.922195
2026-01-01 03:38:10+00:00,MTR-17,100.0,100.0,99.48185879652246,98.89723
2026-01-01 03:38:20+00:00,MTR-17,100.0,100.0,99.47867456164357,96.68871
2026-01-01 03:38:30+00:00,MTR-17,100.0,100.0,99.50886774261426,96.59563
2026-01-01 03:38:40+00:00,MTR-17,99.46,100.0,99.50786838420028,96.612206
2026-01-01 03:38:50+00:00,MTR-17,99.23,100.0,99.50430335209815,96.64804
2026-01-01 03:39:00+00:00,MTR-17,100.0,100.0,99.50457266712229,97.43038
2026-01-01 03:39:10+00:00,MTR-17,100.0,100.0,99.50713169774362,97.62429
2026-01-01 03:39:20+00:00,MTR-17,100.0,100.0,99.50816053243683,98.14915
2026-01-01 03:39:30+00:00,MTR-17,100.0,100.0,99.50564226503364,98.15034
2026-01-01 03:39:40+00:00,MTR-17,100.0,99.61726136056676,99.49658449226416,97.684456
2026-01-01 03:39:50+00:00,MTR-17,100.0,99.61929194229994,99.51652510739598,98.1962
2026-01-01 03:40:00+00:00,MTR-17,100.0,99.42388624266125,99.5066603693225,98.15689
2026-01-01 03:40:10+00:00,MTR-17,99.97,98.78155759220317,99.5057795664607,99.31925
2026-01-01 03:40:20+00:00,MTR-17,98.79,98.81347252664847,99.50576528055811,99.44556
2026-01-01 03:40:30+00:00,MTR-17,98.72,99.3904246481925,99.51000727849129,99.612206
2026-01-01 03:40:40+00:00,MTR-17,99.67,99.31693600757414,99.50596295967571,99.468155
2026-01-01 03:40:50+00:00,MTR-17,100.0,99.11246358619802,99.50761508342504,99.52635
2026-01-01 03:41:00+00:00,MTR-17,99.26,100.0,99.50654505165988,99.51457
2026-01-01 03:41:10+00:00,MTR-17,99.61,100.0,99.50738338413247,99.5046
2026-01-01 03:41:20+00:00,MTR-17,98.57,100.0,99.50770826772579,99.49585
2026-01-01 03:41:30+00:00,MTR-17,100.0,100.0,99.50773048622615,99.503876
2026-01-01 03:41:40+00:00,MTR-17,100.0,100.0,99.50593910565613,99.51933
2026-01-01 03:41:50+00:00,MTR-17,100.0,100.0,99.50612357756634,99.520096
2026-01-01 03:42:00+00:00,MTR-17,100.0,100.0,99.45651450644878,99.449776
2026-01-01 03:42:10+00:00,MTR-17,99.46,99.88112111018661,99.5000680505727,99.517784
2026-01-01 03:42:20+00:00,MTR-17,100.0,100.0,99.5065345790306,99.49797
2026-01-01 03:42:30+00:00,MTR-17,99.99,100.0,99.50617064542529,99.45653
2026-01-01 03:42:40+00:00,MTR-17,100.0,99.72222732741831,98.51233649958692,98.1588
2026-01-01 03:42:50+00:00,MTR-17,100.0,99.55802305149831,96.45212886852396,96.97703
2026-01-01 03:43:00+00:00,MTR-17,100.0,99.35234727799171,97.74874525875668,98.04104
2026-01-01 03:43:10+00:00,MTR-17,100.0,98.37528803341792,94.90570754341981,96.16819
2026-01-01 03:43:20+00:00,MTR-17,100.0,99.52364011115672,96.67526780156118,97.173965
2026-01-01 03:43:30+00:00,MTR-17,100.0,99.5794233571482,99.50522199421934,99.496506
2026-01-01 03:43:40+00:00,MTR-17,99.16,100.0,99.50799226220076,99.52983
2026-01-01 03:43:50+00:00,MTR-17,99.9,100.0,99.50875941589125,99.50059
2026-01-01 03:44:00+00:00,MTR-17,99.5,100.0,99.43591893661088,99.5416
2026-01-01 03:44:10+00:00,MTR-17,100.0,99.97963297878078,99.51398598581247,99.57684
2026-01-01 03:44:20+00:00,MTR-17,99.85,99.41852589846972,99.4995938144282,99.574715
2026-01-01 03:44:30+00:00,MTR-17,100.0,98.78772639938542,99.13160488368857,99.44381
2026-01-01 03:44:40+00:00,MTR-17,100.0,99.46226767035702,99.22363887929444,99.41118
2026-01-01 03:44:50+00:00,MTR-17,99.71,99.99551871743603,99.50650091589013,99.51191
2026-01-01 03:45:00+00:00,MTR-17,100.0,100.0,99.50625243582303,99.484695
2026-01-01 03:45:10+00:00,MTR-17,99.9,99.57396570734508,99.4324485010983,99.40951
2026-01-01 03:45:20+00:00,MTR-17,100.0,100.0,99.50745418589825,99.44776
2026-01-01 03:45:30+00:00,MTR-17,99.65,100.0,99.50548414051073,99.48742
2026-01-01 03:45:40+00:00,MTR-17,100.0,100.0,99.50679143805469,99.50081
2026-01-01 03:45:50+00:00,MTR-17,99.23,100.0,99.50662086635346,99.53357
2026-01-01 03:46:00+00:00,MTR-17,99.31,100.0,99.50831245303208,99.51656
2026-01-01 03:46:10+00:00,MTR-17,100.0,100.0,99.50676790122132,99.510735
2026-01-01 03:46:20+00:00,MTR-17,100.0,100.0,99.50655879200565,99.53464
2026-01-01 03:46:30+00:00,MTR-17,99.09,100.0,99.49705010413338,99.51977
2026-01-01 03:46:40+00:00,MTR-17,100.0,100.0,99.5108644685017,99.571526
2026-01-01 03:46:50+00:00,MTR-17,98.83,100.0,99.50609720997487,99.4949
2026-01-01 03:47:00+00:00,MTR-17,100.0,100.0,99.50682440198776,99.53314
2026-01-01 03:47:10+00:00,MTR-17,100.0,100.0,99.50638822030442,99.49563
2026-01-01 03:47:20+00:00,MTR-17,100.0,100.0,99.50771339450895,99.49071
2026-01-01 03:47:30+00:00,MTR-17,100.0,100.0,99.50557521780505,99.48802
2026-01-01 03:47:40+00:00,MTR-17,100.0,100.0,99.50346139180778,99.21707
2026-01-01 03:47:50+00:00,MTR-17,100.0,100.0,99.50831245303208,99.50974
2026-01-01 03:48:00+00:00,MTR-17,99.76,100.0,99.46505981578048,99.53737
2026-01-01 03:48:10+00:00,MTR-17,100.0,99.58294480059104,99.5051773780831,99.51279
2026-01-01 03:48:20+00:00,MTR-17,98.2,100.0,99.50759928581219,99.51055
2026-01-01 03:48:30+00:00,MTR-17,100.0,99.37018454987724,99.50833362530884,99.5419
2026-01-01 03:48:40+00:00,MTR-17,98.93,99.32192224586014,99.4985526173759,99.42016
2026-01-01 03:48:50+00:00,MTR-17,98.39,99.37095608385792,99.48233116421792,99.50769
2026-01-01 03:49:00+00:00,MTR-17,100.0,98.97132899062392,99.50545295131069,99.506744
2026-01-01 03:49:10+00:00,MTR-17,99.78,98.10816151889276,99.45914949552169,99.53563
2026-01-01 03:49:20+00:00,MTR-17,98.21,98.12772673181007,99.49766349479663,99.46306
2026-01-01 03:49:30+00:00,MTR-17,100.0,99.57743249760429,99.50697680277985,99.49509
2026-01-01 03:49:40+00:00,MTR-17,100.0,99.19772401637405,99.5078385030431,99.52026
2026-01-01 03:49:50+00:00,MTR-17,99.84,99.31373567278837,99.50717150601959,99.56958
2026-01-01 03:50:00+00:00,MTR-17,98.8,99.5616379803149,99.23961347205874,99.427086
2026-01-01 03:50:10+00:00,MTR-17,100.0,98.64948791218285,99.19210346231023,99.38253
2026-01-01 03:50:20+00:00,MTR-17,100.0,99.56410602093,99.30782019516161,99.41128
2026-01-01 03:50:30+00:00,MTR-17,100.0,98.89416645546379,99.22526476484907,99.44646
2026-01-01 03:50:40+00:00,MTR-17,100.0,99.39055122371995,99.5060319684337,99.48758
2026-01-01 03:50:50+00:00,MTR-17,99.3,98.83126613742584,99.50881728778221,99.49891
2026-01-01 03:51:00+00:00,MTR-17,100.0,99.52460947903604,99.50762710953633,99.5004
2026-01-01 03:51:10+00:00,MTR-17,100.0,100.0,99.50742257496759,99.5044
2026-01-01 03:51:20+00:00,MTR-17,98.82,99.60566219201368,99.5074810126307,99.53947
2026-01-01 03:51:30+00:00,MTR-17,99.01,99.65273239504255,99.50849721154377,99.547585
2026-01-01 03:51:40+00:00,MTR-17,99.99,100.0,99.50784394115486,99.50499
2026-01-01 03:51:50+00:00,MTR-17,100.0,99.9857626397679,99.45044625488643,99.40932
2026-01-01 03:52:00+00:00,MTR-17,100.0,100.0,99.50586420847563,99.48192
2026-01-01 03:52:10+00:00,MTR-17,99.11,100.0,99.50793874313186,99.50156
2026-01-01 03:52:20+00:00,MTR-17,100.0,100.0,99.4355241157752,99.52697
2026-01-01 03:52:30+00:00,MTR-17,100.0,100.0,99.50716557987701,99.49835
2026-01-01 03:52:40+00:00,MTR-17,99.26,100.0,99.50553062095943,99.472534
2026-01-01 03:52:50+00:00,MTR-17,98.48,100.0,99.50677523925755,99.508865
2026-01-01 03:53:00+00:00,MTR-17,100.0,100.0,99.5082272406439,99.550865
2026-01-01 03:53:10+00:00,MTR-17,100.0,100.0,99.48543052031383,99.46264
2026-01-01 03:53:20+00:00,MTR-17,98.69,100.0,99.5068379185034,99.51281
2026-01-01 03:53:30+00:00,MTR-17,99.76,100.0,99.50621054542611,99.505905
2026-01-01 03:53:40+00:00,MTR-17,100.0,99.25450975406713,99.50680390330204,99.53021
2026-01-01 03:53:50+00:00,MTR-17,100.0,99.20157745332526,99.50679938098897,99.4892
2026-01-01 03:54:00+00:00,MTR-17,100.0,99.80217777164306,99.50679938098897,99.49143
2026-01-01 03:54:10+00:00,MTR-17,97.71,99.07736367659653,99.5080090517574,99.52819
2026-01-01 03:54:20+00:00,MTR-17,100.0,100.0,99.50744393868182,99.538956
2026-01-01 03:54:30+00:00,MTR-17,100.0,100.0,99.50706859837395,99.535034
2026-01-01 03:54:40+00:00,MTR-17,98.58,100.0,99.50659484642021,99.51337
2026-01-01 03:54:50+00:00,MTR-17,100.0,100.0,99.50679641153428,99.51817
2026-01-01 03:55:00+00:00,MTR-17,100.0,100.0,99.47795057162725,99.105995
2026-01-01 03:55:10+00:00,MTR-17,100.0,100.0,99.50736639512931,99.51823
2026-01-01 03:55:20+00:00,MTR-17,100.0,100.0,99.50677934237518,99.50159
2026-01-01 03:55:30+00:00,MTR-17,97.57,100.0,99.50702308849333,99.48567
2026-01-01 03:55:40+00:00,MTR-17,100.0,100.0,99.50619999038767,99.495964
2026-01-01 03:55:50+00:00,MTR-17,100.0,100.0,99.43042501701878,99.4994
2026-01-01 03:56:00+00:00,MTR-17,100.0,100.0,99.50584691919552,99.509186
2026-01-01 03:56:10+00:00,MTR-17,100.0,100.0,99.50710358204599,99.53263
2026-01-01 03:56:20+00:00,MTR-17,99.72,100.0,99.50664716381766,99.504906
2026-01-01 03:56:30+00:00,MTR-17,99.84,100.0,99.50781918638009,99.48749
2026-01-01 03:56:40+00:00,MTR-17,98.53,100.0,99.43285039802181,99.59393
2026-01-01 03:56:50+00:00,MTR-17,100.0,100.0,99.50513075705801,99.45816
2026-01-01 03:57:00+00:00,MTR-17,98.65,100.0,99.50660862630323,99.490814
2026-01-01 03:57:10+00:00,MTR-17,100.0,99.72387069064524,99.50687060839248,99.489044
2026-01-01 03:57:20+00:00,MTR-17,99.31,98.90975565104026,99.42913231164424,99.447914
2026-01-01 03:57:30+00:00,MTR-17,100.0,97.88390614260217,99.50832928499193,99.54162
2026-01-01 03:57:40+00:00,MTR-17,98.56,99.24406169271255,99.50729883570177,99.489784
2026-01-01 03:57:50+00:00,MTR-17,100.0,99.37422004095284,99.50734760545772,99.4977
2026-01-01 03:58:00+00:00,MTR-17,97.13,99.70416836312805,99.50705203268961,99.472786
2026-01-01 03:58:10+00:00,MTR-17,99.58,99.33923824975136,99.50772548077782,99.47562
2026-01-01 03:58:20+00:00,MTR-17,99.93,98.8770290762175,99.46484373419861,99.54607
2026-01-01 03:58:30+00:00,MTR-17,98.89,98.27421954892812,99.50514965369217,99.464264
2026-01-01 03:58:40+00:00,MTR-17,98.83,99.71475179252369,99.50571962410714,99.49395
2026-01-01 03:58:50+00:00,MTR-17,99.57,98.23419722267336,99.46871462498119,99.468475
2026-01-01 03:59:00+00:00,MTR-17,100.0,98.90764934472564,99.50763694971374,99.518745
2026-01-01 03:59:10+00:00,MTR-17,100.0,98.61266716755735,99.50798629935952,99.509224
2026-01-01 03:59:20+00:00,MTR-17,98.94,97.99058470090932,99.50613075786454,99.47103
2026-01-01 03:59:30+00:00,MTR-17,100.0,98.40046101690633,99.50628143700673,99.51475
2026-01-01 03:59:40+00:00,MTR-17,100.0,98.85039192410662,99.50531531392437,99.51055
2026-01-01 03:59:50+00:00,MTR-17,99.37,99.63772419672375,99.50745721783555,99.46314
2026-01-01 04:00:00+00:00,MTR-17,99.68,100.0,99.50751927872832,99.504196
2026-01-01 04:00:10+00:00,MTR-17,100.0,99.1228636318103,99.28534902860414,96.510284
2026-01-01 04:00:20+00:00,MTR-17,99.92,99.41476822305874,99.50702308849333,99.493614
2026-01-01 04:00:30+00:00,MTR-17,100.0,99.27163557565859,99.50724242995051,99.47984
2026-01-01 04:00:40+00:00,MTR-17,98.91,99.98588610183998,99.50702308849333,99.5343
2026-01-01 04:00:50+00:00,MTR-17,100.0,98.53018976538053,99.30035019383625,99.405174
2026-01-01 04:01:00+00:00,MTR-17,98.94,99.68674520950651,99.50813530920419,99.46002
2026-01-01 04:01:10+00:00,MTR-17,100.0,100.0,99.50609542269711,99.47546
2026-01-01 04:01:20+00:00,MTR-17,100.0,100.0,99.50682179536179,99.52561
2026-01-01 04:01:30+00:00,MTR-17,100.0,100.0,99.50723417328899,99.53695
2026-01-01 04:01:40+00:00,MTR-17,99.3,100.0,99.50642427471898,99.50452
2026-01-01 04:01:50+00:00,MTR-17,100.0,100.0,99.505621185382,99.49539
2026-01-01 04:02:00+00:00,MTR-17,100.0,100.0,99.50575358697465,99.49336
2026-01-01 04:02:10+00:00,MTR-17,100.0,100.0,99.50725633944043,99.52344
2026-01-01 04:02:20+00:00,MTR-17,100.0,100.0,99.50621606737309,99.54071
2026-01-01 04:02:30+00:00,MTR-17,99.7,100.0,99.50692262150655,99.513596
2026-01-01 04:02:40+00:00,MTR-17,99.16,100.0,99.49615444929361,99.464066
2026-01-01 04:02:50+00:00,MTR-17,99.48,100.0,99.50577322844444,99.49476
2026-01-01 04:03:00+00:00,MTR-17,99.79,100.0,99.404427107385,99.54265
2026-01-01 04:03:10+00:00,MTR-17,100.0,100.0,99.50552474837734,99.49896
2026-01-01 04:03:20+00:00,MTR-17,100.0,100.0,99.50663799176115,99.50136
2026-01-01 04:03:30+00:00,MTR-17,100.0,100.0,99.42993933967006,99.39201
2026-01-01 04:03:40+00:00,MTR-17,100.0,99.98326198834862,99.50863654700652,99.508995
2026-01-01 04:03:50+00:00,MTR-17,99.66,100.0,99.50865363974964,99.501305
2026-01-01 04:04:00+00:00,MTR-17,100.0,100.0,99.50656307876629,99.50871
2026-01-01 04:04:10+00:00,MTR-17,100.0,100.0,99.50546898793719,99.481674
2026-01-01 04:04:20+00:00,MTR-17,98.13,100.0,99.50677628548115,99.54089
2026-01-01 04:04:30+00:00,MTR-17,100.0,100.0,99.50540079770118,99.55549
2026-01-01 04:04:40+00:00,MTR-17,99.93,100.0,99.5053718941004,99.53769
2026-01-01 04:04:50+00:00,MTR-17,98.76,100.0,99.50682055326571,99.57592
2026-01-01 04:05:00+00:00,MTR-17,99.59,100.0,99.50656613004188,99.544205
2026-01-01 04:05:10+00:00,MTR-17,100.0,100.0,99.50682323014908,99.60049
2026-01-01 04:05:20+00:00,MTR-17,100.0,100.0,99.50639555834061,99.58628
2026-01-01 04:05:30+00:00,MTR-17,99.52,100.0,99.50766281426182,99.59527
2026-01-01 04:05:40+00:00,MTR-17,100.0,100.0,99.50347669431687,99.56872
2026-01-01 04:05:50+00:00,MTR-17,98.54,100.0,99.5072391700752,99.56099
2026-01-01 04:06:00+00:00,MTR-17,99.8,100.0,99.50499138190689,99.50556
2026-01-01 04:06:10+00:00,MTR-17,100.0,100.0,99.42292489442397,99.54719
2026-01-01 04:06:20+00:00,MTR-17,100.0,100.0,99.50594967272774,99.50068
2026-01-01 04:06:30+00:00,MTR-17,98.92,100.0,99.505492083445,99.525475
2026-01-01 04:06:40+00:00,MTR-17,99.25,99.82753797220956,99.49993380671782,99.54196
2026-01-01 04:06:50+00:00,MTR-17,99.77,100.0,99.50638111712735,99.45815
2026-01-01 04:07:00+00:00,MTR-17,99.28,100.0,99.50570502581844,99.47579
2026-01-01 04:07:10+00:00,MTR-17,100.0,100.0,99.5063860076834,99.50441
2026-01-01 04:07:20+00:00,MTR-17,100.0,100.0,99.50740369876664,99.53412
2026-01-01 04:07:30+00:00,MTR-17,99.9,100.0,99.5054720448312,99.496994
2026-01-01 04:07:40+00:00,MTR-17,100.0,100.0,99.50571642178066,99.57261
2026-01-01 04:07:50+00:00,MTR-17,99.45,99.47350462230742,99.49954532768555,99.58535
2026-01-01 04:08:00+00:00,MTR-17,98.81,99.85309388629099,99.50700849020463,99.57776
2026-01-01 04:08:10+00:00,MTR-17,100.0,100.0,99.50578014725012,99.568054
2026-01-01 04:08:20+00:00,MTR-17,98.33,98.65718108836838,99.49863028702465,99.52767
2026-01-01 04:08:30+00:00,MTR-17,100.0,99.95743948985144,99.50571962410714,99.526184
2026-01-01 04:08:40+00:00,MTR-17,98.34,99.84262036386524,99.506838964727,99.54764
2026-01-01 04:08:50+00:00,MTR-17,99.91,99.14038945889995,99.48719477630925,99.693535
2026-01-01 04:09:00+00:00,MTR-17,100.0,98.50731099643743,99.5048092721802,99.539894
2026-01-01 04:09:10+00:00,MTR-17,99.89,97.7564321208483,99.3264536898524,99.434296
2026-01-01 04:09:20+00:00,MTR-17,98.9,96.94446836796683,99.48033567493647,99.44973
2026-01-01 04:09:30+00:00,MTR-17,98.78,97.25811712263761,99.5041975719521,99.503716
2026-01-01 04:09:40+00:00,MTR-17,97.96,97.6097605641569,99.50515232843476,99.547264
2026-01-01 04:09:50+00:00,MTR-17,98.78,97.59941385852423,99.50771129452792,99.526306
2026-01-01 00:00:00+00:00,MTR-18,98.85,97.86303397169907,99.50711100573608,99.5116
2026-01-01 00:00:10+00:00,MTR-18,98.51,97.80106100840332,99.50815093008104,99.52809
2026-01-01 00:00:20+00:00,MTR-18,98.3,98.03920406263701,99.5060128174078,99.50288
2026-01-01 00:00:30+00:00,MTR-18,99.07,98.16943207717446,99.5060280465278,99.51381
2026-01-01 00:00:40+00:00,MTR-18,98.39,98.73840635299918,99.5069249908937,99.45926
2026-01-01 00:00:50+00:00,MTR-18,99.46,98.37315133274487,99.50733471324044,99.530754
2026-01-01 00:01:00+00:00,MTR-18,95.66,97.5416211607621,99.50604517310798,99.49657
2026-01-01 00:01:10+00:00,MTR-18,100.0,97.42173388602934,99.46564009126025,99.56012
2026-01-01 00:01:20+00:00,MTR-18,100.0,98.4561862281018,99.50732116117537,99.53106
2026-01-01 00:01:30+00:00,MTR-18,99.75,97.84412019863197,99.50621574480923,99.52637
2026-01-01 00:01:40+00:00,MTR-18,99.15,98.21917867366794,99.50755813285853,99.55827
2026-01-01 00:01:50+00:00,MTR-18,99.63,98.30425130036868,99.50737400909222,99.52115
2026-01-01 00:02:00+00:00,MTR-18,99.29,98.92121191479976,99.50777582379726,99.53982
2026-01-01 00:02:10+00:00,MTR-18,98.06,99.44146807454084,99.50825750970675,99.56772
2026-01-01 00:02:20+00:00,MTR-18,98.22,98.59076410020732,99.50626151242025,99.49591
2026-01-01 00:02:30+00:00,MTR-18,98.9,98.96915033860358,99.50737864189098,99.56676
2026-01-01 00:02:40+00:00,MTR-18,100.0,100.0,99.50714841051177,99.560684
2026-01-01 00:02:50+00:00,MTR-18,100.0,99.97809052668045,99.50849968300423,99.55888
2026-01-01 00:03:00+00:00,MTR-18,100.0,100.0,99.50707536564876,99.54728
2026-01-01 00:03:10+00:00,MTR-18,99.59,100.0,99.50777687002089,99.58237
2026-01-01 00:03:20+00:00,MTR-18,100.0,100.0,99.50720979119718,99.57253
2026-01-01 00:03:30+00:00,MTR-18,99.36,100.0,99.43618745380287,99.59171
2026-01-01 00:03:40+00:00,MTR-18,100.0,100.0,99.50655160178937,99.55529
2026-01-01 00:03:50+00:00,MTR-18,99.36,100.0,99.42603649177715,99.41312
2026-01-01 00:04:00+00:00,MTR-18,99.57,99.34205795428126,99.5076908034342,99.560036
2026-01-01 00:04:10+00:00,MTR-18,100.0,100.0,99.51136820060202,99.61028
2026-01-01 00:04:20+00:00,MTR-18,100.0,100.0,99.50570119266067,99.49324
2026-01-01 00:04:30+00:00,MTR-18,99.27,99.33675482489164,99.50807795371807,99.57222
2026-01-01 00:04:40+00:00,MTR-18,99.39,100.0,99.50706655923007,99.53071
2026-01-01 00:04:50+00:00,MTR-18,99.03,100.0,99.50473551756033,99.46024
2026-01-01 00:05:00+00:00,MTR-18,97.91,100.0,99.50547491407976,99.43225
2026-01-01 00:05:10+00:00,MTR-18,100.0,100.0,99.50699132083942,99.57439
2026-01-01 00:05:20+00:00,MTR-18,100.0,100.0,99.50813530920419,99.59892
2026-01-01 00:05:30+00:00,MTR-18,100.0,100.0,99.50583346060115,99.53378
2026-01-01 00:05:40+00:00,MTR-18,99.01,100.0,99.50693060270584,99.57342
2026-01-01 00:05:50+00:00,MTR-18,100.0,100.0,99.5067963997496,99.5717
2026-01-01 00:06:00+00:00,MTR-18,100.0,100.0,99.5034118393955,99.62844
2026-01-01 00:06:10+00:00,MTR-18,98.03,99.0387440678609,99.5024702047405,99.52206
2026-01-01 00:06:20+00:00,MTR-18,100.0,100.0,99.50584389990199,99.53928
2026-01-01 00:06:30+00:00,MTR-18,99.97,100.0,99.50700856024083,99.595856
2026-01-01 00:06:40+00:00,MTR-18,100.0,99.0652197422889,99.5063641860536,99.54584
2026-01-01 00:06:50+00:00,MTR-18,100.0,100.0,99.50757503609664,99.54806
2026-01-01 00:07:00+00:00,MTR-18,100.0,100.0,99.46014700595396,99.556694
2026-01-01 00:07:10+00:00,MTR-18,100.0,99.76086892454275,99.46481930458091,99.57502
2026-01-01 00:07:20+00:00,MTR-18,100.0,99.58156576618741,99.50767360366812,99.57478
2026-01-01 00:07:30+00:00,MTR-18,100.0,100.0,99.50664136843253,99.55157
2026-01-01 00:07:40+00:00,MTR-18,100.0,100.0,99.50571962410714,99.54373
2026-01-01 00:07:50+00:00,MTR-18,100.0,100.0,99.50658730231861,99.553375
2026-01-01 00:08:00+00:00,MTR-18,100.0,100.0,99.50594162867651,99.5122
2026-01-01 00:08:10+00:00,MTR-18,100.0,100.0,99.50659484642021,99.549904
2026-01-01 00:08:20+00:00,MTR-18,99.5,100.0,99.50656613004188,99.53631
2026-01-01 00:08:30+00:00,MTR-18,100.0,100.0,99.50409350015723,99.54506
2026-01-01 00:08:40+00:00,MTR-18,100.0,100.0,99.50540079770118,99.56779
2026-01-01 00:08:50+00:00,MTR-18,99.69,100.0,99.50702308849333,99.54431
2026-01-01 00:09:00+00:00,MTR-18,100.0,100.0,99.50704782160584,99.56457
2026-01-01 00:09:10+00:00,MTR-18,100.0,100.0,99.50740474499025,99.53965
2026-01-01 00:09:20+00:00,MTR-18,98.89,99.63201711000819,99.5068481507449,99.538864
2026-01-01 00:09:30+00:00,MTR-18,99.63,98.5129189043398,99.43247205418774,99.50923
2026-01-01 00:09:40+00:00,MTR-18,100.0,97.39722897319062,99.45363351967254,99.427986
2026-01-01 00:09:50+00:00,MTR-18,100.0,97.89516173478121,99.5120386845187,99.59081
2026-01-01 00:10:00+00:00,MTR-18,98.4,98.47247056953373,99.50725633944043,99.534355
2026-01-01 00:10:10+00:00,MTR-18,98.71,98.96525067870105,99.50699542395705,99.53124
2026-01-01 00:10:20+00:00,MTR-18,100.0,98.42388043357298,99.48867295809524,99.57315
2026-01-01 00:10:30+00:00,MTR-18,98.33,98.4747407258425,99.49767142235257,99.55449
2026-01-01 00:10:40+00:00,MTR-18,98.65,98.81235545291969,99.50631981199237,99.51531
2026-01-01 00:10:50+00:00,MTR-18,100.0,97.42829978052406,99.42982931471138,99.371544
2026-01-01 00:11:00+00:00,MTR-18,100.0,98.7795948783488,99.50778315298508,99.40455
2026-01-01 00:11:10+00:00,MTR-18,99.33,98.77698678459831,99.50836272627025,99.42866
2026-01-01 00:11:20+00:00,MTR-18,100.0,98.7977671650872,99.46373005409464,99.42688
2026-01-01 00:11:30+00:00,MTR-18,100.0,99.2673103132482,99.5069344909475,99.48069
2026-01-01 00:11:40+00:00,MTR-18,98.77,98.73695862479268,99.50733442535417,99.43338
2026-01-01 00:11:50+00:00,MTR-18,99.73,97.68004498282953,99.43152605399115,99.42897
2026-01-01 00:12:00+00:00,MTR-18,99.71,97.99952911859108,99.50779825430718,98.41887
2026-01-01 00:12:10+00:00,MTR-18,100.0,97.53879271464578,99.4804608198966,98.37589
2026-01-01 00:12:20+00:00,MTR-18,100.0,97.86405208631241,99.50683082856087,98.43519
2026-01-01 00:12:30+00:00,MTR-18,100.0,97.59960675186036,99.50514250535126,99.57285
2026-01-01 00:12:40+00:00,MTR-18,100.0,97.85380793116894,99.50811518721245,99.57762
2026-01-01 00:12:50+00:00,MTR-18,100.0,98.80907187958557,99.50840150543065,99.52765
2026-01-01 00:13:00+00:00,MTR-18,99.92,98.84333085392583,99.50652204532221,99.49153
2026-01-01 00:13:10+00:00,MTR-18,100.0,98.96437960801302,99.50716677688985,99.530075
2026-01-01 00:13:20+00:00,MTR-18,98.96,99.98673263582826,99.50678895683578,99.52737
2026-01-01 00:13:30+00:00,MTR-18,99.72,99.01230381251749,99.4355241157752,99.571144
2026-01-01 00:13:40+00:00,MTR-18,100.0,99.85927183558778,99.50614786618027,99.528694
2026-01-01 00:13:50+00:00,MTR-18,98.35,100.0,99.50724242995051,99.53917
2026-01-01 00:14:00+00:00,MTR-18,98.97,100.0,99.50508826079665,99.48279
2026-01-01 00:14:10+00:00,MTR-18,99.8,100.0,99.50767523489132,99.5834
2026-01-01 00:14:20+00:00,MTR-18,99.14,100.0,99.50678221162374,99.546776
2026-01-01 00:14:30+00:00,MTR-18,98.86,100.0,99.50677523925755,99.54018
2026-01-01 00:14:40+00:00,MTR-18,100.0,100.0,99.50612776537331,99.529625
2026-01-01 00:14:50+00:00,MTR-18,100.0,100.0,99.50699132083942,99.53478
2026-01-01 00:15:00+00:00,MTR-18,97.76,100.0,99.51049062599995,99.468506
2026-01-01 00:15:10+00:00,MTR-18,100.0,100.0,99.5072331270654,99.57632
2026-01-01 00:15:20+00:00,MTR-18,99.9,100.0,99.50677523925755,99.51965
2026-01-01 00:15:30+00:00,MTR-18,99.09,100.0,99.50662909717398,99.541534
2026-01-01 00:15:40+00:00,MTR-18,100.0,100.0,99.50592444656216,99.53371
2026-01-01 00:15:50+00:00,MTR-18,100.0,100.0,99.50546748811072,99.5249
2026-01-01 00:16:00+00:00,MTR-18,100.0,99.41941896455349,99.5057018335433,99.56089
2026-01-01 00:16:10+00:00,MTR-18,99.17,99.17880191509688,99.50855296676602,99.56901
2026-01-01 00:16:20+00:00,MTR-18,100.0,99.61662664505337,99.50759773415767,99.54924
2026-01-01 00:16:30+00:00,MTR-18,100.0,98.76343642370492,99.50504495008845,99.535614
2026-01-01 00:16:40+00:00,MTR-18,100.0,98.56170114055729,99.50566289386335,99.527885
2026-01-01 00:16:50+00:00,MTR-18,100.0,99.00187313518035,99.50745020591637,99.56365
2026-01-01 00:17:00+00:00,MTR-18,98.76,99.98167877093866,99.50681092800208,99.559166
2026-01-01 00:17:10+00:00,MTR-18,98.12,99.87347159767533,99.50615546937776,99.546616
2026-01-01 00:17:20+00:00,MTR-18,99.29,99.16216843429564,99.46581644934318,99.56827
2026-01-01 00:17:30+00:00,MTR-18,100.0,100.0,99.50777669011873,99.538765
2026-01-01 00:17:40+00:00,MTR-18,100.0,100.0,99.5068379185034,99.56492
2026-01-01 00:17:50+00:00,MTR-18,98.57,99.04216468829061,99.4988367471322,99.56242
2026-01-01 00:18:00+00:00,MTR-18,99.83,99.91688123822527,99.50765319758356,99.56528
2026-01-01 00:18:10+00:00,MTR-18,98.53,100.0,99.50699751235925,99.53858
2026-01-01 00:18:20+00:00,MTR-18,99.3,98.86793618613072,99.50528254751254,99.5197
2026-01-01 00:18:30+00:00,MTR-18,99.24,99.23108317525046,99.48169693519617,99.43412
2026-01-01 00:18:40+00:00,MTR-18,100.0,99.30782878343297,99.50607169443656,99.5944
2026-01-01 00:18:50+00:00,MTR-18,100.0,97.3839403181637,99.47607704031249,99.49281
2026-01-01 00:19:00+00:00,MTR-18,100.0,97.70019685290235,99.50793674773848,99.518745
2026-01-01 00:19:10+00:00,MTR-18,99.63,98.9248448331906,99.50652996743165,99.45558
2026-01-01 00:19:20+00:00,MTR-18,100.0,98.69606018038414,99.50767329941742,99.55345
2026-01-01 00:19:30+00:00,MTR-18,100.0,98.09763706111306,99.50874991161287,99.561676
2026-01-01 00:19:40+00:00,MTR-18,98.08,98.80430215163513,99.50700710947373,99.55479
2026-01-01 00:19:50+00:00,MTR-18,100.0,98.64939332283085,99.50690688141133,99.5614
2026-01-01 00:20:00+00:00,MTR-18,99.51,98.04919078419539,99.50853057015568,99.5329
2026-01-01 00:20:10+00:00,MTR-18,100.0,97.79984815488771,99.50693523200165,99.51671
2026-01-01 00:20:20+00:00,MTR-18,100.0,99.44038677621711,99.5057806126843,99.60697
2026-01-01 00:20:30+00:00,MTR-18,98.59,97.93307825198923,99.43051936307462,99.5176
2026-01-01 00:20:40+00:00,MTR-18,98.91,98.43224570796787,99.50723447315171,99.53193
2026-01-01 00:20:50+00:00,MTR-18,97.62,97.79343628939405,99.50578366957834,99.26028
2026-01-01 00:21:00+00:00,MTR-18,98.52,98.47419523540086,99.50572970872862,99.525024
2026-01-01 00:21:10+00:00,MTR-18,99.88,98.77152550771467,99.50873954864768,99.57767
2026-01-01 00:21:20+00:00,MTR-18,99.33,100.0,99.50590072800492,99.52891
2026-01-01 00:21:30+00:00,MTR-18,98.43,99.75236401522986,99.50649875387253,99.56311
2026-01-01 00:21:40+00:00,MTR-18,98.03,98.69412751723227,99.4683781437606,99.47895
2026-01-01 00:21:50+00:00,MTR-18,98.54,98.46520160758064,99.50704966958752,99.60274
2026-01-01 00:22:00+00:00,MTR-18,100.0,98.50930688657147,99.50603750816468,99.53102
2026-01-01 00:22:10+00:00,MTR-18,99.27,98.15575623681342,99.5054106290302,99.53964
2026-01-01 00:22:20+00:00,MTR-18,100.0,97.82273658277074,99.50798222119863,99.52994
2026-01-01 00:22:30+00:00,MTR-18,99.46,98.16022589760675,99.50683058046717,99.55564
2026-01-01 00:22:40+00:00,MTR-18,100.0,99.17910847942598,99.50811721715729,99.51378
2026-01-01 00:22:50+00:00,MTR-18,99.84,98.50942785421364,99.50644960620646,99.5682
2026-01-01 00:23:00+00:00,MTR-18,100.0,97.75467320327037,99.50613003297298,99.549774
2026-01-01 00:23:10+00:00,MTR-18,100.0,98.67839290679923,99.5092749893036,99.55742
2026-01-01 00:23:20+00:00,MTR-18,99.96,99.75584844246305,99.50676790122132,99.54964
2026-01-01 00:23:30+00:00,MTR-18,100.0,99.57126724522558,99.47367592303517,99.66821
2026-01-01 00:23:40+00:00,MTR-18,98.5,99.77546586563663,99.50541441379627,99.485245
2026-01-01 00:23:50+00:00,MTR-18,100.0,100.0,99.50677280799948,99.54207
2026-01-01 00:24:00+00:00,MTR-18,100.0,99.80183330054908,99.45172145704238,99.58992
2026-01-01 00:24:10+00:00,MTR-18,100.0,98.53071900498617,99.4330872765577,99.56206
2026-01-01 00:24:20+00:00,MTR-18,100.0,99.09826683015443,99.5066222591582,99.547806
2026-01-01 00:24:30+00:00,MTR-18,99.92,99.18337269912428,99.50683058046717,99.57671
2026-01-01 00:24:40+00:00,MTR-18,100.0,99.22567623136814,99.50593204975966,99.53991
2026-01-01 00:24:50+00:00,MTR-18,99.27,97.75830539968797,99.50511206281439,99.536354
2026-01-01 00:25:00+00:00,MTR-18,98.07,98.55285810926225,99.50594553701802,99.54602
2026-01-01 00:25:10+00:00,MTR-18,100.0,98.73764384900734,99.50655879200565,99.518456
2026-01-01 00:25:20+00:00,MTR-18,99.83,99.40738026756999,99.50868616030245,99.548294
2026-01-01 00:25:30+00:00,MTR-18,99.05,98.98412067392394,99.43181206844916,99.52365
2026-01-01 00:25:40+00:00,MTR-18,100.0,100.0,99.50492988210226,99.575294
2026-01-01 00:25:50+00:00,MTR-18,99.44,100.0,99.5067148354544,99.58672
2026-01-01 00:26:00+00:00,MTR-18,100.0,99.0748592601191,99.50631613746492,99.572945
2026-01-01 00:26:10+00:00,MTR-18,100.0,99.76005401116656,99.50693261213611,99.56294
2026-01-01 00:26:20+00:00,MTR-18,100.0,99.80320357331453,99.50868616030245,99.56355
2026-01-01 00:26:30+00:00,MTR-18,98.67,100.0,99.5060290927514,99.51934
2026-01-01 00:26:40+00:00,MTR-18,100.0,100.0,99.50569775781845,99.548645
2026-01-01 00:26:50+00:00,MTR-18,100.0,100.0,99.50561664712612,99.55249
2026-01-01 00:27:00+00:00,MTR-18,97.09,100.0,99.49937017050739,99.56082
2026-01-01 00:27:10+00:00,MTR-18,99.4,100.0,99.50549620448906,99.54215
2026-01-01 00:27:20+00:00,MTR-18,100.0,100.0,99.49704313176719,99.5729
2026-01-01 00:27:30+00:00,MTR-18,99.64,99.71488450949981,99.5074347023724,99.59599
2026-01-01 00:27:40+00:00,MTR-18,99.2,100.0,99.50703291982232,99.555916
2026-01-01 00:27:50+00:00,MTR-18,100.0,98.32034318794615,99.33057417326435,98.80954
2026-01-01 00:28:00+00:00,MTR-18,98.52,99.22023813492734,99.50628027864589,99.5047
2026-01-01 00:28:10+00:00,MTR-18,99.53,98.09898947832522,99.48615703099965,99.4907
2026-01-01 00:28:20+00:00,MTR-18,99.96,99.83105475687861,99.50678069952346,99.58558
2026-01-01 00:28:30+00:00,MTR-18,98.5,100.0,99.50853205161643,99.52846
2026-01-01 00:28:40+00:00,MTR-18,99.27,100.0,99.50597618902891,99.512436
2026-01-01 00:28:50+00:00,MTR-18,99.87,100.0,99.50784148619094,99.55621
2026-01-01 00:29:00+00:00,MTR-18,97.61,100.0,99.5082268316545,99.519844
2026-01-01 00:29:10+00:00,MTR-18,98.97,100.0,99.50682517185939,99.54788
2026-01-01 00:29:20+00:00,MTR-18,98.58,100.0,99.50060327946727,99.563995
2026-01-01 00:29:30+00:00,MTR-18,98.82,100.0,99.50757001137917,99.537094
2026-01-01 00:29:40+00:00,MTR-18,100.0,99.62312157547568,99.4996429247358,99.605606
2026-01-01 00:29:50+00:00,MTR-18,100.0,100.0,99.50694470954556,99.55146
2026-01-01 00:30:00+00:00,MTR-18,99.73,99.94252219704536,99.50703599876984,99.56152
2026-01-01 00:30:10+00:00,MTR-18,98.27,100.0,99.50718940110586,99.5427
2026-01-01 00:30:20+00:00,MTR-18,100.0,99.61943436978427,99.50594516130221,99.53642
2026-01-01 00:30:30+00:00,MTR-18,99.1,99.12206335174416,99.50522625310387,99.52263
2026-01-01 00:30:40+00:00,MTR-18,99.23,99.45970137814399,99.50889482066725,99.546165
2026-01-01 00:30:50+00:00,MTR-18,100.0,98.81950354715366,99.505824808944,99.17287
2026-01-01 00:31:00+00:00,MTR-18,99.88,98.45021018865876,99.50711860000592,99.562546
2026-01-01 00:31:10+00:00,MTR-18,100.0,98.56052464393127,99.50770772739618,99.589226
2026-01-01 00:31:20+00:00,MTR-18,100.0,97.81517327079159,99.5053158135339,99.56485
2026-01-01 00:31:30+00:00,MTR-18,100.0,98.1805971600548,99.50734202473498,99.5544
2026-01-01 00:31:40+00:00,MTR-18,100.0,97.28396659354141,99.50810270608439,99.5404
2026-01-01 00:31:50+00:00,MTR-18,99.61,98.21048072915312,99.50632240984201,99.562515
2026-01-01 00:32:00+00:00,MTR-18,100.0,98.34613969959058,99.51026191426554,99.57239
2026-01-01 00:32:10+00:00,MTR-18,100.0,98.1613712356141,99.50800481933568,99.56211
2026-01-01 00:32:20+00:00,MTR-18,99.66,98.85743446389218,99.50862393508567,99.57376
2026-01-01 00:32:30+00:00,MTR-18,99.72,100.0,99.50722705602888,99.55746
2026-01-01 00:32:40+00:00,MTR-18,99.92,99.43819153840771,99.50604961358972,99.56633
2026-01-01 00:32:50+00:00,MTR-18,100.0,99.33424473083703,99.50938574608045,99.57772
2026-01-01 00:33:00+00:00,MTR-18,98.0,98.79456577775555,99.42917101583393,99.398384
2026-01-01 00:33:10+00:00,MTR-18,99.63,98.05422168168673,99.48623342221377,99.521126
2026-01-01 00:33:20+00:00,MTR-18,99.02,99.11929965535892,99.50387716878237,99.509964
2026-01-01 00:33:30+00:00,MTR-18,100.0,99.44606961031393,99.5081482647169,99.52248
2026-01-01 00:33:40+00:00,MTR-18,100.0,100.0,99.5080399379939,99.55737
2026-01-01 00:33:50+00:00,MTR-18,99.38,99.81306633226635,99.5076523460446,99.428154
2026-01-01 00:34:00+00:00,MTR-18,100.0,99.23573429016413,99.50844308131472,99.5862
2026-01-01 00:34:10+00:00,MTR-18,100.0,99.64276477785386,99.50859161500057,99.55106
2026-01-01 00:34:20+00:00,MTR-18,99.17,99.32388864633886,99.50759121036299,99.59824
2026-01-01 00:34:30+00:00,MTR-18,99.33,98.18898626063567,99.43281875936569,99.63621
2026-01-01 00:34:40+00:00,MTR-18,99.82,98.70570176894934,99.50739621923697,99.57961
2026-01-01 00:34:50+00:00,MTR-18,98.96,98.132904384764,99.50719708823279,99.5695
2026-01-01 00:35:00+00:00,MTR-18,98.65,98.47530049552476,99.50748410546547,99.51956
2026-01-01 00:35:10+00:00,MTR-18,97.85,97.63927327113483,99.4983476957047,99.560036
2026-01-01 00:35:20+00:00,MTR-18,99.35,98.38620005099608,99.50848431932168,99.5257
2026-01-01 00:35:30+00:00,MTR-18,98.73,97.2425088190191,99.4965426662291,99.55105
2026-01-01 00:35:40+00:00,MTR-18,98.78,98.37914704914411,99.50804118713845,99.529884
2026-01-01 00:35:50+00:00,MTR-18,100.0,99.41369857704723,99.50783905959877,99.5418
2026-01-01 00:36:00+00:00,MTR-18,100.0,98.18601089477472,99.45122919933247,99.47668
2026-01-01 00:36:10+00:00,MTR-18,99.61,97.9695130468464,99.50632328367043,99.53142
2026-01-01 00:36:20+00:00,MTR-18,99.61,97.12017387851795,99.5086244740607,99.583435
2026-01-01 00:36:30+00:00,MTR-18,99.45,98.34839264566813,99.50705140543776,99.54233
2026-01-01 00:36:40+00:00,MTR-18,100.0,99.32247624768772,99.50727074689495,99.54025
2026-01-01 00:36:50+00:00,MTR-18,100.0,99.77327861723828,99.50815127487776,99.551186
2026-01-01 00:37:00+00:00,MTR-18,100.0,98.31397909060688,99.425928119946,99.587425
2026-01-01 00:37:10+00:00,MTR-18,99.27,98.18039868862958,99.43064109860065,99.57073
2026-01-01 00:37:20+00:00,MTR-18,98.72,97.20710157077079,99.50525521550983,99.47688
2026-01-01 00:37:30+00:00,MTR-18,99.97,97.92645962760493,99.48803493298789,99.23603
2026-01-01 00:37:40+00:00,MTR-18,99.91,97.51558905341997,99.44761035276434,99.12752
2026-01-01 00:37:50+00:00,MTR-18,97.76,97.51834590197019,99.4521876227763,98.77413
2026-01-01 00:38:00+00:00,MTR-18,96.49,98.22007898376063,99.43595527425715,98.798965
2026-01-01 00:38:10+00:00,MTR-18,99.59,98.1878484042998,99.48465789526809,99.17082
2026-01-01 00:38:20+00:00,MTR-18,100.0,97.24507971993879,99.46242344526406,99.114815
2026-01-01 00:38:30+00:00,MTR-18,98.27,98.31147767203282,99.48613005172389,99.185326
2026-01-01 00:38:40+00:00,MTR-18,100.0,97.53782684245043,99.48574242094239,99.25631
2026-01-01 00:38:50+00:00,MTR-18,100.0,97.85700054045066,99.50877672422601,99.189995
2026-01-01 00:39:00+00:00,MTR-18,100.0,98.2146874656288,99.50927359357857,99.33241
2026-01-01 00:39:10+00:00,MTR-18,99.96,98.56453740149188,99.5076458158637,99.383736
2026-01-01 00:39:20+00:00,MTR-18,100.0,97.95512477098939,99.50833695436783,99.444756
2026-01-01 00:39:30+00:00,MTR-18,99.61,98.11902371980284,99.50773338401576,99.62533
2026-01-01 00:39:40+00:00,MTR-18,99.6,98.70769868652198,99.50671630637981,99.629814
2026-01-01 00:39:50+00:00,MTR-18,99.74,98.07059508417288,99.50748512419514,99.645454
2026-01-01 00:40:00+00:00,MTR-18,98.15,97.99670533990688,99.50756360022125,99.56293
2026-01-01 00:40:10+00:00,MTR-18,99.96,98.48580583707766,99.50468753793926,99.6307
2026-01-01 00:40:20+00:00,MTR-18,99.46,98.10332220598174,99.50794659634907,99.51731
2026-01-01 00:40:30+00:00,MTR-18,100.0,98.19053004203876,99.50722408859089,99.53408
2026-01-01 00:40:40+00:00,MTR-18,98.71,98.41866448015735,99.50628391281903,99.54321
2026-01-01 00:40:50+00:00,MTR-18,100.0,98.70460078683364,99.50675535890133,99.56176
2026-01-01 00:41:00+00:00,MTR-18,100.0,99.40447476988959,99.50686946520456,99.58027
2026-01-01 00:41:10+00:00,MTR-18,97.87,98.58723438848035,99.50497337882257,99.5058
2026-01-01 00:41:20+00:00,MTR-18,98.59,99.85411628724748,99.50145262483234,99.55346
2026-01-01 00:41:30+00:00,MTR-18,100.0,99.47306625240839,99.50323030502977,99.55353
2026-01-01 00:41:40+00:00,MTR-18,96.92,99.34400871088518,99.50107710818111,99.50193
2026-01-01 00:41:50+00:00,MTR-18,100.0,97.9019964760819,99.43680439883688,99.76874
2026-01-01 00:42:00+00:00,MTR-18,100.0,97.78428670305345,99.50562550988869,99.497284
2026-01-01 00:42:10+00:00,MTR-18,99.38,97.82396102910852,99.50470007455117,99.53265
2026-01-01 00:42:20+00:00,MTR-18,100.0,97.74632426154301,99.49741571626642,99.59221
2026-01-01 00:42:30+00:00,MTR-18,100.0,96.85660243344937,99.50737047222938,99.61893
2026-01-01 00:42:40+00:00,MTR-18,100.0,96.77569039472972,99.50752995695906,99.5927
2026-01-01 00:42:50+00:00,MTR-18,99.97,98.52581465319446,99.50523325880494,99.557304
2026-01-01 00:43:00+00:00,MTR-18,100.0,98.37580707790785,99.50621544785368,99.55958
2026-01-01 00:43:10+00:00,MTR-18,100.0,98.81797517855688,99.50550250454867,99.57854
2026-01-01 00:43:20+00:00,MTR-18,99.66,97.24765344569761,99.42962503942628,99.64365
2026-01-01 00:43:30+00:00,MTR-18,98.77,98.70145251075773,99.50031848171298,99.56845
2026-01-01 00:43:40+00:00,MTR-18,99.63,98.59420446153435,99.50595474121698,99.587006
2026-01-01 00:43:50+00:00,MTR-18,100.0,99.54049982986946,99.5050776088002,99.61654
2026-01-01 00:44:00+00:00,MTR-18,99.69,98.66535625044276,99.50689495152363,99.64275
2026-01-01 00:44:10+00:00,MTR-18,99.57,99.39501407423214,99.50690541200224,99.57101
2026-01-01 00:44:20+00:00,MTR-18,98.98,99.4707339818416,99.50609951598311,99.49268
2026-01-01 00:44:30+00:00,MTR-18,99.52,99.50975474169402,99.50643817921087,99.53161
2026-01-01 00:44:40+00:00,MTR-18,99.62,98.66908233490418,99.50761084427097,99.53374
2026-01-01 00:44:50+00:00,MTR-18,99.37,98.02497258263615,99.43485938640158,99.82621
2026-01-01 00:45:00+00:00,MTR-18,100.0,98.35912643334017,99.4524236434397,99.35528
2026-01-01 00:45:10+00:00,MTR-18,99.67,99.09901050659076,99.50709184890351,99.63283
2026-01-01 00:45:20+00:00,MTR-18,100.0,98.38411114377462,99.50961018128666,99.62449
2026-01-01 00:45:30+00:00,MTR-18,100.0,98.50517123801816,99.50952657425059,99.59905
2026-01-01 00:45:40+00:00,MTR-18,99.8,97.80398172242494,99.50686114660367,99.54212
2026-01-01 00:45:50+00:00,MTR-18,98.99,97.71717760021453,99.50690890800664,99.57276
2026-01-01 00:46:00+00:00,MTR-18,100.0,97.7389650911559,99.50907505873805,99.61431
2026-01-01 00:46:10+00:00,MTR-18,99.28,98.67004984031581,99.50796609724233,99.624695
2026-01-01 00:46:20+00:00,MTR-18,99.73,98.56501252628152,99.50630392586469,99.558624
2026-01-01 00:46:30+00:00,MTR-18,98.48,97.77053797157457,99.50655862550043,99.50789
2026-01-01 00:46:40+00:00,MTR-18,99.24,98.37743441574563,99.5081270657331,99.58136
2026-01-01 00:46:50+00:00,MTR-18,100.0,98.07938991236614,99.50667202350371,99.62486
2026-01-01 00:47:00+00:00,MTR-18,98.36,98.33884058281537,99.50862393508567,99.59478
2026-01-01 00:47:10+00:00,MTR-18,99.64,98.00927080764913,99.50581162776312,99.57367
2026-01-01 00:47:20+00:00,MTR-18,99.98,98.09984569599733,99.50721326603411,99.57619
2026-01-01 00:47:30+00:00,MTR-18,98.17,96.88332104202658,99.50345736719451,99.53171
2026-01-01 00:47:40+00:00,MTR-18,100.0,96.65405066314389,99.49853432362987,99.552216
2026-01-01 00:47:50+00:00,MTR-18,100.0,97.71538278757146,99.50628382471012,99.5643
2026-01-01 00:48:00+00:00,MTR-18,100.0,97.18590167235844,99.4509056125709,99.55228
2026-01-01 00:48:10+00:00,MTR-18,100.0,97.04454739888976,99.48256364710073,99.54457
2026-01-01 00:48:20+00:00,MTR-18,100.0,97.74859759644492,99.50897129722169,99.649254
2026-01-01 00:48:30+00:00,MTR-18,100.0,97.11730011722726,99.50630591485333,99.56636
2026-01-01 00:48:40+00:00,MTR-18,99.74,96.94103161542282,99.50572895280608,99.53472
2026-01-01 00:48:50+00:00,MTR-18,100.0,97.09031028455252,99.50587425089664,99.59234
2026-01-01 00:49:00+00:00,MTR-18,100.0,96.4782471171591,99.41239240388198,99.59601
2026-01-01 00:49:10+00:00,MTR-18,98.62,97.74185084951561,99.50860929651249,99.650826
2026-01-01 00:49:20+00:00,MTR-18,99.93,97.57363387567324,99.50579976594355,99.63374
2026-01-01 00:49:30+00:00,MTR-18,98.75,97.23098888115582,99.50871871422815,99.566124
2026-01-01 00:49:40+00:00,MTR-18,99.77,96.33728668102555,99.42849877759208,99.49403
2026-01-01 00:49:50+00:00,MTR-18,100.0,96.74563683447167,99.50793178687279,99.576515
2026-01-01 00:50:00+00:00,MTR-18,100.0,97.92688385933452,99.5081248678951,99.573616
2026-01-01 00:50:10+00:00,MTR-18,100.0,97.61248353793121,99.50713190459778,99.62725
2026-01-01 00:50:20+00:00,MTR-18,99.87,97.35313145572808,99.50643084703181,99.53168
2026-01-01 00:50:30+00:00,MTR-18,98.19,96.06010010688297,99.4557096817214,99.624954
2026-01-01 00:50:40+00:00,MTR-18,100.0,96.05267968124764,99.50684075069117,99.541466
2026-01-01 00:50:50+00:00,MTR-18,100.0,96.13873613829836,99.50641062999536,99.52612
2026-01-01 00:51:00+00:00,MTR-18,100.0,97.88458199420732,99.50696579824262,99.53014
2026-01-01 00:51:10+00:00,MTR-18,98.89,96.70915144859013,99.50756096408018,99.54746
2026-01-01 00:51:20+00:00,MTR-18,100.0,96.99114035012371,99.50549073690853,99.54245
2026-01-01 00:51:30+00:00,MTR-18,97.21,97.68546088106774,99.50093383633094,99.54257
2026-01-01 00:51:40+00:00,MTR-18,100.0,97.81795817830526,99.50715765576403,99.5561
2026-01-01 00:51:50+00:00,MTR-18,99.92,97.70102279070258,99.50557371112993,99.54437
2026-01-01 00:52:00+00:00,MTR-18,100.0,99.1284416367025,99.50584733319805,99.5645
2026-01-01 00:52:10+00:00,MTR-18,99.04,98.34863831078748,99.5059729488953,99.59833
2026-01-01 00:52:20+00:00,MTR-18,100.0,98.33034673819371,99.49671495882663,99.584045
2026-01-01 00:52:30+00:00,MTR-18,97.48,97.36360124234525,99.50536884402099,99.514206
2026-01-01 00:52:40+00:00,MTR-18,100.0,98.09000180401263,99.50594573968016,99.520775
2026-01-01 00:52:50+00:00,MTR-18,98.98,96.87356931000537,99.50544125180566,99.490776
2026-01-01 00:53:00+00:00,MTR-18,99.31,97.33892576535696,99.50769833234331,99.50891
2026-01-01 00:53:10+00:00,MTR-18,97.7,97.96231092958753,99.5076182897261,99.492325
2026-01-01 00:53:20+00:00,MTR-18,100.0,97.19880720710402,99.49803929921849,99.567726
2026-01-01 00:53:30+00:00,MTR-18,98.56,98.15300362546105,99.50423383401868,99.53939
2026-01-01 00:53:40+00:00,MTR-18,100.0,97.33237493532813,99.50087070075277,99.587425
2026-01-01 00:53:50+00:00,MTR-18,99.84,98.09185487404973,99.50112132435486,99.602936
2026-01-01 00:54:00+00:00,MTR-18,100.0,98.2340034140851,99.50517268380786,99.562454
2026-01-01 00:54:10+00:00,MTR-18,100.0,98.96452209154435,99.5054743431364,99.69143
2026-01-01 00:54:20+00:00,MTR-18,100.0,98.86149520263126,99.50539721328609,99.56486
2026-01-01 00:54:30+00:00,MTR-18,99.95,98.62061136171633,99.50654340137882,99.58258
2026-01-01 00:54:40+00:00,MTR-18,100.0,99.15815738734149,99.50556673876372,99.5334
2026-01-01 00:54:50+00:00,MTR-18,99.23,98.92244175742879,99.50570323374713,99.52943
2026-01-01 00:55:00+00:00,MTR-18,100.0,99.04440365890169,99.50641109995253,99.51242
2026-01-01 00:55:10+00:00,MTR-18,98.65,99.59549995701826,99.50523325880494,99.54106
2026-01-01 00:55:20+00:00,MTR-18,99.93,98.48362864490446,99.50461275053642,99.571
2026-01-01 00:55:30+00:00,MTR-18,99.32,98.19236318180502,99.50531850785812,99.576965
2026-01-01 00:55:40+00:00,MTR-18,98.71,97.4473205941249,99.41185551305215,99.511314
2026-01-01 00:55:50+00:00,MTR-18,98.89,97.26687508093835,99.50194722163934,99.53939
2026-01-01 00:56:00+00:00,MTR-18,99.66,97.52046821158629,99.48347817498396,99.47604
2026-01-01 00:56:10+00:00,MTR-18,100.0,97.3865394927358,99.50647627657975,99.55089
2026-01-01 00:56:20+00:00,MTR-18,99.48,97.83910367797084,99.50824264020069,99.5378
2026-01-01 00:56:30+00:00,MTR-18,100.0,98.06946308184456,99.40904144580097,99.548416
2026-01-01 00:56:40+00:00,MTR-18,100.0,97.7355205298162,99.48437461769068,99.521835
2026-01-01 00:56:50+00:00,MTR-18,100.0,97.20818768005364,99.5049496375786,99.60288
2026-01-01 00:57:00+00:00,MTR-18,98.85,97.39556476799905,99.50642260566566,99.538216
2026-01-01 00:57:10+00:00,MTR-18,100.0,97.64608361521364,99.50629377587157,99.5209
2026-01-01 00:57:20+00:00,MTR-18,99.76,97.9583781123617,99.5048039705082,99.57969
2026-01-01 00:57:30+00:00,MTR-18,100.0,97.8770862694912,99.5073344468955,99.56174
2026-01-01 00:57:40+00:00,MTR-18,100.0,97.54867943623417,99.50553395241442,99.58532
2026-01-01 00:57:50+00:00,MTR-18,98.74,97.404758735356,99.5074188250407,99.60218
2026-01-01 00:58:00+00:00,MTR-18,96.21,98.49682736058328,99.50155955329795,99.5476
2026-01-01 00:58:10+00:00,MTR-18,99.33,98.43380370277893,99.50433262722233,99.563194
2026-01-01 00:58:20+00:00,MTR-18,99.49,97.58449334690565,99.50593917194088,99.576805
2026-01-01 00:58:30+00:00,MTR-18,98.65,96.74057635326967,99.42758090957186,99.47604
2026-01-01 00:58:40+00:00,MTR-18,100.0,96.56223452183995,99.50491640027035,99.57869
2026-01-01 00:58:50+00:00,MTR-18,100.0,97.03423609923684,99.50583168220003,99.56596
2026-01-01 00:59:00+00:00,MTR-18,98.78,97.63658396991457,99.50575552064966,99.55339
2026-01-01 00:59:10+00:00,MTR-18,100.0,97.7197155880934,99.50622072809487,99.57321
2026-01-01 00:59:20+00:00,MTR-18,100.0,97.94058912565225,99.50553627805638,99.582596
2026-01-01 00:59:30+00:00,MTR-18,100.0,97.99474275772275,99.50419107382932,99.535126
2026-01-01 00:59:40+00:00,MTR-18,99.02,99.360222220794,99.50636690203567,99.52951
2026-01-01 00:59:50+00:00,MTR-18,99.51,99.77545545724962,99.50375553269619,99.54022
2026-01-01 01:00:00+00:00,MTR-18,99.72,100.0,99.50607057291397,99.55229
2026-01-01 01:00:10+00:00,MTR-18,99.51,99.85283364916981,99.42845299454031,99.4234
2026-01-01 01:00:20+00:00,MTR-18,98.91,99.35296101546882,99.50538533023608,99.527214
2026-01-01 01:00:30+00:00,MTR-18,100.0,100.0,99.50528624985826,99.548996
2026-01-01 01:00:40+00:00,MTR-18,99.08,100.0,99.50561544488312,99.56136
2026-01-01 01:00:50+00:00,MTR-18,98.53,99.87161823384746,99.50153969646061,99.566826
2026-01-01 01:01:00+00:00,MTR-18,100.0,99.20722068131431,99.50011387844233,99.51951
2026-01-01 01:01:10+00:00,MTR-18,99.5,99.72992762399787,99.50657122446587,99.54798
2026-01-01 01:01:20+00:00,MTR-18,99.19,100.0,99.50680884146016,99.53653
2026-01-01 01:01:30+00:00,MTR-18,100.0,100.0,99.50577475709578,99.58687
2026-01-01 01:01:40+00:00,MTR-18,100.0,99.75992440184896,99.50545652924365,99.560814
2026-01-01 01:01:50+00:00,MTR-18,99.45,99.47448227004699,99.50574620231333,99.57771
2026-01-01 01:02:00+00:00,MTR-18,99.81,98.75745407930033,99.50856054480161,99.593925
2026-01-01 01:02:10+00:00,MTR-18,99.28,98.50273414083784,99.50577732111289,99.53287
2026-01-01 01:02:20+00:00,MTR-18,100.0,98.35283434749584,99.50787323106601,99.558044
2026-01-01 01:02:30+00:00,MTR-18,98.96,97.26225604382645,99.50512458581275,99.39084
2026-01-01 01:02:40+00:00,MTR-18,99.19,97.13613451522895,99.48734841395664,99.48687
2026-01-01 01:02:50+00:00,MTR-18,100.0,96.23958439102309,99.4814014629398,99.45081
2026-01-01 01:03:00+00:00,MTR-18,100.0,96.08908419104678,99.48543699707659,99.458954
2026-01-01 01:03:10+00:00,MTR-18,99.92,96.3734326751948,99.50749422704214,99.550766
2026-01-01 01:03:20+00:00,MTR-18,100.0,94.86101750025966,99.48786899761485,99.57069
2026-01-01 01:03:30+00:00,MTR-18,100.0,94.17950172457344,99.47537551559203,99.4042
2026-01-01 01:03:40+00:00,MTR-18,100.0,94.37002193039001,99.48663435539797,99.55416
2026-01-01 01:03:50+00:00,MTR-18,100.0,96.47778732960022,99.5075811303992,99.61965
2026-01-01 01:04:00+00:00,MTR-18,99.61,97.32763153957617,99.50734844971674,99.60923
2026-01-01 01:04:10+00:00,MTR-18,100.0,97.55743752905212,99.50810100511855,99.60588
2026-01-01 01:04:20+00:00,MTR-18,100.0,96.75760887341913,99.43020506283085,99.54702
2026-01-01 01:04:30+00:00,MTR-18,100.0,96.02819834661997,99.50550145412996,99.569084
2026-01-01 01:04:40+00:00,MTR-18,99.53,95.7618729894292,99.50752684876184,99.55418
2026-01-01 01:04:50+00:00,MTR-18,100.0,96.67182569606229,99.50686258485146,99.5526
2026-01-01 01:05:00+00:00,MTR-18,100.0,97.37692571115254,99.50664159649143,99.52022
2026-01-01 01:05:10+00:00,MTR-18,100.0,97.7472676197286,99.50723202715226,99.53764
2026-01-01 01:05:20+00:00,MTR-18,99.05,97.92675950420642,99.50539764962053,99.518295
2026-01-01 01:05:30+00:00,MTR-18,99.93,97.78654482848353,99.50636467772061,99.56325
2026-01-01 01:05:40+00:00,MTR-18,99.35,97.33258881617562,99.49999608026343,99.55739
2026-01-01 01:05:50+00:00,MTR-18,100.0,97.26497922343304,99.50635007943191,99.566925
2026-01-01 01:06:00+00:00,MTR-18,100.0,96.82200411273375,99.50466310097104,99.5423
2026-01-01 01:06:10+00:00,MTR-18,100.0,96.52512804354777,99.50663624588306,99.533226
2026-01-01 01:06:20+00:00,MTR-18,100.0,96.2409864613107,99.50406392220711,99.515144
2026-01-01 01:06:30+00:00,MTR-18,100.0,98.28000336237423,99.50638546096091,99.635796
2026-01-01 01:06:40+00:00,MTR-18,98.05,97.18911343004896,99.50519389238335,99.52264
2026-01-01 01:06:50+00:00,MTR-18,99.29,98.91810352971363,99.50018433538074,99.52584
2026-01-01 01:07:00+00:00,MTR-18,98.44,97.83781623380715,99.49223437427385,99.550026
2026-01-01 01:07:10+00:00,MTR-18,97.46,97.98025614126561,99.50262282846778,99.5681
2026-01-01 01:07:20+00:00,MTR-18,100.0,96.86338877823118,99.49761753996317,99.59163
2026-01-01 01:07:30+00:00,MTR-18,100.0,97.99276915386459,99.5059563632269,99.54803
2026-01-01 01:07:40+00:00,MTR-18,98.85,97.46635165279025,99.51385950961095,99.644066
2026-01-01 01:07:50+00:00,MTR-18,100.0,97.83864297668936,99.50506283024018,99.56117
2026-01-01 01:08:00+00:00,MTR-18,100.0,97.39203210209561,99.50450879983508,99.57259
2026-01-01 01:08:10+00:00,MTR-18,99.17,96.97546620983752,99.43122925101339,99.47864
2026-01-01 01:08:20+00:00,MTR-18,98.56,96.69956513379753,99.50509372774755,99.520836
2026-01-01 01:08:30+00:00,MTR-18,99.7,97.44103812071499,99.5059078692781,99.529434
2026-01-01 01:08:40+00:00,MTR-18,98.99,98.0190994495076,99.50697577114728,99.52093
2026-01-01 01:08:50+00:00,MTR-18,99.64,97.40742797465835,99.50408844981861,99.52239
2026-01-01 01:09:00+00:00,MTR-18,100.0,97.07429274623703,99.4665291511008,99.48999
2026-01-01 01:09:10+00:00,MTR-18,99.49,98.07404855067554,99.5080095951976,99.538795
2026-01-01 01:09:20+00:00,MTR-18,100.0,97.99532182734251,99.50620560702923,99.500626
2026-01-01 01:09:30+00:00,MTR-18,99.17,97.31464765592231,99.50604336700007,99.57263
2026-01-01 01:09:40+00:00,MTR-18,99.84,97.0286952868951,99.5064332801585,99.56869
2026-01-01 01:09:50+00:00,MTR-18,98.74,96.64097095288524,99.48469544718208,99.48745
2026-01-01 01:10:00+00:00,MTR-18,98.77,97.42060019855322,99.50906056703707,99.50434
2026-01-01 01:10:10+00:00,MTR-18,100.0,97.89534174024594,99.5107527869804,99.58094
2026-01-01 01:10:20+00:00,MTR-18,98.47,98.29587933262884,99.50755319883557,99.553085
2026-01-01 01:10:30+00:00,MTR-18,99.38,97.64698230339158,99.50743061283008,99.579765
2026-01-01 01:10:40+00:00,MTR-18,99.02,97.51752483971418,99.50669228692492,99.52472
2026-01-01 01:10:50+00:00,MTR-18,100.0,95.97567930267793,99.46739084608821,99.47711
2026-01-01 01:11:00+00:00,MTR-18,100.0,97.10077101809203,99.5122624801299,99.4406
2026-01-01 01:11:10+00:00,MTR-18,100.0,98.84636726015847,99.50730354143421,99.43102
2026-01-01 01:11:20+00:00,MTR-18,99.8,99.15770883243728,99.50730354143421,99.43214
2026-01-01 01:11:30+00:00,MTR-18,99.73,99.21661499609573,99.50685719202552,99.54264
2026-01-01 01:11:40+00:00,MTR-18,100.0,98.61191601236654,99.5077554703962,98.37063
2026-01-01 01:11:50+00:00,MTR-18,98.19,97.22172676421576,99.43288777776979,98.22413
2026-01-01 01:12:00+00:00,MTR-18,97.36,98.38111635060343,99.50433071848411,98.14993
2026-01-01 01:12:10+00:00,MTR-18,100.0,98.3828087312582,99.50818377161674,99.57617
2026-01-01 01:12:20+00:00,MTR-18,99.2,98.96428290859842,99.50687282785891,99.59984
2026-01-01 01:12:30+00:00,MTR-18,98.27,99.04416068906615,99.50819790940842,99.55734
2026-01-01 01:12:40+00:00,MTR-18,100.0,99.5022843601533,99.50756886417271,99.53391
2026-01-01 01:12:50+00:00,MTR-18,100.0,98.18691441677704,99.43596212488276,99.64962
2026-01-01 01:13:00+00:00,MTR-18,100.0,98.15072657005153,99.50762036279424,99.52982
2026-01-01 01:13:10+00:00,MTR-18,100.0,99.7507835403078,99.50715779146482,99.52471
2026-01-01 01:13:20+00:00,MTR-18,100.0,99.8059363449506,99.50695929129196,99.543625
2026-01-01 01:13:30+00:00,MTR-18,99.8,100.0,99.50794929454388,99.51565
2026-01-01 01:13:40+00:00,MTR-18,99.98,100.0,99.51010645509649,99.57196
2026-01-01 01:13:50+00:00,MTR-18,100.0,100.0,99.50746858156317,99.55676
2026-01-01 01:14:00+00:00,MTR-18,97.28,100.0,99.50667943463914,99.544205
2026-01-01 01:14:10+00:00,MTR-18,100.0,100.0,99.50320247790418,99.54489
2026-01-01 01:14:20+00:00,MTR-18,98.31,100.0,99.50312456953833,99.5105
2026-01-01 01:14:30+00:00,MTR-18,100.0,100.0,99.50564864693698,99.578354
2026-01-01 01:14:40+00:00,MTR-18,100.0,100.0,99.50677628548115,99.54066
2026-01-01 01:14:50+00:00,MTR-18,99.98,100.0,99.50656613004188,99.52719
2026-01-01 01:15:00+00:00,MTR-18,100.0,100.0,99.5074463393987,99.569824
2026-01-01 01:15:10+00:00,MTR-18,100.0,99.03027782604877,99.50508753946274,99.50991
2026-01-01 01:15:20+00:00,MTR-18,100.0,98.2874425169635,99.46336931670947,99.57071
2026-01-01 01:15:30+00:00,MTR-18,99.22,98.6582041312802,99.50941593079003,99.596825
2026-01-01 01:15:40+00:00,MTR-18,100.0,99.54774379596967,99.50794863552242,99.54323
2026-01-01 01:15:50+00:00,MTR-18,100.0,98.43907491108766,99.50616660630928,99.55362
2026-01-01 01:16:00+00:00,MTR-18,98.51,98.58056185642783,99.50661367344217,99.50235
2026-01-01 01:16:10+00:00,MTR-18,100.0,98.54272065580045,99.50809001944461,99.5285
2026-01-01 01:16:20+00:00,MTR-18,98.66,98.86714141545924,99.50763742704034,99.54961
2026-01-01 01:16:30+00:00,MTR-18,100.0,99.58077213273191,99.50831312265413,99.5484
2026-01-01 01:16:40+00:00,MTR-18,100.0,100.0,99.50655541871727,99.54483
2026-01-01 01:16:50+00:00,MTR-18,100.0,99.31556857324473,99.42938917088722,99.53029
2026-01-01 01:17:00+00:00,MTR-18,100.0,98.42074603283478,99.50675005333353,99.570854
2026-01-01 01:17:10+00:00,MTR-18,99.06,99.31088812147235,99.50719673914209,99.54672
2026-01-01 01:17:20+00:00,MTR-18,99.45,98.7171890437806,99.50474888182018,99.55511
2026-01-01 01:17:30+00:00,MTR-18,100.0,98.00470176689264,99.50570427160818,99.50639
2026-01-01 01:17:40+00:00,MTR-18,98.49,98.71816664054433,99.50589007242942,99.516884
2026-01-01 01:17:50+00:00,MTR-18,100.0,98.82972766169833,99.5069591221478,99.53383
2026-01-01 01:18:00+00:00,MTR-18,100.0,100.0,99.50719616887743,99.545135
2026-01-01 01:18:10+00:00,MTR-18,100.0,98.80295118217649,99.40775127432804,99.427414
2026-01-01 01:18:20+00:00,MTR-18,100.0,99.35515535697455,99.50702616744083,99.5572
2026-01-01 01:18:30+00:00,MTR-18,100.0,100.0,99.50589111865303,99.43709
2026-01-01 01:18:40+00:00,MTR-18,100.0,100.0,99.50600633635841,99.5317
2026-01-01 01:18:50+00:00,MTR-18,100.0,99.97628162458204,99.50673978069062,99.55958
2026-01-01 01:19:00+00:00,MTR-18,100.0,99.74398309843815,99.50819313986273,99.55984
2026-01-01 01:19:10+00:00,MTR-18,98.82,99.10924853732216,99.4330872765577,99.550514
2026-01-01 01:19:20+00:00,MTR-18,99.14,99.28912762783587,99.50810693333395,99.5388
2026-01-01 01:19:30+00:00,MTR-18,100.0,100.0,99.50826227195849,99.542145
2026-01-01 01:19:40+00:00,MTR-18,100.0,100.0,99.50634908023939,99.56427
2026-01-01 01:19:50+00:00,MTR-18,100.0,99.21195742729903,99.50780596165752,99.54521
2026-01-01 01:20:00+00:00,MTR-18,98.78,98.99454072737919,99.50902420893432,99.54647
2026-01-01 01:20:10+00:00,MTR-18,98.67,99.54303996210074,99.50610615401129,99.542786
2026-01-01 01:20:20+00:00,MTR-18,99.59,99.95276487850562,99.50777872284264,99.55336
2026-01-01 01:20:30+00:00,MTR-18,99.86,99.48184763637519,99.5098870972122,99.6337
2026-01-01 01:20:40+00:00,MTR-18,100.0,99.87737760063145,99.50768361692143,99.54467
2026-01-01 01:20:50+00:00,MTR-18,99.88,100.0,99.50768361692143,99.53827
2026-01-01 01:21:00+00:00,MTR-18,100.0,98.81471946599842,99.32623032738722,99.3703
2026-01-01 01:21:10+00:00,MTR-18,99.77,99.43823268220162,99.50677628548115,99.55003
2026-01-01 01:21:20+00:00,MTR-18,100.0,97.93159707733174,99.50782828680309,99.539154
2026-01-01 01:21:30+00:00,MTR-18,100.0,98.28788224481876,99.50717900681879,99.536156
2026-01-01 01:21:40+00:00,MTR-18,98.36,98.1076516950294,99.50551449781783,99.510254
2026-01-01 01:21:50+00:00,MTR-18,100.0,97.67461891132162,99.50803113464549,99.591354
2026-01-01 01:22:00+00:00,MTR-18,98.39,99.11356546420203,99.50438412542012,99.59199
2026-01-01 01:22:10+00:00,MTR-18,100.0,99.53599010501975,99.50625146614588,99.563545
2026-01-01 01:22:20+00:00,MTR-18,100.0,99.89277332187547,99.50793874313186,99.563446
2026-01-01 01:22:30+00:00,MTR-18,97.27,99.93547569890842,99.46501439445963,99.519844
2026-01-01 01:22:40+00:00,MTR-18,99.52,99.27901372110207,99.50675770906983,99.52309
2026-01-01 01:22:50+00:00,MTR-18,100.0,99.41835222893874,99.50807985723931,99.57111
2026-01-01 01:23:00+00:00,MTR-18,100.0,99.19896943743503,99.50805134946071,99.63594
2026-01-01 01:23:10+00:00,MTR-18,99.21,98.11553522023121,99.31456963268889,99.420395
2026-01-01 01:23:20+00:00,MTR-18,97.87,98.21133527707252,99.50656580753504,99.480995
2026-01-01 01:23:30+00:00,MTR-18,99.12,97.93991961764587,99.50814296414879,99.56743
2026-01-01 01:23:40+00:00,MTR-18,99.44,97.92329149402677,99.50741446957264,99.52004
2026-01-01 01:23:50+00:00,MTR-18,98.37,97.96942475070959,99.50918267984295,99.57252
2026-01-01 01:24:00+00:00,MTR-18,99.7,97.41880746765037,99.50730393600452,99.54157
2026-01-01 01:24:10+00:00,MTR-18,100.0,97.01887794841272,99.50834880871562,99.55478
2026-01-01 01:24:20+00:00,MTR-18,99.83,97.3892101926671,99.50825157614703,99.51214
2026-01-01 01:24:30+00:00,MTR-18,99.94,97.61503167077761,99.50741400742224,99.52293
2026-01-01 01:24:40+00:00,MTR-18,100.0,96.88833140921051,99.46460285732904,99.56221
2026-01-01 01:24:50+00:00,MTR-18,98.98,98.06017968800806,99.5077802063103,99.539085
2026-01-01 01:25:00+00:00,MTR-18,99.55,98.62304866244025,99.50573075495222,99.50832
2026-01-01 01:25:10+00:00,MTR-18,100.0,98.78284243106731,99.50635689854964,99.5443
2026-01-01 01:25:20+00:00,MTR-18,99.67,98.11608505719084,99.5069793992129,99.583084
2026-01-01 01:25:30+00:00,MTR-18,100.0,97.34071788630926,99.38668342783787,99.54503
2026-01-01 01:25:40+00:00,MTR-18,100.0,98.27617256696718,99.50921729850066,99.53796
2026-01-01 01:25:50+00:00,MTR-18,98.66,97.08096947190752,99.50715554464209,99.570946
2026-01-01 01:26:00+00:00,MTR-18,100.0,98.77647218535799,99.50816991046385,99.57631
2026-01-01 01:26:10+00:00,MTR-18,99.65,99.45134519880006,99.50739801124887,99.54999
2026-01-01 01:26:20+00:00,MTR-18,99.71,98.55984978575859,99.48564752061327,99.56521
2026-01-01 01:26:30+00:00,MTR-18,100.0,98.96654183299873,99.5055741128549,99.55548
2026-01-01 01:26:40+00:00,MTR-18,100.0,98.56099295029607,99.50831245303208,99.5908
2026-01-01 01:26:50+00:00,MTR-18,100.0,98.95755836382375,99.5072391700752,99.56782
2026-01-01 01:27:00+00:00,MTR-18,99.67,98.50675823011457,99.50677455925708,99.547966
2026-01-01 01:27:10+00:00,MTR-18,100.0,98.5562615304327,99.5058400667442,99.49801
2026-01-01 01:27:20+00:00,MTR-18,98.64,98.19097667788303,99.50821027925655,99.497894
2026-01-01 01:27:30+00:00,MTR-18,100.0,98.08494475199099,99.49810402331536,99.60812
2026-01-01 01:27:40+00:00,MTR-18,100.0,97.61761001748833,99.5083276724042,99.57163
2026-01-01 01:27:50+00:00,MTR-18,100.0,97.29276739196727,99.42954127410131,99.46931
2026-01-01 01:28:00+00:00,MTR-18,98.91,98.52667827902158,99.50700849020463,99.52661
2026-01-01 01:28:10+00:00,MTR-18,99.18,98.93837684420099,99.50700849020463,99.54803
2026-01-01 01:28:20+00:00,MTR-18,99.71,99.04048964595086,99.5068379185034,99.53561
2026-01-01 01:28:30+00:00,MTR-18,100.0,99.59623510007208,99.50581425426316,99.52819
2026-01-01 01:28:40+00:00,MTR-18,97.53,99.6652056450373,99.50570223888427,99.53012
2026-01-01 01:28:50+00:00,MTR-18,99.09,98.15034802054713,99.50600430792235,99.54328
2026-01-01 01:29:00+00:00,MTR-18,99.38,98.70486553250619,99.50614276465828,99.561325
2026-01-01 01:29:10+00:00,MTR-18,99.23,96.38131778783246,99.34590272348879,99.48262
2026-01-01 01:29:20+00:00,MTR-18,100.0,98.00613205679386,99.5087116991655,99.509636
2026-01-01 01:29:30+00:00,MTR-18,99.92,98.38000814681808,99.50795914376369,99.560814
2026-01-01 01:29:40+00:00,MTR-18,100.0,98.35474352893473,99.50679533924855,99.53225
2026-01-01 01:29:50+00:00,MTR-18,100.0,97.28456560836275,99.47724696474423,99.41179
2026-01-01 01:30:00+00:00,MTR-18,100.0,97.77895492475103,99.48499148948791,99.4505
2026-01-01 01:30:10+00:00,MTR-18,98.03,98.30792730644512,99.50625774495074,99.51522
2026-01-01 01:30:20+00:00,MTR-18,100.0,97.89738396436958,99.5072399648994,99.53755
2026-01-01 01:30:30+00:00,MTR-18,99.36,97.38042836151143,99.50626374973717,99.58039
2026-01-01 01:30:40+00:00,MTR-18,100.0,97.42603942934042,99.50632437335771,99.537994
2026-01-01 01:30:50+00:00,MTR-18,99.51,97.1487523595276,99.50996350362703,99.53665
2026-01-01 01:31:00+00:00,MTR-18,100.0,98.76615931629016,99.50764895002884,99.54286
2026-01-01 01:31:10+00:00,MTR-18,99.46,97.44315095270905,99.50660484480372,99.59032
2026-01-01 01:31:20+00:00,MTR-18,100.0,97.16109349710382,99.5061353920391,99.560394
2026-01-01 01:31:30+00:00,MTR-18,100.0,97.52934764146353,99.50578832048095,99.55206
2026-01-01 01:31:40+00:00,MTR-18,100.0,98.12544206900542,99.51176986669779,99.55214
2026-01-01 01:31:50+00:00,MTR-18,100.0,98.38755088410294,99.49974119765533,99.557915
2026-01-01 01:32:00+00:00,MTR-18,98.48,98.49911129847958,99.50735207345363,99.53969
2026-01-01 01:32:10+00:00,MTR-18,98.39,98.58073897643692,99.5065819955225,99.53257
2026-01-01 01:32:20+00:00,MTR-18,100.0,97.83103360449459,99.50493582507185,99.55081
2026-01-01 01:32:30+00:00,MTR-18,100.0,98.58797241367402,99.50634985036623,99.5158
2026-01-01 01:32:40+00:00,MTR-18,100.0,99.88292925089519,99.50745826405917,99.5635
2026-01-01 01:32:50+00:00,MTR-18,98.77,99.6785678118778,99.50770506707134,99.56372
2026-01-01 01:33:00+00:00,MTR-18,100.0,99.11850318362481,99.50751964474456,99.575424
2026-01-01 01:33:10+00:00,MTR-18,99.23,99.18277245343117,99.50731236714168,99.52678
2026-01-01 01:33:20+00:00,MTR-18,100.0,99.35180519622268,99.50962997194138,99.5803
2026-01-01 01:33:30+00:00,MTR-18,99.08,99.75532214845049,99.50835159322408,99.548355
2026-01-01 01:33:40+00:00,MTR-18,100.0,99.91228117651436,99.50641583617103,99.52109
2026-01-01 01:33:50+00:00,MTR-18,100.0,99.92902649217028,99.50772723683262,99.54904
2026-01-01 01:34:00+00:00,MTR-18,99.19,100.0,99.5070422013606,99.51212
2026-01-01 01:34:10+00:00,MTR-18,99.22,100.0,99.50829868965214,99.54712
2026-01-01 01:34:20+00:00,MTR-18,99.04,100.0,99.50726049659416,99.5241
2026-01-01 01:34:30+00:00,MTR-18,100.0,100.0,99.49646591795614,99.554794
2026-01-01 01:34:40+00:00,MTR-18,98.86,100.0,99.5074507603018,99.53419
2026-01-01 01:34:50+00:00,MTR-18,100.0,100.0,99.2863450210638,99.560936
2026-01-01 01:35:00+00:00,MTR-18,98.81,99.83784551050601,99.50536647935984,99.52777
2026-01-01 01:35:10+00:00,MTR-18,100.0,100.0,99.50762023563836,99.5491
2026-01-01 01:35:20+00:00,MTR-18,98.74,100.0,99.50699236706302,99.5153
2026-01-01 01:35:30+00:00,MTR-18,100.0,100.0,99.50774539604576,99.5618
2026-01-01 01:35:40+00:00,MTR-18,100.0,100.0,99.50664035630085,99.53778
2026-01-01 01:35:50+00:00,MTR-18,98.35,99.82807938115837,99.50597970115156,99.52697
2026-01-01 01:36:00+00:00,MTR-18,100.0,99.36642073957795,99.50558797568227,99.49868
2026-01-01 01:36:10+00:00,MTR-18,98.86,99.42108674944583,99.50685158109135,99.55025
2026-01-01 01:36:20+00:00,MTR-18,99.22,98.93277557177099,99.5068379185034,99.54852
2026-01-01 01:36:30+00:00,MTR-18,99.57,99.08560505321572,99.5074724210223,99.54536
2026-01-01 01:36:40+00:00,MTR-18,99.5,99.34824231464236,99.5072245717865,99.541534
2026-01-01 01:36:50+00:00,MTR-18,100.0,99.47757851881947,99.50628312097857,99.52385
2026-01-01 01:37:00+00:00,MTR-18,100.0,98.81997012060135,99.50700781020419,99.57298
2026-01-01 01:37:10+00:00,MTR-18,100.0,99.51083133954583,99.50699236706302,99.53948
2026-01-01 01:37:20+00:00,MTR-18,100.0,97.69630663740988,99.42989748697151,99.430374
2026-01-01 01:37:30+00:00,MTR-18,100.0,98.37642219780432,99.50822497642409,99.515465
2026-01-01 01:37:40+00:00,MTR-18,100.0,98.39978093961126,99.50743710557302,99.564514
2026-01-01 01:37:50+00:00,MTR-18,98.4,98.45919899999132,99.50709832688399,99.5478
2026-01-01 01:38:00+00:00,MTR-18,100.0,96.7130475937328,99.41974313363326,99.52947
2026-01-01 01:38:10+00:00,MTR-18,96.52,97.10329110474119,99.48505784439034,99.41811
2026-01-01 01:38:20+00:00,MTR-18,100.0,98.12886362991414,99.4859518144009,99.3829
2026-01-01 01:38:30+00:00,MTR-18,98.05,98.63737336423135,99.50690096499113,99.533424
2026-01-01 01:38:40+00:00,MTR-18,100.0,99.12203708307908,99.50745826405917,99.57871
2026-01-01 01:38:50+00:00,MTR-18,100.0,99.71144109696125,99.50723419912997,99.53167
2026-01-01 01:39:00+00:00,MTR-18,100.0,99.13035869466755,99.42980979129331,99.55478
2026-01-01 01:39:10+00:00,MTR-18,99.89,99.0273995668157,99.50615689265778,99.54125
2026-01-01 01:39:20+00:00,MTR-18,100.0,97.83804020614997,99.46980188047537,99.60288
2026-01-01 01:39:30+00:00,MTR-18,98.75,98.37986522565654,99.50635507147483,99.568375
2026-01-01 01:39:40+00:00,MTR-18,97.9,99.01540149532545,99.50723379821747,99.46918
2026-01-01 01:39:50+00:00,MTR-18,100.0,99.54398596024095,99.50723484444107,99.506874
2026-01-01 01:40:00+00:00,MTR-18,99.03,98.21301153634023,99.50956018280452,99.562195
2026-01-01 01:40:10+00:00,MTR-18,99.27,97.56127213731884,99.43000731361357,99.402435
2026-01-01 01:40:20+00:00,MTR-18,99.24,98.61178889971882,99.50617602696418,99.50029
2026-01-01 01:40:30+00:00,MTR-18,99.87,100.0,99.50366864328308,99.580795
2026-01-01 01:40:40+00:00,MTR-18,97.91,100.0,99.50781438446585,99.48888
2026-01-01 01:40:50+00:00,MTR-18,99.82,100.0,99.50731354721248,99.54468
2026-01-01 01:41:00+00:00,MTR-18,100.0,100.0,99.50677116109664,99.556175
2026-01-01 01:41:10+00:00,MTR-18,99.62,100.0,99.42980979129331,99.5407
2026-01-01 01:41:20+00:00,MTR-18,99.73,100.0,99.506869449344,99.4776
2026-01-01 01:41:30+00:00,MTR-18,100.0,100.0,99.50686481654523,99.54968
2026-01-01 01:41:40+00:00,MTR-18,98.0,100.0,99.50643805460199,99.59316
2026-01-01 01:41:50+00:00,MTR-18,98.5,99.25503402708924,99.49905130326971,99.55458
2026-01-01 01:42:00+00:00,MTR-18,97.91,98.85415018482843,99.43041335906976,99.46989
2026-01-01 01:42:10+00:00,MTR-18,100.0,99.3772108465974,99.50811947209714,99.57208
2026-01-01 01:42:20+00:00,MTR-18,99.84,100.0,99.50763799593734,99.55139
2026-01-01 01:42:30+00:00,MTR-18,99.51,98.93309967937915,99.5059782865722,99.54846
2026-01-01 01:42:40+00:00,MTR-18,99.81,99.49712745674555,99.50760329849979,99.522
2026-01-01 01:42:50+00:00,MTR-18,98.71,100.0,99.5069015273729,99.520195
2026-01-01 01:43:00+00:00,MTR-18,100.0,100.0,99.50641535545266,99.53729
2026-01-01 01:43:10+00:00,MTR-18,98.95,100.0,99.50942944145477,99.55535
2026-01-01 01:43:20+00:00,MTR-18,99.94,100.0,99.5072936185005,99.58439
2026-01-01 01:43:30+00:00,MTR-18,98.52,100.0,99.5072876923579,99.57679
2026-01-01 01:43:40+00:00,MTR-18,99.07,100.0,99.50904847733477,99.59167
2026-01-01 01:43:50+00:00,MTR-18,100.0,100.0,99.50746745007706,99.56113
2026-01-01 01:44:00+00:00,MTR-18,99.05,100.0,99.50865094657225,99.53901
2026-01-01 01:44:10+00:00,MTR-18,99.91,100.0,99.50807204973877,99.55602
2026-01-01 01:44:20+00:00,MTR-18,99.08,100.0,99.50912646379321,99.57108
2026-01-01 01:44:30+00:00,MTR-18,100.0,100.0,99.50584694263003,99.5478
2026-01-01 01:44:40+00:00,MTR-18,99.44,100.0,99.50762082657212,99.55035
2026-01-01 01:44:50+00:00,MTR-18,100.0,100.0,99.50698777159037,99.57903
2026-01-01 01:45:00+00:00,MTR-18,98.42,100.0,99.50745025487086,99.55498
2026-01-01 01:45:10+00:00,MTR-18,99.66,100.0,99.45176862078289,99.5208
2026-01-01 01:45:20+00:00,MTR-18,100.0,100.0,99.50693139061255,99.548225
2026-01-01 01:45:30+00:00,MTR-18,100.0,100.0,99.50696697145085,99.53644
2026-01-01 01:45:40+00:00,MTR-18,99.65,100.0,99.50533342153187,99.59526
2026-01-01 01:45:50+00:00,MTR-18,99.63,100.0,99.50679900637556,99.57126
2026-01-01 01:46:00+00:00,MTR-18,100.0,100.0,99.5065814653742,99.54933
2026-01-01 01:46:10+00:00,MTR-18,100.0,100.0,99.50620187721863,99.57481
2026-01-01 01:46:20+00:00,MTR-18,99.26,99.70930183789542,99.49776295579535,99.546135
2026-01-01 01:46:30+00:00,MTR-18,99.49,99.46386617619902,99.49744627441508,99.54354
2026-01-01 01:46:40+00:00,MTR-18,100.0,100.0,99.50594338091514,99.56264
2026-01-01 01:46:50+00:00,MTR-18,100.0,100.0,99.50718027914856,99.5341
2026-01-01 01:47:00+00:00,MTR-18,100.0,100.0,99.507435748596,99.55489
2026-01-01 01:47:10+00:00,MTR-18,98.22,100.0,99.5066144988853,99.55699
2026-01-01 01:47:20+00:00,MTR-18,99.61,100.0,99.50761490352288,99.56485
2026-01-01 01:47:30+00:00,MTR-18,97.81,100.0,99.50553016735657,99.54034
2026-01-01 01:47:40+00:00,MTR-18,99.97,99.70189763986453,99.50506977182033,99.54446
2026-01-01 01:47:50+00:00,MTR-18,100.0,100.0,99.50728403653218,99.58925
2026-01-01 01:48:00+00:00,MTR-18,99.01,100.0,99.50671298987136,99.554405
2026-01-01 01:48:10+00:00,MTR-18,98.97,100.0,99.5071010779418,99.55201
2026-01-01 01:48:20+00:00,MTR-18,100.0,99.58552416676324,99.43862661357183,99.72688
2026-01-01 01:48:30+00:00,MTR-18,100.0,100.0,99.50667340613333,99.57613
2026-01-01 01:48:40+00:00,MTR-18,99.1,100.0,99.43618745380287,99.625786
2026-01-01 01:48:50+00:00,MTR-18,100.0,98.98995339358375,99.43281875936569,99.59675
2026-01-01 01:49:00+00:00,MTR-18,98.11,99.33442418263718,99.50617897052803,99.5393
2026-01-01 01:49:10+00:00,MTR-18,98.18,98.56592455679767,99.50281678906208,99.52753
2026-01-01 01:49:20+00:00,MTR-18,98.93,98.0246090800543,99.50447069051641,99.6407
2026-01-01 01:49:30+00:00,MTR-18,99.76,98.83782590418501,99.50783959254726,99.56005
2026-01-01 01:49:40+00:00,MTR-18,100.0,99.2470461519833,99.50754960996483,99.58302
2026-01-01 01:49:50+00:00,MTR-18,100.0,99.37906863142162,99.50762303137542,99.54969
2026-01-01 01:50:00+00:00,MTR-18,99.13,99.27410044693292,99.49741411850576,99.583336
2026-01-01 01:50:10+00:00,MTR-18,98.88,98.64667629657674,99.50488349292118,99.49976
2026-01-01 01:50:20+00:00,MTR-18,97.58,98.6615265170163,99.50369089042104,99.580574
2026-01-01 01:50:30+00:00,MTR-18,100.0,99.03145144402548,99.50246638137628,99.56404
2026-01-01 01:50:40+00:00,MTR-18,98.76,99.14078306406373,99.50853057015568,99.468895
2026-01-01 01:50:50+00:00,MTR-18,99.97,100.0,99.50776884258266,99.542984
2026-01-01 01:51:00+00:00,MTR-18,100.0,100.0,99.5090999429298,99.52985
2026-01-01 01:51:10+00:00,MTR-18,98.65,99.61083005931332,99.43233121996768,99.54557
2026-01-01 01:51:20+00:00,MTR-18,100.0,99.43760478818801,99.42501925473493,99.44603
2026-01-01 01:51:30+00:00,MTR-18,100.0,99.34433555276445,99.5051195778577,99.52068
2026-01-01 01:51:40+00:00,MTR-18,98.44,100.0,99.50922849633571,99.50391
2026-01-01 01:51:50+00:00,MTR-18,99.51,100.0,99.50865338942083,99.57159
2026-01-01 01:52:00+00:00,MTR-18,100.0,100.0,99.50628834077226,99.52862
2026-01-01 01:52:10+00:00,MTR-18,100.0,100.0,99.50739542469887,99.574455
2026-01-01 01:52:20+00:00,MTR-18,100.0,100.0,99.50716356308531,99.536766
2026-01-01 01:52:30+00:00,MTR-18,100.0,100.0,99.46638460223238,99.59793
2026-01-01 01:52:40+00:00,MTR-18,100.0,100.0,99.50676894744494,99.530914
2026-01-01 01:52:50+00:00,MTR-18,100.0,100.0,99.50563634452571,99.53481
2026-01-01 01:53:00+00:00,MTR-18,99.94,100.0,99.50769254812893,99.52669
2026-01-01 01:53:10+00:00,MTR-18,100.0,100.0,99.50693082055591,99.526245
2026-01-01 01:53:20+00:00,MTR-18,98.56,100.0,99.5072872865818,99.57942
2026-01-01 01:53:30+00:00,MTR-18,100.0,100.0,99.50643410604799,99.54964
2026-01-01 01:53:40+00:00,MTR-18,98.22,100.0,99.50661554510891,99.542755
2026-01-01 01:53:50+00:00,MTR-18,97.6,100.0,99.49869216129996,99.552666
2026-01-01 01:54:00+00:00,MTR-18,98.65,100.0,99.50596956135837,99.51298
2026-01-01 01:54:10+00:00,MTR-18,100.0,100.0,99.47519669840207,99.466805
2026-01-01 01:54:20+00:00,MTR-18,99.64,100.0,99.50585133171249,99.52478
2026-01-01 01:54:30+00:00,MTR-18,98.03,99.50455696149959,99.50332550676207,99.13911
2026-01-01 01:54:40+00:00,MTR-18,99.62,100.0,99.50851227217306,99.55776
2026-01-01 01:54:50+00:00,MTR-18,100.0,100.0,99.50745648487167,99.60232
2026-01-01 01:55:00+00:00,MTR-18,100.0,100.0,99.5046601429919,99.597885
2026-01-01 01:55:10+00:00,MTR-18,100.0,100.0,99.5064250797627,99.56239
2026-01-01 01:55:20+00:00,MTR-18,100.0,100.0,99.50676770978646,99.62092
2026-01-01 01:55:30+00:00,MTR-18,100.0,100.0,99.50858899707947,99.58762
2026-01-01 01:55:40+00:00,MTR-18,98.51,100.0,99.4791230598014,99.51837
2026-01-01 01:55:50+00:00,MTR-18,98.1,99.84949913436725,99.47998729395083,99.522194
2026-01-01 01:56:00+00:00,MTR-18,100.0,100.0,99.5069511617623,99.58075
2026-01-01 01:56:10+00:00,MTR-18,100.0,100.0,99.50783790709474,99.584564
2026-01-01 01:56:20+00:00,MTR-18,100.0,100.0,99.50702792133666,99.61148
2026-01-01 01:56:30+00:00,MTR-18,100.0,100.0,99.51035417949622,99.592316
2026-01-01 01:56:40+00:00,MTR-18,100.0,100.0,99.50598330733726,99.552986
2026-01-01 01:56:50+00:00,MTR-18,99.51,99.98473546593196,99.50810275843256,99.60201
2026-01-01 01:57:00+00:00,MTR-18,98.65,100.0,99.50756449392702,99.55541
2026-01-01 01:57:10+00:00,MTR-18,100.0,100.0,99.5085648985646,99.57643
2026-01-01 01:57:20+00:00,MTR-18,100.0,100.0,99.50660642514019,99.57542
2026-01-01 01:57:30+00:00,MTR-18,100.0,100.0,99.50690665708044,99.63357
2026-01-01 01:57:40+00:00,MTR-18,100.0,100.0,99.50714391093904,99.57161
2026-01-01 01:57:50+00:00,MTR-18,97.94,99.91671921350226,99.50551968987736,99.5923
2026-01-01 01:58:00+00:00,MTR-18,100.0,99.1498583464814,99.50500011174728,99.56327
2026-01-01 01:58:10+00:00,MTR-18,100.0,98.69173042688838,99.48153741781421,99.50217
2026-01-01 01:58:20+00:00,MTR-18,99.84,99.44608096624262,99.50350086831754,99.51701
2026-01-01 01:58:30+00:00,MTR-18,100.0,98.93992471244964,99.50752148071552,99.58445
2026-01-01 01:58:40+00:00,MTR-18,100.0,99.23972544489185,99.5071519682756,99.59906
2026-01-01 01:58:50+00:00,MTR-18,97.95,99.39664405058323,99.50707318704124,99.549416
2026-01-01 01:59:00+00:00,MTR-18,99.67,100.0,99.50801669181845,99.56909
2026-01-01 01:59:10+00:00,MTR-18,98.08,100.0,99.50657460664121,99.57905
2026-01-01 01:59:20+00:00,MTR-18,100.0,99.23869074955844,99.50750076661468,99.62446
2026-01-01 01:59:30+00:00,MTR-18,100.0,98.86641127954141,99.5072645823776,99.58812
2026-01-01 01:59:40+00:00,MTR-18,99.72,99.47583402091507,99.50691237945946,99.576645
2026-01-01 01:59:50+00:00,MTR-18,100.0,99.26537375651874,99.50617215909503,99.63429
2026-01-01 02:00:00+00:00,MTR-18,99.31,100.0,99.50839730209178,99.59945
2026-01-01 02:00:10+00:00,MTR-18,99.18,100.0,99.50701201625189,99.62317
2026-01-01 02:00:20+00:00,MTR-18,98.49,99.12210585789573,99.50708184390224,99.67574
2026-01-01 02:00:30+00:00,MTR-18,99.96,100.0,99.50776884258266,99.605316
2026-01-01 02:00:40+00:00,MTR-18,99.99,100.0,99.50876924722024,99.59414
2026-01-01 02:00:50+00:00,MTR-18,98.21,100.0,99.49927129020061,99.661705
2026-01-01 02:01:00+00:00,MTR-18,98.85,100.0,99.50897912845637,99.57604
2026-01-01 02:01:10+00:00,MTR-18,100.0,100.0,99.50738984166622,99.593605
2026-01-01 02:01:20+00:00,MTR-18,98.5,100.0,99.50134243154443,99.5717
2026-01-01 02:01:30+00:00,MTR-18,100.0,100.0,99.50830243666694,99.58566
2026-01-01 02:01:40+00:00,MTR-18,98.89,100.0,99.50623740764959,99.56177
2026-01-01 02:01:50+00:00,MTR-18,99.93,100.0,99.46805097861382,99.52147
2026-01-01 02:02:00+00:00,MTR-18,100.0,100.0,99.50499276179944,99.523315
2026-01-01 02:02:10+00:00,MTR-18,100.0,100.0,99.50844202981499,99.5905
2026-01-01 02:02:20+00:00,MTR-18,100.0,100.0,99.50609639237427,99.50242
2026-01-01 02:02:30+00:00,MTR-18,100.0,100.0,99.50806480851446,99.60648
2026-01-01 02:02:40+00:00,MTR-18,100.0,100.0,99.50797877145946,99.53759
2026-01-01 02:02:50+00:00,MTR-18,100.0,100.0,99.5076094614037,99.52577
2026-01-01 02:03:00+00:00,MTR-18,100.0,100.0,99.50839347161893,99.50746
2026-01-01 02:03:10+00:00,MTR-18,100.0,100.0,99.50039594275951,99.56651
2026-01-01 02:03:20+00:00,MTR-18,99.92,99.74067773264815,99.50688445658207,99.5558
2026-01-01 02:03:30+00:00,MTR-18,100.0,100.0,99.49185337956413,99.50759
2026-01-01 02:03:40+00:00,MTR-18,100.0,98.91670734062305,99.50696019144547,99.43563
2026-01-01 02:03:50+00:00,MTR-18,100.0,98.52849956277487,99.49937456257277,99.66595
2026-01-01 02:04:00+00:00,MTR-18,100.0,99.7752403060798,99.50839605842002,99.62684
2026-01-01 02:04:10+00:00,MTR-18,99.33,100.0,99.50763712063736,99.63186
2026-01-01 02:04:20+00:00,MTR-18,100.0,100.0,99.50780596078192,99.60834
2026-01-01 02:04:30+00:00,MTR-18,99.01,99.74033789744921,99.43015649982677,99.522224
2026-01-01 02:04:40+00:00,MTR-18,98.17,100.0,99.50756859704465,99.565254
2026-01-01 02:04:50+00:00,MTR-18,98.51,100.0,99.50799408802153,99.60677
2026-01-01 02:05:00+00:00,MTR-18,97.78,100.0,99.50849517185013,99.56714
2026-01-01 02:05:10+00:00,MTR-18,100.0,100.0,99.50716127617672,99.57602
2026-01-01 02:05:20+00:00,MTR-18,100.0,100.0,99.50748007885825,99.54854
2026-01-01 02:05:30+00:00,MTR-18,98.68,100.0,99.46546508542738,99.548615
2026-01-01 02:05:40+00:00,MTR-18,99.51,99.95027000920406,99.50605626881874,99.51354
2026-01-01 02:05:50+00:00,MTR-18,97.86,99.45659509957225,99.50699016207155,99.5638
2026-01-01 02:06:00+00:00,MTR-18,98.5,100.0,99.5076508106613,99.51547
2026-01-01 02:06:10+00:00,MTR-18,100.0,100.0,99.50810078743677,99.523346
2026-01-01 02:06:20+00:00,MTR-18,99.16,99.87654098974812,99.45165180751474,99.50851
2026-01-01 02:06:30+00:00,MTR-18,100.0,98.88030527407435,99.43721220365134,99.51543
2026-01-01 02:06:40+00:00,MTR-18,100.0,99.66293662386595,99.48231168909648,99.48189
2026-01-01 02:06:50+00:00,MTR-18,98.2,99.24618035077715,99.50649352764508,99.52066
2026-01-01 02:07:00+00:00,MTR-18,100.0,99.58178958070211,99.50640464879895,99.519585
2026-01-01 02:07:10+00:00,MTR-18,98.8,99.39580359952481,99.50831551669498,99.651726
2026-01-01 02:07:20+00:00,MTR-18,99.98,98.337676299853,99.40806627985185,99.612755
2026-01-01 02:07:30+00:00,MTR-18,100.0,98.17661225749879,98.02502486913401,97.35552
2026-01-01 02:07:40+00:00,MTR-18,99.45,97.74068388986575,97.8086487103416,97.31595
2026-01-01 02:07:50+00:00,MTR-18,100.0,98.7275773283163,99.47916790264219,99.53066
2026-01-01 02:08:00+00:00,MTR-18,99.39,100.0,99.50765500411337,99.51215
2026-01-01 02:08:10+00:00,MTR-18,98.97,98.74867622154545,99.47478889053967,99.54911
2026-01-01 02:08:20+00:00,MTR-18,100.0,99.03529041812807,99.46737463073595,99.3698
2026-01-01 02:08:30+00:00,MTR-18,100.0,99.46487842934803,99.50736722615812,99.619705
2026-01-01 02:08:40+00:00,MTR-18,99.69,99.17772514631734,99.50719119754208,99.51014
2026-01-01 02:08:50+00:00,MTR-18,98.26,100.0,99.50745753109528,99.56655
2026-01-01 02:09:00+00:00,MTR-18,100.0,100.0,99.50738601119339,99.527115
2026-01-01 02:09:10+00:00,MTR-18,100.0,99.79288516078293,99.49853327774149,99.592766
2026-01-01 02:09:20+00:00,MTR-18,100.0,100.0,99.50760344254687,99.52985
2026-01-01 02:09:30+00:00,MTR-18,98.05,99.86104003166022,99.50655240061235,99.516914
2026-01-01 02:09:40+00:00,MTR-18,97.46,100.0,99.50943787819618,99.448326
2026-01-01 02:09:50+00:00,MTR-18,97.84,100.0,99.50590918817178,99.604355
2026-01-01 02:10:00+00:00,MTR-18,99.81,100.0,99.50590918817178,99.55491
2026-01-01 02:10:10+00:00,MTR-18,98.53,98.37490527632454,99.37590436027786,97.38081
2026-01-01 02:10:20+00:00,MTR-18,100.0,98.99038212298686,99.50702019347044,99.624245
2026-01-01 02:10:30+00:00,MTR-18,100.0,98.81926958700998,99.50722846354422,99.550896
2026-01-01 02:10:40+00:00,MTR-18,99.72,99.90076036296013,99.5090611920711,99.61113
2026-01-01 02:10:50+00:00,MTR-18,100.0,100.0,99.50713664839915,99.67279
2026-01-01 02:11:00+00:00,MTR-18,100.0,100.0,99.50712213376424,99.56993
2026-01-01 02:11:10+00:00,MTR-18,99.57,100.0,99.5032129117407,99.5422
2026-01-01 02:11:20+00:00,MTR-18,100.0,100.0,99.432952192876,99.67716
2026-01-01 02:11:30+00:00,MTR-18,100.0,100.0,99.50698875164511,99.588326
2026-01-01 02:11:40+00:00,MTR-18,99.12,98.57964033367257,99.41371136434154,99.3656
2026-01-01 02:11:50+00:00,MTR-18,98.34,99.53254262368239,99.5074913063566,99.50874
2026-01-01 02:12:00+00:00,MTR-18,100.0,98.54691310969399,99.33925822292618,98.90438
2026-01-01 02:12:10+00:00,MTR-18,100.0,98.61216091585926,99.49972387848806,99.60976
2026-01-01 02:12:20+00:00,MTR-18,99.88,99.83331405628273,99.50718094552491,99.52592
2026-01-01 02:12:30+00:00,MTR-18,99.6,100.0,99.50883081444404,99.53463
2026-01-01 02:12:40+00:00,MTR-18,100.0,100.0,99.50845991553916,99.5477
2026-01-01 02:12:50+00:00,MTR-18,99.9,100.0,99.50906959593813,99.54818
2026-01-01 02:13:00+00:00,MTR-18,100.0,99.1361736028428,99.50352175310343,99.60414
2026-01-01 02:13:10+00:00,MTR-18,99.82,100.0,99.50824723374642,99.527214
2026-01-01 02:13:20+00:00,MTR-18,100.0,100.0,99.5079944320887,99.52162
2026-01-01 02:13:30+00:00,MTR-18,99.32,100.0,99.5075790922157,99.54805
2026-01-01 02:13:40+00:00,MTR-18,99.71,98.74161089330694,99.32995700600301,99.24624
2026-01-01 02:13:50+00:00,MTR-18,100.0,99.86640019961527,99.50606015114569,99.61625
2026-01-01 02:14:00+00:00,MTR-18,98.83,99.62765852303934,99.50833225251556,99.5594
2026-01-01 02:14:10+00:00,MTR-18,100.0,100.0,99.50621341424568,99.52964
2026-01-01 02:14:20+00:00,MTR-18,100.0,99.96153989839814,99.50583830083866,99.55847
2026-01-01 02:14:30+00:00,MTR-18,99.89,99.58607543065955,99.5068346835848,99.51086
2026-01-01 02:14:40+00:00,MTR-18,100.0,100.0,99.5068894877152,99.54163
2026-01-01 02:14:50+00:00,MTR-18,100.0,99.19369606641479,99.50740240557178,99.53181
2026-01-01 02:15:00+00:00,MTR-18,100.0,99.37276262458099,99.50601689796734,99.53957
2026-01-01 02:15:10+00:00,MTR-18,100.0,98.0161475520454,99.45150010359087,99.50963
2026-01-01 02:15:20+00:00,MTR-18,100.0,98.62086918483783,99.50630293482952,99.452225
2026-01-01 02:15:30+00:00,MTR-18,100.0,99.82382065771058,99.50669274187447,99.5041
2026-01-01 02:15:40+00:00,MTR-18,99.92,100.0,99.50733471324044,99.49477
2026-01-01 02:15:50+00:00,MTR-18,100.0,99.80306936200087,99.43064109860065,99.53759
2026-01-01 02:16:00+00:00,MTR-18,100.0,100.0,99.50281749519755,99.56453
2026-01-01 02:16:10+00:00,MTR-18,100.0,99.49942765838759,99.50757445984489,99.535286
2026-01-01 02:16:20+00:00,MTR-18,100.0,99.89194081434452,99.50870370289734,99.60094
2026-01-01 02:16:30+00:00,MTR-18,99.72,100.0,99.50566854602857,99.53104
2026-01-01 02:16:40+00:00,MTR-18,100.0,100.0,99.50540753791044,99.470314
2026-01-01 02:16:50+00:00,MTR-18,100.0,100.0,99.43219041228326,99.53721
2026-01-01 02:17:00+00:00,MTR-18,100.0,100.0,99.5077929931625,99.51532
2026-01-01 02:17:10+00:00,MTR-18,99.33,100.0,99.43196096170033,99.356026
2026-01-01 02:17:20+00:00,MTR-18,98.64,100.0,99.50519394333799,99.490295
2026-01-01 02:17:30+00:00,MTR-18,98.4,100.0,99.50692280637803,99.46805
2026-01-01 02:17:40+00:00,MTR-18,99.8,100.0,99.50665081139492,99.54381
2026-01-01 02:17:50+00:00,MTR-18,97.38,100.0,99.50805684302084,99.47559
2026-01-01 02:18:00+00:00,MTR-18,97.6,100.0,99.50617818306706,99.49587
2026-01-01 02:18:10+00:00,MTR-18,99.74,100.0,99.42824856872676,99.51951
2026-01-01 02:18:20+00:00,MTR-18,99.21,100.0,99.26520252222696,99.53072
2026-01-01 02:18:30+00:00,MTR-18,100.0,100.0,99.50888465608176,99.512215
2026-01-01 02:18:40+00:00,MTR-18,100.0,100.0,99.5075396072345,99.54649
2026-01-01 02:18:50+00:00,MTR-18,100.0,100.0,99.50647738108253,99.47515
2026-01-01 02:19:00+00:00,MTR-18,100.0,99.73542550882328,99.50746792220598,99.50632
2026-01-01 02:19:10+00:00,MTR-18,100.0,100.0,99.5089909610162,99.53251
2026-01-01 02:19:20+00:00,MTR-18,100.0,99.38994015410422,99.50802077237802,99.54998
2026-01-01 02:19:30+00:00,MTR-18,100.0,100.0,99.50647432418853,99.52252
2026-01-01 02:19:40+00:00,MTR-18,99.37,100.0,99.50748164745325,99.54817
2026-01-01 02:19:50+00:00,MTR-18,98.74,99.8181220670568,99.50718020278968,99.52618
2026-01-01 02:20:00+00:00,MTR-18,99.44,100.0,99.50679966887525,99.511665
2026-01-01 02:20:10+00:00,MTR-18,99.37,99.67816470154732,99.50645623399203,99.556145
2026-01-01 02:20:20+00:00,MTR-18,100.0,99.85321561234795,99.50757365410395,99.54827
2026-01-01 02:20:30+00:00,MTR-18,100.0,99.06569962394299,99.42954127410131,99.53459
2026-01-01 02:20:40+00:00,MTR-18,100.0,99.01642894614024,99.50610851038573,99.50485
2026-01-01 02:20:50+00:00,MTR-18,99.55,99.81112207740824,99.50679530282807,99.51043
2026-01-01 02:21:00+00:00,MTR-18,100.0,100.0,99.50153898047103,99.608475
2026-01-01 02:21:10+00:00,MTR-18,100.0,99.63669136220456,99.50767665612575,99.52305
2026-01-01 02:21:20+00:00,MTR-18,99.74,100.0,99.50600179306531,99.51814
2026-01-01 02:21:30+00:00,MTR-18,85.15,98.0393035436471,88.91972605313829,89.352
2026-01-01 02:21:40+00:00,MTR-18,83.26,95.73613159833903,89.57854295863413,84.10441
2026-01-01 02:21:50+00:00,MTR-18,82.86,94.476453370965,91.17212332571492,84.84804
2026-01-01 02:22:00+00:00,MTR-18,83.9,93.54550591853966,92.09244713874074,87.77583
2026-01-01 02:22:10+00:00,MTR-18,84.14,91.67651300847572,89.43328191669228,85.48444
2026-01-01 02:22:20+00:00,MTR-18,83.35,89.71365759975586,87.06295539612513,82.742516
2026-01-01 02:22:30+00:00,MTR-18,85.83,89.73228892071288,92.34666026904607,87.62779
2026-01-01 02:22:40+00:00,MTR-18,84.65,89.03123545696415,91.61588631383121,87.82519
2026-01-01 02:22:50+00:00,MTR-18,82.77,88.6079565237507,91.6693056880319,87.48656
2026-01-01 02:23:00+00:00,MTR-18,84.09,87.06584781430816,91.06903831119438,85.885826
2026-01-01 02:23:10+00:00,MTR-18,84.18,85.73717388537607,90.47838538556886,84.909584
2026-01-01 02:23:20+00:00,MTR-18,84.69,85.38998107001557,89.25850942026976,84.59043
2026-01-01 02:23:30+00:00,MTR-18,83.57,84.85745306781183,84.2995292305348,83.06181
2026-01-01 02:23:40+00:00,MTR-18,82.7,84.73289577255956,83.80709495398858,83.28766
2026-01-01 02:23:50+00:00,MTR-18,83.28,84.34551535020688,83.87463976484598,83.23036
2026-01-01 02:24:00+00:00,MTR-18,84.13,84.95991299190997,91.78342523548011,86.350845
2026-01-01 02:24:10+00:00,MTR-18,83.26,84.28231839065745,91.77092886611999,85.55442
2026-01-01 02:24:20+00:00,MTR-18,81.56,83.99762315490526,82.84256420486244,82.16839
2026-01-01 02:24:30+00:00,MTR-18,82.74,84.55405280696448,91.84210120771338,84.770905
2026-01-01 02:24:40+00:00,MTR-18,82.26,84.32088590788742,88.96932775636141,83.58164
2026-01-01 02:24:50+00:00,MTR-18,80.55,84.1563756862932,82.72256376266995,82.05685
2026-01-01 02:25:00+00:00,MTR-18,81.17,84.00455672954742,87.72310310264207,83.17092
2026-01-01 02:25:10+00:00,MTR-18,82.86,84.28808483986678,83.1513791602619,82.66314
2026-01-01 02:25:20+00:00,MTR-18,81.82,82.39744970166255,82.30057494471379,82.00307
2026-01-01 02:25:30+00:00,MTR-18,81.76,81.96265241790617,81.32265398971397,81.78285
2026-01-01 02:25:40+00:00,MTR-18,79.53,83.1074275254801,81.15552700409593,81.69721
2026-01-01 02:25:50+00:00,MTR-18,80.07,82.74704187503188,80.58540733856645,81.30091
2026-01-01 02:26:00+00:00,MTR-18,80.52,84.1161600671921,82.38528889924363,82.30915
2026-01-01 02:26:10+00:00,MTR-18,81.01,81.03509755837608,80.88055700449446,81.60522
2026-01-01 02:26:20+00:00,MTR-18,81.49,82.5460314666347,81.81297735197339,82.6801
2026-01-01 02:26:30+00:00,MTR-18,78.77,80.77438598059486,80.60247384920632,81.3899
2026-01-01 02:26:40+00:00,MTR-18,78.71,79.6846565671765,80.56977661375662,79.2154
2026-01-01 02:26:50+00:00,MTR-18,78.4,80.19504436497166,79.19743883848064,79.32474
2026-01-01 02:27:00+00:00,MTR-18,80.16,78.89560754125179,79.60206023348074,79.45394
2026-01-01 02:27:10+00:00,MTR-18,78.73,79.29240743792016,79.05766371677417,79.2883
2026-01-01 02:27:20+00:00,MTR-18,78.96,78.18263345564652,78.909613096963,79.33559
2026-01-01 02:27:30+00:00,MTR-18,79.06,77.94805787796494,78.4146801323531,77.42604
2026-01-01 02:27:40+00:00,MTR-18,77.05,78.34873142246488,77.78924270795399,77.340775
2026-01-01 02:27:50+00:00,MTR-18,77.71,78.33380298902857,78.02014169260485,77.423615
2026-01-01 02:28:00+00:00,MTR-18,77.57,78.62307255529828,78.0146306368747,78.31435
2026-01-01 02:28:10+00:00,MTR-18,78.67,77.87245541054361,78.26588289324154,77.422554
2026-01-01 02:28:20+00:00,MTR-18,79.74,78.24240608702837,78.44152975655126,78.41103
2026-01-01 02:28:30+00:00,MTR-18,78.06,77.47908171591378,78.01839477984181,78.319695
2026-01-01 02:28:40+00:00,MTR-18,77.65,76.65140277138146,78.12020442718148,77.693695
2026-01-01 02:28:50+00:00,MTR-18,78.47,75.74785800508036,78.19483967320723,77.528465
2026-01-01 02:29:00+00:00,MTR-18,78.37,77.68575892266226,78.01103967736539,77.67112
2026-01-01 02:29:10+00:00,MTR-18,77.44,77.56281267908052,77.62832295626953,77.40367
2026-01-01 02:29:20+00:00,MTR-18,76.84,77.99557716170911,77.41552327957258,77.29265
2026-01-01 02:29:30+00:00,MTR-18,76.97,77.66239364268746,77.38432621153477,77.604
2026-01-01 02:29:40+00:00,MTR-18,77.33,77.63584929449146,77.44737224653579,77.52072
2026-01-01 02:29:50+00:00,MTR-18,77.33,76.96279318849635,77.30634664874427,77.52795
2026-01-01 02:30:00+00:00,MTR-18,77.83,76.84231874445186,77.54338429280219,77.32249
2026-01-01 02:30:10+00:00,MTR-18,74.98,76.00679356699378,75.92750693518929,76.074326
2026-01-01 02:30:20+00:00,MTR-18,75.74,75.75142589942733,75.91737905280297,76.163635
2026-01-01 02:30:30+00:00,MTR-18,75.38,75.4706501550089,76.07670423450193,75.29002
2026-01-01 02:30:40+00:00,MTR-18,77.62,76.66533771117014,77.06539059295828,77.36566
2026-01-01 02:30:50+00:00,MTR-18,76.18,75.71638684733138,76.00285429997707,75.57372
2026-01-01 02:31:00+00:00,MTR-18,74.72,76.15664658980087,75.38647022175851,75.360535
2026-01-01 02:31:10+00:00,MTR-18,76.09,76.14048080996184,75.34869863687454,75.351265
2026-01-01 02:31:20+00:00,MTR-18,75.09,76.61857038035963,75.26509191534494,74.68743
2026-01-01 02:31:30+00:00,MTR-18,74.93,75.05182064167329,74.90104756004803,74.17675
2026-01-01 02:31:40+00:00,MTR-18,73.49,74.39406099876881,74.25429881345218,73.8338
2026-01-01 02:31:50+00:00,MTR-18,75.37,74.23947181497321,74.68728215061502,74.05495
2026-01-01 02:32:00+00:00,MTR-18,73.61,72.92170956602432,73.7803165344195,73.62512
2026-01-01 02:32:10+00:00,MTR-18,73.68,73.65928785566804,73.72990924165502,73.40319
2026-01-01 02:32:20+00:00,MTR-18,72.65,73.52060594417199,73.17019749532874,73.43569
2026-01-01 02:32:30+00:00,MTR-18,73.91,73.38036059285365,73.84244443522853,73.3375
2026-01-01 02:32:40+00:00,MTR-18,73.6,74.03339090684187,73.62967102549217,73.41874
2026-01-01 02:32:50+00:00,MTR-18,72.0,73.213220077746,73.27534422201254,73.24498
2026-01-01 02:33:00+00:00,MTR-18,74.53,73.52038350986898,73.97584082569388,73.475204
2026-01-01 02:33:10+00:00,MTR-18,73.6,73.15226684670249,73.82226738372283,73.31014
2026-01-01 02:33:20+00:00,MTR-18,74.44,72.47707732657713,73.82349172995534,72.653854
2026-01-01 02:33:30+00:00,MTR-18,73.44,73.48309511238014,73.57597667580876,73.3249
2026-01-01 02:33:40+00:00,MTR-18,73.25,73.17724103016464,73.37238525361165,73.34683
2026-01-01 02:33:50+00:00,MTR-18,75.15,73.74548094321739,74.44484384461218,73.69608
2026-01-01 02:34:00+00:00,MTR-18,73.27,73.63657474340624,73.44950496066642,73.13456
2026-01-01 02:34:10+00:00,MTR-18,74.67,73.50978930528942,74.35726172059984,73.84928
2026-01-01 02:34:20+00:00,MTR-18,72.73,74.80178329295396,73.34648671285417,73.77071
2026-01-01 02:34:30+00:00,MTR-18,74.02,75.63169981883668,73.47021658217518,73.89275
2026-01-01 02:34:40+00:00,MTR-18,70.84,74.2854467791584,71.83236907822057,72.93201
2026-01-01 02:34:50+00:00,MTR-18,71.27,73.07155537027892,71.55678523485395,71.82382
2026-01-01 02:35:00+00:00,MTR-18,71.39,72.50335440384016,71.16327298617668,71.708984
2026-01-01 02:35:10+00:00,MTR-18,69.46,71.86908221744467,70.50942275307884,70.68698
2026-01-01 02:35:20+00:00,MTR-18,71.1,72.8684384608276,70.91563591577265,70.98345
2026-01-01 02:35:30+00:00,MTR-18,71.06,71.40405591034731,70.40330620205805,70.7729
2026-01-01 02:35:40+00:00,MTR-18,70.47,71.5062861159296,70.7463653657903,70.40007
2026-01-01 02:35:50+00:00,MTR-18,71.85,71.81954553594007,71.10580937014248,70.01733
2026-01-01 02:36:00+00:00,MTR-18,70.75,71.78779871112835,70.48999668817163,70.004486
2026-01-01 02:36:10+00:00,MTR-18,69.33,72.35099663024282,70.21976054896359,70.3132
2026-01-01 02:36:20+00:00,MTR-18,71.38,71.97576786599555,70.75146840573647,70.248215
2026-01-01 02:36:30+00:00,MTR-18,69.29,72.40476037503743,70.04995974564409,69.713135
2026-01-01 02:36:40+00:00,MTR-18,69.37,70.16277966742868,69.92920678726367,68.876884
2026-01-01 02:36:50+00:00,MTR-18,71.29,70.60464171083655,70.49118679198118,68.743484
2026-01-01 02:37:00+00:00,MTR-18,69.47,71.34882885021086,70.04425913664795,69.64754
2026-01-01 02:37:10+00:00,MTR-18,71.19,70.23654816380315,70.05229728153554,69.62122
2026-01-01 02:37:20+00:00,MTR-18,68.82,71.07182996732705,69.40530627747981,68.87579
2026-01-01 02:37:30+00:00,MTR-18,67.86,69.3506921099857,68.55247602127032,66.89668
2026-01-01 02:37:40+00:00,MTR-18,67.51,69.58691112210012,67.6044060129198,67.583206
2026-01-01 02:37:50+00:00,MTR-18,65.46,70.45309414806086,66.7406253666703,67.280594
2026-01-01 02:38:00+00:00,MTR-18,67.77,70.94377023517352,67.39420257918003,67.694954
2026-01-01 02:38:10+00:00,MTR-18,69.11,69.8238775711446,67.79177527657522,67.53301
2026-01-01 02:38:20+00:00,MTR-18,66.58,70.35299448574271,67.15071977864724,67.593834
2026-01-01 02:38:30+00:00,MTR-18,65.35,69.08051636481323,66.47022985338732,67.40381
2026-01-01 02:38:40+00:00,MTR-18,67.67,68.23290457534256,67.21755119408364,67.343216
2026-01-01 02:38:50+00:00,MTR-18,67.31,67.72548541620704,66.95251316248564,67.50308
2026-01-01 02:39:00+00:00,MTR-18,65.91,67.01843707753974,66.3999201238576,65.875786
2026-01-01 02:39:10+00:00,MTR-18,66.28,68.16365124213046,65.91874404151402,66.30191
2026-01-01 02:39:20+00:00,MTR-18,64.73,67.91430065791766,65.10232276214523,65.279755
2026-01-01 02:39:30+00:00,MTR-18,63.39,67.3315439184087,64.47190931346425,65.60975
2026-01-01 02:39:40+00:00,MTR-18,64.97,67.62733568061813,64.80840604025603,66.18515
2026-01-01 02:39:50+00:00,MTR-18,63.95,66.51852873074586,64.20259276473523,64.48733
2026-01-01 02:40:00+00:00,MTR-18,64.26,66.2251258131626,63.89795452612193,62.908363
2026-01-01 02:40:10+00:00,MTR-18,62.26,65.77091673086429,63.30902002636249,63.328873
2026-01-01 02:40:20+00:00,MTR-18,63.64,65.04068299854526,63.346019375901804,62.35594
2026-01-01 02:40:30+00:00,MTR-18,63.55,66.07133640679837,63.35307438436292,62.853992
2026-01-01 02:40:40+00:00,MTR-18,63.66,66.24520714962065,63.62123664626769,62.70347
2026-01-01 02:40:50+00:00,MTR-18,63.55,65.75103100820263,63.4769559124644,62.59491
2026-01-01 02:41:00+00:00,MTR-18,60.95,65.60346925783196,62.97276199866385,62.35605
2026-01-01 02:41:10+00:00,MTR-18,63.48,65.58825750561856,63.71707159844516,63.171974
2026-01-01 02:41:20+00:00,MTR-18,64.69,65.0086427198228,63.909848473607006,63.04591
2026-01-01 02:41:30+00:00,MTR-18,61.3,64.23270526649353,61.80095039834406,61.214085
2026-01-01 02:41:40+00:00,MTR-18,60.04,64.01756908450868,62.30685156256879,62.41323
2026-01-01 02:41:50+00:00,MTR-18,62.48,64.14100122256092,63.61344562119697,63.69175
2026-01-01 02:42:00+00:00,MTR-18,61.04,63.728263867131005,62.25145188221422,62.142944
2026-01-01 02:42:10+00:00,MTR-18,59.37,62.8178561069611,60.715547125111456,61.351295
2026-01-01 02:42:20+00:00,MTR-18,62.58,63.50015070514295,61.75391162143215,61.390472
2026-01-01 02:42:30+00:00,MTR-18,60.83,63.63340550810832,60.89162759111063,61.262505
2026-01-01 02:42:40+00:00,MTR-18,61.91,64.7946814466276,61.31151104887294,60.602325
2026-01-01 02:42:50+00:00,MTR-18,59.12,63.56171827833449,59.79473190496125,60.62294
2026-01-01 02:43:00+00:00,MTR-18,59.98,62.75204120655428,60.05673157462711,60.168797
2026-01-01 02:43:10+00:00,MTR-18,61.05,64.48219338751903,61.06875818224881,61.742256
2026-01-01 02:43:20+00:00,MTR-18,60.05,63.553071867391296,60.04406831776142,60.619606
2026-01-01 02:43:30+00:00,MTR-18,57.62,61.90874603125409,58.77816662815477,59.608234
2026-01-01 02:43:40+00:00,MTR-18,59.91,62.18404237453878,59.5559282438539,60.14275
2026-01-01 02:43:50+00:00,MTR-18,57.26,61.740858742096414,58.127952305625406,60.28417
2026-01-01 02:44:00+00:00,MTR-18,56.55,61.826081919051525,58.27996463650708,60.273544
2026-01-01 02:44:10+00:00,MTR-18,60.88,62.04008403045795,59.82577680637422,60.738644
2026-01-01 02:44:20+00:00,MTR-18,59.21,61.37044769526529,58.84074217017713,59.34089
2026-01-01 02:44:30+00:00,MTR-18,56.55,59.869553663028874,57.492645493595106,58.491642
2026-01-01 02:44:40+00:00,MTR-18,57.73,59.48808674721677,57.66428869835332,57.500317
2026-01-01 02:44:50+00:00,MTR-18,57.02,59.24660413671378,57.79766575885854,57.365044
2026-01-01 02:45:00+00:00,MTR-18,58.73,58.24671491627174,58.5461640828124,57.345516
2026-01-01 02:45:10+00:00,MTR-18,56.61,57.15657729804988,57.5535342875842,57.011425
2026-01-01 02:45:20+00:00,MTR-18,57.19,56.17233980762307,57.436892825080974,56.63068
2026-01-01 02:45:30+00:00,MTR-18,55.17,57.13906888510756,56.00937510792342,55.77498
2026-01-01 02:45:40+00:00,MTR-18,54.11,56.37405843616593,55.58516165385922,56.22678
2026-01-01 02:45:50+00:00,MTR-18,57.04,55.443171048800366,56.5138663540247,56.316402
2026-01-01 02:46:00+00:00,MTR-18,56.45,56.06265897859425,56.415741909824625,56.828472
2026-01-01 02:46:10+00:00,MTR-18,54.69,57.182055241301995,55.56437952630162,55.806892
2026-01-01 02:46:20+00:00,MTR-18,55.83,56.30919821840843,55.98711165743886,55.676735
2026-01-01 02:46:30+00:00,MTR-18,57.33,56.297124057562066,56.4509799329706,55.914356
2026-01-01 02:46:40+00:00,MTR-18,57.58,57.811310920781494,56.48615872851385,56.500595
2026-01-01 02:46:50+00:00,MTR-18,57.53,57.79947704428878,56.50592600388794,56.64641
2026-01-01 02:47:00+00:00,MTR-18,55.48,59.27084879846035,55.855374133440236,56.978035
2026-01-01 02:47:10+00:00,MTR-18,57.43,58.587849165171434,57.05330658746003,57.012283
2026-01-01 02:47:20+00:00,MTR-18,56.9,57.58943807164198,56.68393002130194,56.470573
2026-01-01 02:47:30+00:00,MTR-18,56.1,57.72403498565019,56.312114134371,56.257202
2026-01-01 02:47:40+00:00,MTR-18,56.43,57.05547246029775,56.72824643307011,56.226624
2026-01-01 02:47:50+00:00,MTR-18,57.19,57.97579688376338,56.65734022470481,56.014797
2026-01-01 02:48:00+00:00,MTR-18,55.07,57.98621030408262,55.94051111070206,56.100063
2026-01-01 02:48:10+00:00,MTR-18,55.56,58.36103246492947,55.96104403776744,56.459545
2026-01-01 02:48:20+00:00,MTR-18,55.73,57.52553244342325,56.04277063866785,56.328182
2026-01-01 02:48:30+00:00,MTR-18,57.02,58.04822744171019,56.436948242766725,56.43665
2026-01-01 02:48:40+00:00,MTR-18,56.62,56.83944838840767,56.101596198212015,56.306606
2026-01-01 02:48:50+00:00,MTR-18,52.59,56.20879421152963,53.61197722007825,54.7332
2026-01-01 02:49:00+00:00,MTR-18,54.55,57.55398742297415,54.34416331344308,54.855034
2026-01-01 02:49:10+00:00,MTR-18,54.72,56.330742365734615,54.6661520335756,54.750248
2026-01-01 02:49:20+00:00,MTR-18,54.53,56.17496521609467,54.889215316122815,54.889576
2026-01-01 02:49:30+00:00,MTR-18,54.15,56.43041355613828,54.53048000782112,54.125923
2026-01-01 02:49:40+00:00,MTR-18,53.75,54.87769276704561,54.14223599169186,54.19539
2026-01-01 02:49:50+00:00,MTR-18,53.37,54.15680613701935,53.415957545936934,54.017708
2026-01-01 02:50:00+00:00,MTR-18,52.75,54.19530162994006,53.316396319167055,54.10587
2026-01-01 02:50:10+00:00,MTR-18,54.29,54.437698947301804,53.625357156698534,53.50621
2026-01-01 02:50:20+00:00,MTR-18,51.85,54.18325789795752,52.47961226001926,53.86716
2026-01-01 02:50:30+00:00,MTR-18,51.9,55.30922116323802,52.61461876763685,53.748768
2026-01-01 02:50:40+00:00,MTR-18,53.02,54.14737870299672,52.51168283517019,54.438454
2026-01-01 02:50:50+00:00,MTR-18,51.64,53.72631621467047,52.06415193764371,53.065014
2026-01-01 02:51:00+00:00,MTR-18,51.22,53.117169876898615,52.02002714794079,53.71971
2026-01-01 02:51:10+00:00,MTR-18,52.84,53.22413846892239,52.29944255137994,53.195583
2026-01-01 02:51:20+00:00,MTR-18,51.53,52.66800563031466,51.999738126959336,53.124447
2026-01-01 02:51:30+00:00,MTR-18,50.52,53.63667735782931,52.55525638853155,52.887043
2026-01-01 02:51:40+00:00,MTR-18,52.47,52.38168774074013,52.35611941579908,51.466488
2026-01-01 02:51:50+00:00,MTR-18,51.16,53.353301367091895,51.47749026143257,51.48016
2026-01-01 02:52:00+00:00,MTR-18,52.04,51.66268622296388,51.758654858977145,51.408157
2026-01-01 02:52:10+00:00,MTR-18,49.06,52.99477737148229,50.84118264828776,51.334606
2026-01-01 02:52:20+00:00,MTR-18,53.77,51.674955165098574,51.871573160328936,51.55796
2026-01-01 02:52:30+00:00,MTR-18,50.92,51.21376660486453,50.88073947029578,50.11062
2026-01-01 02:52:40+00:00,MTR-18,49.29,50.7086273473808,50.16106185990507,50.108635
2026-01-01 02:52:50+00:00,MTR-18,51.06,51.74093744572488,50.67837112854495,50.148495
2026-01-01 02:53:00+00:00,MTR-18,48.59,51.258204023167345,49.52983056711807,49.937786
2026-01-01 02:53:10+00:00,MTR-18,49.38,51.656700469218094,49.77457650025903,50.050423
2026-01-01 02:53:20+00:00,MTR-18,50.29,51.88152957493857,50.22257718207718,50.107185
2026-01-01 02:53:30+00:00,MTR-18,49.88,50.98885057162606,50.38730218929219,49.92226
2026-01-01 02:53:40+00:00,MTR-18,48.51,50.14354771836085,49.621857863895364,49.889957
2026-01-01 02:53:50+00:00,MTR-18,49.7,48.18440544075914,49.91126277398527,48.180096
2026-01-01 02:54:00+00:00,MTR-18,44.5,48.11069086996025,47.69561804353049,47.067924
2026-01-01 02:54:10+00:00,MTR-18,48.2,48.071243907147576,48.489991636604096,47.473534
2026-01-01 02:54:20+00:00,MTR-18,47.36,47.542518022289954,47.833252004569474,47.596386
2026-01-01 02:54:30+00:00,MTR-18,47.92,46.556025824287175,48.068877989556746,47.745846
2026-01-01 02:54:40+00:00,MTR-18,48.61,45.394931843113966,48.67236719570389,47.56583
2026-01-01 02:54:50+00:00,MTR-18,47.99,46.511596104872716,48.033333700836195,47.76973
2026-01-01 02:55:00+00:00,MTR-18,46.72,45.535749607797065,47.311479531024524,48.325943
2026-01-01 02:55:10+00:00,MTR-18,47.61,45.96971345441874,47.519304383116875,46.54953
2026-01-01 02:55:20+00:00,MTR-18,45.35,44.49554276553988,45.89648317987568,45.151394
2026-01-01 02:55:30+00:00,MTR-18,46.7,45.19255653128706,46.4126734014943,45.94402
2026-01-01 02:55:40+00:00,MTR-18,45.4,45.72123585970372,46.30497577544387,45.822895
2026-01-01 02:55:50+00:00,MTR-18,46.23,46.27215005855444,46.02391707578298,44.83006
2026-01-01 02:56:00+00:00,MTR-18,44.73,45.273150115584585,44.94619384337889,44.67999
2026-01-01 02:56:10+00:00,MTR-18,44.14,44.28637323004597,43.99353133207534,44.350655
2026-01-01 02:56:20+00:00,MTR-18,44.66,44.41593192648365,44.759899498554105,44.046616
2026-01-01 02:56:30+00:00,MTR-18,43.34,44.52798832643991,44.478938371440485,42.651268
2026-01-01 02:56:40+00:00,MTR-18,44.55,44.13524618890945,44.96542060533621,42.705185
2026-01-01 02:56:50+00:00,MTR-18,44.05,44.27423285085876,44.40120864921688,42.282417
2026-01-01 02:57:00+00:00,MTR-18,45.52,44.63854009289162,44.915514142988634,42.782124
2026-01-01 02:57:10+00:00,MTR-18,44.83,45.303495468497886,43.03386903802826,44.125454
2026-01-01 02:57:20+00:00,MTR-18,43.46,45.03238370570167,43.97990349055791,43.828766
2026-01-01 02:57:30+00:00,MTR-18,44.13,44.87802659895678,44.38366390976834,43.891247
2026-01-01 02:57:40+00:00,MTR-18,45.71,44.67129455390229,44.557162055086934,43.91226
2026-01-01 02:57:50+00:00,MTR-18,43.23,44.73488843317723,43.672812898302055,43.734215
2026-01-01 02:58:00+00:00,MTR-18,43.77,43.96852424261616,43.59691736414765,43.738285
2026-01-01 02:58:10+00:00,MTR-18,42.57,44.097112787577814,43.107580749245464,42.240036
2026-01-01 02:58:20+00:00,MTR-18,43.77,43.66569093767428,43.486291687828945,42.243107
2026-01-01 02:58:30+00:00,MTR-18,43.24,43.71927271072408,42.92653166013235,42.251335
2026-01-01 02:58:40+00:00,MTR-18,42.45,43.50913826532956,43.116298425137494,42.24085
2026-01-01 02:58:50+00:00,MTR-18,42.65,44.03655310680241,42.51095804870331,42.22806
2026-01-01 02:59:00+00:00,MTR-18,41.92,43.52248750925569,41.521015498383576,42.112858
2026-01-01 02:59:10+00:00,MTR-18,43.49,44.56039334744694,42.5926328296645,42.192554
2026-01-01 02:59:20+00:00,MTR-18,40.93,42.81758748561829,41.16082765632661,42.026123
2026-01-01 02:59:30+00:00,MTR-18,41.97,43.32851475092852,41.668091593834326,42.167416
2026-01-01 02:59:40+00:00,MTR-18,41.01,44.5649019107384,41.03771991621292,41.962578
2026-01-01 02:59:50+00:00,MTR-18,40.06,44.687025431471504,40.75153540627013,41.72934
2026-01-01 03:00:00+00:00,MTR-18,38.77,43.713532607331096,40.05670080020131,41.68159
2026-01-01 03:00:10+00:00,MTR-18,40.35,42.48690827724004,39.93464169946316,41.28045
2026-01-01 03:00:20+00:00,MTR-18,39.61,42.34259233346434,40.17225109216843,41.417194
2026-01-01 03:00:30+00:00,MTR-18,39.82,41.653614957615176,40.319833645777344,41.26086
2026-01-01 03:00:40+00:00,MTR-18,39.27,39.90955831895168,38.29936488156136,39.835342
2026-01-01 03:00:50+00:00,MTR-18,37.23,41.936081091398485,36.89906999882659,39.994797
2026-01-01 03:01:00+00:00,MTR-18,40.33,41.18815347705544,39.63568203374163,41.0048
2026-01-01 03:01:10+00:00,MTR-18,38.69,40.39861617744626,39.33730565879002,41.114166
2026-01-01 03:01:20+00:00,MTR-18,39.16,40.011692838139666,38.9443208289301,39.613194
2026-01-01 03:01:30+00:00,MTR-18,36.18,39.587252678967644,37.874985838082196,38.324238
2026-01-01 03:01:40+00:00,MTR-18,39.46,39.495540754046694,39.0488039607048,38.13314
2026-01-01 03:01:50+00:00,MTR-18,36.5,39.60717175814125,37.50853958136884,38.189266
2026-01-01 03:02:00+00:00,MTR-18,37.1,39.20704407003833,37.7063036054332,38.818066
2026-01-01 03:02:10+00:00,MTR-18,38.11,39.683563787088445,38.187494463709385,38.380978
2026-01-01 03:02:20+00:00,MTR-18,37.51,38.95581524062116,37.34982448770766,38.239216
2026-01-01 03:02:30+00:00,MTR-18,37.77,40.485996357226185,37.569067940554525,38.254826
2026-01-01 03:02:40+00:00,MTR-18,37.62,39.18105803680319,37.19837054148199,38.409233
2026-01-01 03:02:50+00:00,MTR-18,35.05,38.17340470419394,34.988106094638006,37.199547
2026-01-01 03:03:00+00:00,MTR-18,34.94,39.315640362668475,36.1736942971826,37.674213
2026-01-01 03:03:10+00:00,MTR-18,36.28,39.17135371015498,36.55121075050164,37.626324
2026-01-01 03:03:20+00:00,MTR-18,37.27,38.716716790157335,37.75720436619037,37.707726
2026-01-01 03:03:30+00:00,MTR-18,36.38,39.2199673589661,36.97091235463974,37.62145
2026-01-01 03:03:40+00:00,MTR-18,33.45,37.266720899631395,34.576209285811814,34.98615
2026-01-01 03:03:50+00:00,MTR-18,34.22,37.7399529426534,32.44249325711899,34.679634
2026-01-01 03:04:00+00:00,MTR-18,35.72,37.6348022685867,34.71596638485774,35.06477
2026-01-01 03:04:10+00:00,MTR-18,34.36,36.663399319147175,34.41675795948413,35.328484
2026-01-01 03:04:20+00:00,MTR-18,32.78,36.13736672046093,33.88712510090047,35.030407
2026-01-01 03:04:30+00:00,MTR-18,33.25,36.32166538828841,34.36993003739671,35.0503
2026-01-01 03:04:40+00:00,MTR-18,35.61,35.02259174305246,34.84151664726463,35.429306
2026-01-01 03:04:50+00:00,MTR-18,36.16,36.342124827689425,35.44403840292652,36.602318
2026-01-01 03:05:00+00:00,MTR-18,35.59,35.13380043769206,34.71255729184508,34.90715
2026-01-01 03:05:10+00:00,MTR-18,35.05,34.17907393822455,34.016363892394416,34.750214
2026-01-01 03:05:20+00:00,MTR-18,32.57,34.5475884042245,33.656399913545954,34.449238
2026-01-01 03:05:30+00:00,MTR-18,33.66,34.089194261970974,33.56777025308356,34.63946
2026-01-01 03:05:40+00:00,MTR-18,34.35,34.765044288975176,34.14679073431679,34.583843
2026-01-01 03:05:50+00:00,MTR-18,34.14,33.635357785586905,33.96701293417357,34.861877
2026-01-01 03:06:00+00:00,MTR-18,33.89,32.66794094607454,33.89671387001321,34.798874
2026-01-01 03:06:10+00:00,MTR-18,33.02,33.077172460827995,33.86484673781039,34.874733
2026-01-01 03:06:20+00:00,MTR-18,33.05,32.18987483934441,33.757518523821275,34.949596
2026-01-01 03:06:30+00:00,MTR-18,32.06,31.165290543894088,30.198867036715978,33.02539
2026-01-01 03:06:40+00:00,MTR-18,32.67,32.32097283476403,33.229876237840124,34.457962
2026-01-01 03:06:50+00:00,MTR-18,32.1,31.55539886975741,33.1427549118437,32.952023
2026-01-01 03:07:00+00:00,MTR-18,33.58,31.577369308021076,32.94278658292223,33.113045
2026-01-01 03:07:10+00:00,MTR-18,33.06,31.4463409821697,32.87500875986126,33.77096
2026-01-01 03:07:20+00:00,MTR-18,31.54,32.62408959678637,32.64880671785871,33.183365
2026-01-01 03:07:30+00:00,MTR-18,31.97,32.809827456981374,32.684068920583265,33.582973
2026-01-01 03:07:40+00:00,MTR-18,33.15,32.45660502739349,32.639825915629075,33.446503
2026-01-01 03:07:50+00:00,MTR-18,32.86,33.04079801321464,32.41301360674392,32.991627
2026-01-01 03:08:00+00:00,MTR-18,31.51,33.252279457520686,32.02393788161782,32.901016
2026-01-01 03:08:10+00:00,MTR-18,32.06,31.841564462936162,32.277431282405026,33.02688
2026-01-01 03:08:20+00:00,MTR-18,31.92,30.8928434144686,31.995221793739304,32.041058
2026-01-01 03:08:30+00:00,MTR-18,33.59,30.89385331121285,32.2235668254109,31.683369
2026-01-01 03:08:40+00:00,MTR-18,30.2,31.401491204589192,30.68999818098321,31.288446
2026-01-01 03:08:50+00:00,MTR-18,31.57,30.048603767575585,31.326535836022778,31.243896
2026-01-01 03:09:00+00:00,MTR-18,29.68,30.2510298931889,30.751320734870685,31.139187
2026-01-01 03:09:10+00:00,MTR-18,30.49,30.310818446458043,30.641242975626422,31.201178
2026-01-01 03:09:20+00:00,MTR-18,29.17,29.641185027734423,29.788594308863164,30.384272
2026-01-01 03:09:30+00:00,MTR-18,30.69,29.25217407363303,30.285850157539027,30.303608
2026-01-01 03:09:40+00:00,MTR-18,28.46,28.801584105502897,28.457198805900855,29.900116
2026-01-01 03:09:50+00:00,MTR-18,30.0,28.78919197304235,29.33527564388585,30.0422
2026-01-01 03:10:00+00:00,MTR-18,32.24,26.59838527652589,30.21663867649323,29.929457
2026-01-01 03:10:10+00:00,MTR-18,28.36,26.897712855131104,25.953384252755043,29.327505
2026-01-01 03:10:20+00:00,MTR-18,31.12,26.13568484348788,28.84292344942094,29.370054
2026-01-01 03:10:30+00:00,MTR-18,27.84,26.78932817934718,27.568996725164816,28.49405
2026-01-01 03:10:40+00:00,MTR-18,29.87,26.977653551497085,28.6098285210249,29.134169
2026-01-01 03:10:50+00:00,MTR-18,28.07,27.824968881573255,27.595689605941455,28.361723
2026-01-01 03:11:00+00:00,MTR-18,27.56,27.81369399679656,26.883759675850477,28.305899
2026-01-01 03:11:10+00:00,MTR-18,28.45,28.19792217908227,28.187833940243483,28.66543
2026-01-01 03:11:20+00:00,MTR-18,26.56,28.155816589162356,27.32633215659341,26.17325
2026-01-01 03:11:30+00:00,MTR-18,29.37,26.60548575193242,28.22136524964957,26.819784
2026-01-01 03:11:40+00:00,MTR-18,30.4,26.03301027877616,28.70678146700519,26.833378
2026-01-01 03:11:50+00:00,MTR-18,25.57,26.833963794171154,26.235030433165193,25.569609
2026-01-01 03:12:00+00:00,MTR-18,25.09,25.688929481961736,25.917672890892636,25.574785
2026-01-01 03:12:10+00:00,MTR-18,27.5,26.59300136071154,26.918773325556025,25.943323
2026-01-01 03:12:20+00:00,MTR-18,25.44,27.146322704567623,24.498792706275214,25.23789
2026-01-01 03:12:30+00:00,MTR-18,26.79,28.309072363910147,26.79804252112896,26.693823
2026-01-01 03:12:40+00:00,MTR-18,24.95,25.975656938955908,25.714070097446974,25.810177
2026-01-01 03:12:50+00:00,MTR-18,26.93,24.927894708445592,26.599675204469587,26.051256
2026-01-01 03:13:00+00:00,MTR-18,26.47,24.120430810500395,25.861454781144786,25.454382
2026-01-01 03:13:10+00:00,MTR-18,27.7,24.813949122530772,26.380780995121427,25.921656
2026-01-01 03:13:20+00:00,MTR-18,24.14,23.757280966829555,24.770640744009093,24.985012
2026-01-01 03:13:30+00:00,MTR-18,25.61,24.511939707847333,25.972570903941754,25.61267
2026-01-01 03:13:40+00:00,MTR-18,27.54,24.55008228410263,26.25424158909318,25.578108
2026-01-01 03:13:50+00:00,MTR-18,25.59,24.933922805742043,25.09189764438293,25.350716
2026-01-01 03:14:00+00:00,MTR-18,25.28,23.979706844779088,24.740464786731735,25.149357
2026-01-01 03:14:10+00:00,MTR-18,25.23,24.29014199869374,24.938864573872976,24.272972
2026-01-01 03:14:20+00:00,MTR-18,24.59,23.0799132242215,24.334943452878928,24.421648
2026-01-01 03:14:30+00:00,MTR-18,26.0,23.59736858276098,24.48190057321846,24.65708
2026-01-01 03:14:40+00:00,MTR-18,23.05,22.94562514471943,22.106315126226082,23.627527
2026-01-01 03:14:50+00:00,MTR-18,23.63,23.679630940453293,22.92900929812526,23.61144
2026-01-01 03:15:00+00:00,MTR-18,23.66,24.445696847602974,23.450877735344747,24.467094
2026-01-01 03:15:10+00:00,MTR-18,24.89,24.945268417433496,23.704579054186258,24.420404
2026-01-01 03:15:20+00:00,MTR-18,22.76,24.06332760935568,22.957169615671457,24.11707
2026-01-01 03:15:30+00:00,MTR-18,23.12,24.660888663772013,22.84287244610932,23.264172
2026-01-01 03:15:40+00:00,MTR-18,20.92,23.331580162393394,22.033549840141774,22.512878
2026-01-01 03:15:50+00:00,MTR-18,23.59,23.008393219634414,22.616349380367183,22.573957
2026-01-01 03:16:00+00:00,MTR-18,20.68,23.671839920021554,21.467468608477542,21.823536
2026-01-01 03:16:10+00:00,MTR-18,21.54,22.74297237524432,21.589967541385818,22.135199
2026-01-01 03:16:20+00:00,MTR-18,22.01,21.785454578641705,21.809489382124024,22.312613
2026-01-01 03:16:30+00:00,MTR-18,19.38,21.26985295116377,20.614689168501506,21.72318
2026-01-01 03:16:40+00:00,MTR-18,24.8,21.67763499017633,22.998226343609623,23.116684
2026-01-01 03:16:50+00:00,MTR-18,22.53,20.767820583000656,21.558383696464787,22.658224
2026-01-01 03:17:00+00:00,MTR-18,21.98,20.07690602787926,21.4975797912712,22.623972
2026-01-01 03:17:10+00:00,MTR-18,21.85,20.087983006636236,21.543427964841726,22.340391
2026-01-01 03:17:20+00:00,MTR-18,22.49,20.49207223421105,21.877089940864458,22.533102
2026-01-01 03:17:30+00:00,MTR-18,22.27,21.483052407045804,22.27036183697903,22.498985
2026-01-01 03:17:40+00:00,MTR-18,21.2,20.629635641844715,21.85861082196151,22.532684
2026-01-01 03:17:50+00:00,MTR-18,21.52,21.321820888995134,20.24675236630164,22.018063
2026-01-01 03:18:00+00:00,MTR-18,23.7,20.066985465247512,22.192793007867056,23.009867
2026-01-01 03:18:10+00:00,MTR-18,22.94,22.529564816169184,21.191806657340255,22.821827
2026-01-01 03:18:20+00:00,MTR-18,21.62,21.046247151802405,21.964568369386296,22.326664
2026-01-01 03:18:30+00:00,MTR-18,20.92,19.748033276071894,22.087427494767773,22.370708
2026-01-01 03:18:40+00:00,MTR-18,22.97,21.750011804195125,22.590956556097737,22.634468
2026-01-01 03:18:50+00:00,MTR-18,23.66,21.252660257586925,22.864622073219245,22.949665
2026-01-01 03:19:00+00:00,MTR-18,25.4,19.94516158432593,21.97345421608623,24.084133
2026-01-01 03:19:10+00:00,MTR-18,20.35,21.978276345714576,22.174921353294987,22.238317
2026-01-01 03:19:20+00:00,MTR-18,22.33,21.186701285746622,22.2440430637207,22.302795
2026-01-01 03:19:30+00:00,MTR-18,23.01,21.571904287044248,22.584434382432317,22.521452
2026-01-01 03:19:40+00:00,MTR-18,21.46,20.803979366125247,20.261929261200233,22.214294
2026-01-01 03:19:50+00:00,MTR-18,22.16,21.247908048945817,22.17198387521548,22.46087
2026-01-01 03:20:00+00:00,MTR-18,24.61,20.663808129796237,21.977301305531576,22.246092
2026-01-01 03:20:10+00:00,MTR-18,21.94,21.034546708217974,22.307302383362753,22.48446
2026-01-01 03:20:20+00:00,MTR-18,20.8,22.36059397312026,22.169320440122654,22.909512
2026-01-01 03:20:30+00:00,MTR-18,20.73,20.703969399527807,22.85939227897429,23.036873
2026-01-01 03:20:40+00:00,MTR-18,21.8,20.175996109205286,22.344056289828245,22.599989
2026-01-01 03:20:50+00:00,MTR-18,24.3,20.75225707054817,22.304478175626308,22.589655
2026-01-01 03:21:00+00:00,MTR-18,21.73,20.689940627804887,22.053763952514768,23.301912
2026-01-01 03:21:10+00:00,MTR-18,23.29,20.960309154706195,21.665092473260703,23.339249
2026-01-01 03:21:20+00:00,MTR-18,22.51,21.29602172892757,22.360670655314955,22.724297
2026-01-01 03:21:30+00:00,MTR-18,20.83,21.081719817480007,22.172115463907,23.000628
2026-01-01 03:21:40+00:00,MTR-18,22.01,21.34444633789414,22.155939205138246,22.979187
2026-01-01 03:21:50+00:00,MTR-18,22.36,20.6503806332954,21.66492599384332,22.571077
2026-01-01 03:22:00+00:00,MTR-18,23.14,21.37848038482177,21.660018751837995,22.510738
2026-01-01 03:22:10+00:00,MTR-18,22.8,21.94897239609699,21.54557425040395,21.802982
2026-01-01 03:22:20+00:00,MTR-18,22.1,22.201875345720296,21.697708260711323,22.807686
2026-01-01 03:22:30+00:00,MTR-18,20.24,23.71561965451599,22.382179836431547,22.804228
2026-01-01 03:22:40+00:00,MTR-18,22.1,23.119530385209274,22.282826447783098,23.167925
2026-01-01 03:22:50+00:00,MTR-18,23.48,23.31614983333334,22.072223816173175,22.185726
2026-01-01 03:23:00+00:00,MTR-18,22.91,23.63031990193558,21.620105265769173,22.146456
2026-01-01 03:23:10+00:00,MTR-18,22.91,22.022924041206053,21.57661862319376,22.485775
2026-01-01 03:23:20+00:00,MTR-18,22.98,21.124446683244827,22.30437527010038,22.823475
2026-01-01 03:23:30+00:00,MTR-18,23.15,21.065478229331305,21.608184762077975,22.453495
2026-01-01 03:23:40+00:00,MTR-18,22.52,21.582225719439876,22.091819748609236,22.380432
2026-01-01 03:23:50+00:00,MTR-18,24.13,20.48571720367771,18.858428690980162,21.613657
2026-01-01 03:24:00+00:00,MTR-18,22.14,20.03775362039751,21.491553258553726,21.69934
2026-01-01 03:24:10+00:00,MTR-18,22.4,20.210121446867646,21.45644334484473,21.702942
2026-01-01 03:24:20+00:00,MTR-18,21.7,19.772463044271817,21.470654967457797,21.829775
2026-01-01 03:24:30+00:00,MTR-18,24.5,20.850647472883992,21.574317016844123,21.81127
2026-01-01 03:24:40+00:00,MTR-18,20.97,21.036367083993113,21.394632192447542,21.583702
2026-01-01 03:24:50+00:00,MTR-18,21.91,20.42817036974394,21.708908998911085,22.160837
2026-01-01 03:25:00+00:00,MTR-18,23.59,20.568118381087658,21.676668308923354,22.379671
2026-01-01 03:25:10+00:00,MTR-18,20.84,20.736152537764085,21.41372622911201,21.835402
2026-01-01 03:25:20+00:00,MTR-18,23.91,20.769965557331886,21.314674365546647,21.621965
2026-01-01 03:25:30+00:00,MTR-18,20.64,21.247231177582776,21.645719595460086,22.580452
2026-01-01 03:25:40+00:00,MTR-18,22.28,21.680791964305755,21.653570274735856,22.462748
2026-01-01 03:25:50+00:00,MTR-18,20.89,22.469958346879125,21.558151267562618,22.635847
2026-01-01 03:26:00+00:00,MTR-18,21.4,20.544657096043082,21.72438489885894,21.9088
2026-01-01 03:26:10+00:00,MTR-18,23.21,19.915307422602254,21.670975422440772,22.046745
2026-01-01 03:26:20+00:00,MTR-18,21.57,20.36260853118857,21.87172761035421,22.193172
2026-01-01 03:26:30+00:00,MTR-18,0.0,0.0,11.3288949449162,12.3371935
2026-01-01 03:26:40+00:00,MTR-18,0.39,0.0,10.846468655233659,7.440684
2026-01-01 03:26:50+00:00,MTR-18,0.84,0.0,13.201991125772388,2.6046715
2026-01-01 03:27:00+00:00,MTR-18,0.56,0.0,15.90496524531024,0.0
2026-01-01 03:27:10+00:00,MTR-18,0.0,0.0,19.05063504679173,2.159394
2026-01-01 03:27:20+00:00,MTR-18,1.07,0.9380524243023416,27.266070526589708,2.4348464
2026-01-01 03:27:30+00:00,MTR-18,0.0,3.2314643398478893,23.234360195858542,4.035092
2026-01-01 03:27:40+00:00,MTR-18,0.81,7.681344786519048,5.587919416786918,7.8428783
2026-01-01 03:27:50+00:00,MTR-18,0.0,11.34809371037197,3.804018934213932,2.4154446
2026-01-01 03:28:00+00:00,MTR-18,0.51,16.385974113356895,12.063395597273095,0.0
2026-01-01 03:28:10+00:00,MTR-18,0.67,19.241007717484692,11.634459644892141,1.8626267
2026-01-01 03:28:20+00:00,MTR-18,1.24,22.38367104331553,11.130869750712248,3.8322885
2026-01-01 03:28:30+00:00,MTR-18,0.36,22.839536275087298,1.1892263083213075,5.3537416
2026-01-01 03:28:40+00:00,MTR-18,0.0,25.970956324421977,0.9050035391098429,2.4530632
2026-01-01 03:28:50+00:00,MTR-18,0.0,27.3721434010572,0.6946012270137275,2.6174715
2026-01-01 03:29:00+00:00,MTR-18,0.0,27.930770070759507,0.8276749819624822,2.2304566
2026-01-01 03:29:10+00:00,MTR-18,1.6,29.109698223301223,0.8256418470418473,2.73091
2026-01-01 03:29:20+00:00,MTR-18,0.62,29.81765677429084,0.7250585574610577,2.553305
2026-01-01 03:29:30+00:00,MTR-18,0.12,31.607762176975243,0.7731457864357867,2.556492
2026-01-01 03:29:40+00:00,MTR-18,0.0,31.127628379137235,0.7418823537573539,2.649054
2026-01-01 03:29:50+00:00,MTR-18,0.83,31.964457272691092,0.7816399379324382,2.51185
2026-01-01 03:30:00+00:00,MTR-18,0.0,32.65545408730306,0.7780235858585862,3.070124
2026-01-01 03:30:10+00:00,MTR-18,0.17,31.976188537767385,0.8364105375180378,2.7875783
2026-01-01 03:30:20+00:00,MTR-18,0.74,32.963700412569956,0.8505986327561331,2.5400393
2026-01-01 03:30:30+00:00,MTR-18,0.0,32.57219011451953,0.8558001142376143,2.4949868
2026-01-01 03:30:40+00:00,MTR-18,0.66,33.604800576639455,0.9360591847041849,2.1881464
2026-01-01 03:30:50+00:00,MTR-18,0.0,32.47416600593252,0.5774440637140639,2.2308455
2026-01-01 03:31:00+00:00,MTR-18,0.27,33.02513208294873,0.6050116358641362,4.5154285
2026-01-01 03:31:10+00:00,MTR-18,0.38,32.3059597444074,0.6140256510156509,2.4157553
2026-01-01 03:31:20+00:00,MTR-18,0.0,32.37456547092598,0.949733428330929,1.6121054
2026-01-01 03:31:30+00:00,MTR-18,1.05,31.35911422210272,0.6939484908609905,2.445887
2026-01-01 03:31:40+00:00,MTR-18,0.0,30.961115114756296,0.5856178071003074,2.3496892
2026-01-01 03:31:50+00:00,MTR-18,0.0,31.257624084429338,0.8319473340548343,3.007843
2026-01-01 03:32:00+00:00,MTR-18,0.0,31.02644745481794,0.8227484980759983,2.1495216
2026-01-01 03:32:10+00:00,MTR-18,0.45,31.316909005764003,0.7842370242720244,2.4163706
2026-01-01 03:32:20+00:00,MTR-18,0.76,31.288620252624128,0.8283535942760942,2.5144107
2026-01-01 03:32:30+00:00,MTR-18,0.0,31.830934488294744,0.9858004256854256,2.2284327
2026-01-01 03:32:40+00:00,MTR-18,0.95,31.50865854673613,1.043578630351131,2.9188106
2026-01-01 03:32:50+00:00,MTR-18,0.0,32.931939693451845,1.0380209379509384,2.419173
2026-01-01 03:33:00+00:00,MTR-18,1.59,31.793411970592956,0.791836206571207,2.3583126
2026-01-01 03:33:10+00:00,MTR-18,0.0,31.92292456773812,0.973697158489659,2.312157
2026-01-01 03:33:20+00:00,MTR-18,1.18,32.10526529390792,0.8933235642135643,2.6425953
2026-01-01 03:33:30+00:00,MTR-18,0.86,32.21153087402513,0.8813420038295043,2.545499
2026-01-01 03:33:40+00:00,MTR-18,2.59,32.14347436194933,1.0155394865319871,2.5770879
2026-01-01 03:33:50+00:00,MTR-18,2.29,32.21385341036178,0.8712174290524293,2.488278
2026-01-01 03:34:00+00:00,MTR-18,1.29,31.875745356753455,0.9911035341510344,3.0012088
2026-01-01 03:34:10+00:00,MTR-18,0.73,31.528951536446456,0.8922434853109859,2.7614322
2026-01-01 03:34:20+00:00,MTR-18,0.23,31.567789339541747,0.8831904100529099,2.3902884
2026-01-01 03:34:30+00:00,MTR-18,1.78,31.560575454676837,0.9395857772782775,3.3693304
2026-01-01 03:34:40+00:00,MTR-18,1.01,31.971402389169867,1.0505069504569509,2.4394114
2026-01-01 03:34:50+00:00,MTR-18,63.57,56.408843013317146,6.761861171236168,9.83626
2026-01-01 03:35:00+00:00,MTR-18,63.99,65.53696826078777,27.485628359788357,9.887955
2026-01-01 03:35:10+00:00,MTR-18,65.52,70.64915425247712,37.51428109307358,26.855639
2026-01-01 03:35:20+00:00,MTR-18,64.94,74.9854523507243,38.09072553751803,78.845375
2026-01-01 03:35:30+00:00,MTR-18,64.19,78.05712867304189,38.08716363275614,81.37013
2026-01-01 03:35:40+00:00,MTR-18,65.95,80.47641982457428,38.087965352332844,77.87757
2026-01-01 03:35:50+00:00,MTR-18,66.96,82.75073121455925,68.55129105797656,82.63216
2026-01-01 03:36:00+00:00,MTR-18,64.64,82.52534472324845,75.50713079507506,83.42287
2026-01-01 03:36:10+00:00,MTR-18,64.04,82.90332343914184,80.54180731891627,89.52478
2026-01-01 03:36:20+00:00,MTR-18,63.83,82.18874228371598,80.78455189286169,89.09097
2026-01-01 03:36:30+00:00,MTR-18,65.46,82.01551883054951,80.8571760326894,88.86351
2026-01-01 03:36:40+00:00,MTR-18,65.6,79.57187553552032,76.8744242263493,86.13767
2026-01-01 03:36:50+00:00,MTR-18,63.34,78.45430806026526,83.8254490149496,81.7033
2026-01-01 03:37:00+00:00,MTR-18,66.26,78.93459538642604,84.45974022356641,82.36342
2026-01-01 03:37:10+00:00,MTR-18,64.3,79.1041568086675,87.40808913364332,85.06518
2026-01-01 03:37:20+00:00,MTR-18,65.7,79.12713490571291,87.22082018509383,84.05314
2026-01-01 03:37:30+00:00,MTR-18,64.72,78.45534244525597,86.56860839674002,79.55303
2026-01-01 03:37:40+00:00,MTR-18,62.52,78.53605295440748,86.8764758466892,81.52947
2026-01-01 03:37:50+00:00,MTR-18,66.54,77.74578194516916,84.6042148601166,82.977585
2026-01-01 03:38:00+00:00,MTR-18,64.4,78.42862087400623,83.73331887853662,81.80302
2026-01-01 03:38:10+00:00,MTR-18,64.27,77.18921195091264,91.51696714650141,80.52257
2026-01-01 03:38:20+00:00,MTR-18,63.97,76.35087036444467,92.37597863412516,83.43508
2026-01-01 03:38:30+00:00,MTR-18,64.48,76.39743670811076,92.43977677028417,83.1019
2026-01-01 03:38:40+00:00,MTR-18,64.86,75.58179450247756,92.4783461491824,85.24667
2026-01-01 03:38:50+00:00,MTR-18,63.39,75.32844158887441,91.95367690529842,82.95676
2026-01-01 03:39:00+00:00,MTR-18,99.93,85.24486029538689,83.52824454713122,86.36488
2026-01-01 03:39:10+00:00,MTR-18,99.53,88.13612369588134,84.30784014450434,88.90879
2026-01-01 03:39:20+00:00,MTR-18,100.0,92.13359273093744,86.3800140910339,97.31662
2026-01-01 03:39:30+00:00,MTR-18,100.0,95.26636479872849,85.90162409027413,98.126335
2026-01-01 03:39:40+00:00,MTR-18,100.0,96.79733894907619,87.90721168870026,98.835655
2026-01-01 03:39:50+00:00,MTR-18,99.35,98.29825674452368,87.75998144467164,98.81798
2026-01-01 03:40:00+00:00,MTR-18,100.0,98.21487703989203,87.7604294345771,98.71579
2026-01-01 03:40:10+00:00,MTR-18,100.0,97.35524127687204,96.00213121681395,98.193146
2026-01-01 03:40:20+00:00,MTR-18,99.68,98.73474748233963,87.79744455979434,98.714516
2026-01-01 03:40:30+00:00,MTR-18,100.0,97.72328482833782,97.97594731007582,97.6328
2026-01-01 03:40:40+00:00,MTR-18,98.86,98.64488531800339,98.70942808508747,98.355
2026-01-01 03:40:50+00:00,MTR-18,100.0,99.26034612193097,99.4807141098022,98.88455
2026-01-01 03:41:00+00:00,MTR-18,100.0,98.86351732836087,99.50293362764515,98.961395
2026-01-01 03:41:10+00:00,MTR-18,100.0,100.0,99.50799169193613,96.957245
2026-01-01 03:41:20+00:00,MTR-18,99.41,100.0,99.50821082479355,96.79962
2026-01-01 03:41:30+00:00,MTR-18,100.0,99.99194306649979,99.42954127410131,96.83121
2026-01-01 03:41:40+00:00,MTR-18,100.0,100.0,99.50824011143654,96.77149
2026-01-01 03:41:50+00:00,MTR-18,99.73,99.6523575109043,99.50800216375538,96.81198
2026-01-01 03:42:00+00:00,MTR-18,100.0,99.72922988561487,99.47195756143388,97.0731
2026-01-01 03:42:10+00:00,MTR-18,100.0,100.0,99.48113700381928,97.344604
2026-01-01 03:42:20+00:00,MTR-18,100.0,100.0,99.50233232769985,97.32111
2026-01-01 03:42:30+00:00,MTR-18,98.3,100.0,99.50602376607026,97.55554
2026-01-01 03:42:40+00:00,MTR-18,100.0,100.0,99.50733210983782,97.61061
2026-01-01 03:42:50+00:00,MTR-18,99.65,100.0,99.50755973336699,98.979546
2026-01-01 03:43:00+00:00,MTR-18,100.0,100.0,99.50738916166576,99.01591
2026-01-01 03:43:10+00:00,MTR-18,98.14,100.0,99.50718492153068,99.07767
2026-01-01 03:43:20+00:00,MTR-18,99.06,100.0,99.50786430603938,99.013504
2026-01-01 03:43:30+00:00,MTR-18,98.94,100.0,99.50755973336699,99.51938
2026-01-01 03:43:40+00:00,MTR-18,99.53,100.0,99.5060041760024,99.521996
2026-01-01 03:43:50+00:00,MTR-18,100.0,100.0,99.50772158359938,99.497665
2026-01-01 03:44:00+00:00,MTR-18,100.0,100.0,99.50734991481823,99.510124
2026-01-01 03:44:10+00:00,MTR-18,100.0,100.0,99.50746711920077,99.532074
2026-01-01 03:44:20+00:00,MTR-18,100.0,100.0,99.50643410604799,99.52817
2026-01-01 03:44:30+00:00,MTR-18,99.52,100.0,99.45801427736403,99.52879
2026-01-01 03:44:40+00:00,MTR-18,100.0,100.0,99.5080694833822,99.50178
2026-01-01 03:44:50+00:00,MTR-18,100.0,100.0,99.50754679815958,99.50556
2026-01-01 03:45:00+00:00,MTR-18,99.8,100.0,99.50746404980288,99.54111
2026-01-01 03:45:10+00:00,MTR-18,99.1,100.0,99.50657596137088,99.50139
2026-01-01 03:45:20+00:00,MTR-18,97.66,99.89694553401449,98.89796455786697,99.27685
2026-01-01 03:45:30+00:00,MTR-18,100.0,100.0,99.5087633678008,99.48057
2026-01-01 03:45:40+00:00,MTR-18,100.0,100.0,99.50413049105002,99.53653
2026-01-01 03:45:50+00:00,MTR-18,100.0,100.0,99.50657596137088,99.489174
2026-01-01 03:46:00+00:00,MTR-18,100.0,100.0,99.50660467774922,99.520676
2026-01-01 03:46:10+00:00,MTR-18,100.0,100.0,99.50640538966962,99.51899
2026-01-01 03:46:20+00:00,MTR-18,100.0,100.0,99.50572187215708,99.539185
2026-01-01 03:46:30+00:00,MTR-18,99.01,100.0,99.50677200433896,99.469604
2026-01-01 03:46:40+00:00,MTR-18,99.47,100.0,99.50659732952008,99.52834
2026-01-01 03:46:50+00:00,MTR-18,98.18,100.0,99.50609720997487,99.53931
2026-01-01 03:47:00+00:00,MTR-18,97.59,100.0,99.5069681186573,99.4771
2026-01-01 03:47:10+00:00,MTR-18,100.0,100.0,99.50615888910903,99.5129
2026-01-01 03:47:20+00:00,MTR-18,98.21,100.0,99.50752962879434,99.50059
2026-01-01 03:47:30+00:00,MTR-18,98.99,100.0,99.5075109748581,99.491196
2026-01-01 03:47:40+00:00,MTR-18,100.0,100.0,99.50560926609155,99.494606
2026-01-01 03:47:50+00:00,MTR-18,99.51,100.0,99.50634271042378,99.60933
2026-01-01 03:48:00+00:00,MTR-18,98.84,100.0,99.42980979129331,99.59728
2026-01-01 03:48:10+00:00,MTR-18,100.0,100.0,99.50639485330665,99.53264
2026-01-01 03:48:20+00:00,MTR-18,99.85,100.0,99.50688356157262,99.50986
2026-01-01 03:48:30+00:00,MTR-18,100.0,100.0,99.50764424292203,99.5535
2026-01-01 03:48:40+00:00,MTR-18,99.97,100.0,99.4330872765577,99.57904
2026-01-01 03:48:50+00:00,MTR-18,99.62,99.97294480889038,94.90536010168063,96.10109
2026-01-01 03:49:00+00:00,MTR-18,98.37,100.0,99.50658631902391,99.50155
2026-01-01 03:49:10+00:00,MTR-18,98.38,100.0,99.50342899332257,99.48391
2026-01-01 03:49:20+00:00,MTR-18,99.59,100.0,99.50478738752577,99.51124
2026-01-01 03:49:30+00:00,MTR-18,98.43,98.98960892083434,99.50569947528858,98.63744
2026-01-01 03:49:40+00:00,MTR-18,99.56,99.80141555992273,99.50388978493181,98.70538
2026-01-01 03:49:50+00:00,MTR-18,100.0,100.0,99.50367433418124,99.64702
2026-01-01 03:50:00+00:00,MTR-18,97.28,97.46522921981816,98.95133298669386,99.02824
2026-01-01 03:50:10+00:00,MTR-18,99.47,98.68592157041664,99.50473036472395,99.59376
2026-01-01 03:50:20+00:00,MTR-18,100.0,98.35115524357398,99.5007639089065,99.610214
2026-01-01 03:50:30+00:00,MTR-18,100.0,98.24969939775025,99.50738478780863,99.63015
2026-01-01 03:50:40+00:00,MTR-18,97.96,98.7203052834881,99.50906983835715,99.61748
2026-01-01 03:50:50+00:00,MTR-18,100.0,99.2409763709528,99.50600099156082,99.64144
2026-01-01 03:51:00+00:00,MTR-18,98.77,98.15710872597091,99.46289784851521,99.53455
2026-01-01 03:51:10+00:00,MTR-18,100.0,98.40501573869017,99.5066660604518,99.484924
2026-01-01 03:51:20+00:00,MTR-18,98.16,97.6493947199102,99.4515333574787,99.52449
2026-01-01 03:51:30+00:00,MTR-18,100.0,98.86698296795899,99.50765841576127,99.42485
2026-01-01 03:51:40+00:00,MTR-18,100.0,99.03522120466846,99.50674553343823,99.42853
2026-01-01 03:51:50+00:00,MTR-18,99.71,98.96084873068405,99.5052686638269,99.368065
2026-01-01 03:52:00+00:00,MTR-18,100.0,99.25449836702654,99.50729643372621,99.42162
2026-01-01 03:52:10+00:00,MTR-18,100.0,98.88919529448333,99.5070246890018,99.44482
2026-01-01 03:52:20+00:00,MTR-18,100.0,98.77156885572542,99.50586769723185,99.456505
2026-01-01 03:52:30+00:00,MTR-18,99.01,100.0,99.5082812643902,99.39993
2026-01-01 03:52:40+00:00,MTR-18,100.0,99.86640997265032,99.5070701988824,99.46684
2026-01-01 03:52:50+00:00,MTR-18,98.93,100.0,99.50720076470634,99.402435
2026-01-01 03:53:00+00:00,MTR-18,98.28,100.0,99.5052455683191,99.34175
2026-01-01 03:53:10+00:00,MTR-18,100.0,100.0,99.50617213872255,99.40818
2026-01-01 03:53:20+00:00,MTR-18,100.0,99.44328810879948,99.5066927089458,99.440735
2026-01-01 03:53:30+00:00,MTR-18,99.86,100.0,99.5054788192662,99.38547
2026-01-01 03:53:40+00:00,MTR-18,100.0,99.25953312556089,99.50791172289226,99.5456
2026-01-01 03:53:50+00:00,MTR-18,98.43,99.45006985051886,99.50778547522414,99.46242
2026-01-01 03:54:00+00:00,MTR-18,98.35,99.79358413840816,99.50657596137088,99.477585
2026-01-01 03:54:10+00:00,MTR-18,99.04,99.90032640571003,99.50690665708044,99.45908
2026-01-01 03:54:20+00:00,MTR-18,100.0,100.0,99.50686234812109,99.51517
2026-01-01 03:54:30+00:00,MTR-18,100.0,99.25476208548967,99.50743533342454,99.51046
2026-01-01 03:54:40+00:00,MTR-18,100.0,99.89891993641598,99.50610317237259,99.50082
2026-01-01 03:54:50+00:00,MTR-18,97.72,99.78691611941055,99.50412116888874,99.519005
2026-01-01 03:55:00+00:00,MTR-18,98.78,99.7932853911778,99.50703291982232,99.49768
2026-01-01 03:55:10+00:00,MTR-18,99.54,100.0,99.50806363115379,99.52343
2026-01-01 03:55:20+00:00,MTR-18,99.15,98.54345526754032,99.44104480296988,99.39291
2026-01-01 03:55:30+00:00,MTR-18,98.76,99.55494715101133,99.50586055061424,99.4624
2026-01-01 03:55:40+00:00,MTR-18,99.11,99.36891228697831,99.50915512649894,99.51168
2026-01-01 03:55:50+00:00,MTR-18,100.0,98.90066137721121,99.50444700310283,99.538895
2026-01-01 03:56:00+00:00,MTR-18,99.81,100.0,99.50619476314397,99.53382
2026-01-01 03:56:10+00:00,MTR-18,98.6,99.72637508305289,99.50853167926556,99.48826
2026-01-01 03:56:20+00:00,MTR-18,100.0,100.0,99.50663941504119,99.46816
2026-01-01 03:56:30+00:00,MTR-18,100.0,100.0,99.50683744795576,99.501274
2026-01-01 03:56:40+00:00,MTR-18,99.92,100.0,99.43166210360226,99.53201
2026-01-01 03:56:50+00:00,MTR-18,99.05,99.18592383371592,99.48100347068267,99.47156
2026-01-01 03:57:00+00:00,MTR-18,98.23,100.0,99.50767655929273,99.4644
2026-01-01 03:57:10+00:00,MTR-18,98.55,100.0,99.50980844237122,99.54972
2026-01-01 03:57:20+00:00,MTR-18,99.7,100.0,99.40880881644357,99.46568
2026-01-01 03:57:30+00:00,MTR-18,99.06,100.0,99.50772590720754,99.492905
2026-01-01 03:57:40+00:00,MTR-18,100.0,100.0,99.5065186958434,99.52627
2026-01-01 03:57:50+00:00,MTR-18,99.72,99.99814250700906,99.50809258341552,99.49474
2026-01-01 03:58:00+00:00,MTR-18,100.0,100.0,99.50597451462552,99.571815
2026-01-01 03:58:10+00:00,MTR-18,99.5,100.0,99.50684222149489,99.50379
2026-01-01 03:58:20+00:00,MTR-18,100.0,100.0,99.50867351327362,99.5009
2026-01-01 03:58:30+00:00,MTR-18,100.0,100.0,99.50724810861988,99.49932
2026-01-01 03:58:40+00:00,MTR-18,99.65,100.0,99.50712265390173,99.529144
2026-01-01 03:58:50+00:00,MTR-18,100.0,99.83863411033649,99.50625719638303,99.46083
2026-01-01 03:59:00+00:00,MTR-18,98.07,100.0,99.50668927161394,99.480774
2026-01-01 03:59:10+00:00,MTR-18,100.0,99.84500929281691,99.50748164745325,99.4895
2026-01-01 03:59:20+00:00,MTR-18,98.85,100.0,99.5059427760171,99.458664
2026-01-01 03:59:30+00:00,MTR-18,100.0,99.49404173363811,99.50662086635346,99.52623
2026-01-01 03:59:40+00:00,MTR-18,97.74,99.27234984568629,99.50686234812109,99.523605
2026-01-01 03:59:50+00:00,MTR-18,99.13,99.58747653649989,99.50655592275709,99.50917
2026-01-01 04:00:00+00:00,MTR-18,99.47,99.53383919494895,99.50752962879434,99.50005
2026-01-01 04:00:10+00:00,MTR-18,98.59,99.29741478141415,99.50570553449542,99.510376
2026-01-01 04:00:20+00:00,MTR-18,99.49,100.0,99.50691503543935,99.5175
2026-01-01 04:00:30+00:00,MTR-18,99.98,100.0,99.50672171134023,99.51686
2026-01-01 04:00:40+00:00,MTR-18,100.0,99.84117557766865,99.5078070651863,99.439964
2026-01-01 04:00:50+00:00,MTR-18,99.97,100.0,99.50608089444464,99.39229
2026-01-01 04:01:00+00:00,MTR-18,99.77,100.0,99.50793874313186,99.44022
2026-01-01 04:01:10+00:00,MTR-18,99.2,99.81267659367664,99.50128907054044,99.4244
2026-01-01 04:01:20+00:00,MTR-18,99.95,99.81847061344774,99.4711151149006,99.43883
2026-01-01 04:01:30+00:00,MTR-18,100.0,99.68474547198747,99.50559725693971,99.455666
2026-01-01 04:01:40+00:00,MTR-18,100.0,99.27240250504468,99.50733442535417,99.5391
2026-01-01 04:01:50+00:00,MTR-18,98.79,100.0,99.50671912221505,99.512634
2026-01-01 04:02:00+00:00,MTR-18,100.0,99.97062991670272,99.50723447315171,99.53426
2026-01-01 04:02:10+00:00,MTR-18,100.0,99.14442860877487,99.49877522704938,99.47584
2026-01-01 04:02:20+00:00,MTR-18,100.0,98.57318286517832,99.50774035850787,99.59966
2026-01-01 04:02:30+00:00,MTR-18,100.0,98.13592885871161,99.5079189231902,99.4795
2026-01-01 04:02:40+00:00,MTR-18,100.0,97.28486431714737,99.43136200698454,99.43954
2026-01-01 04:02:50+00:00,MTR-18,99.41,98.99019853763288,99.5072369797528,99.50695
2026-01-01 04:03:00+00:00,MTR-18,99.52,98.601494803309,99.50783186638795,99.505905
2026-01-01 04:03:10+00:00,MTR-18,100.0,99.29711771998475,99.50763039448897,99.54665
2026-01-01 04:03:20+00:00,MTR-18,100.0,99.56102787358097,99.50592650067348,99.51524
2026-01-01 04:03:30+00:00,MTR-18,100.0,99.37543937137161,99.50571739145781,99.531746
2026-01-01 04:03:40+00:00,MTR-18,99.68,98.52912352950875,99.50848314349705,99.61035
2026-01-01 04:03:50+00:00,MTR-18,99.24,99.33753353758947,99.50938077056276,99.554855
2026-01-01 04:04:00+00:00,MTR-18,100.0,99.4880584179069,99.50772688707362,99.57794
2026-01-01 04:04:10+00:00,MTR-18,100.0,98.69117702646562,99.41262450995569,99.55602
2026-01-01 04:04:20+00:00,MTR-18,99.31,99.30475894326878,99.50696591094979,99.54025
2026-01-01 04:04:30+00:00,MTR-18,100.0,100.0,99.50800448898808,99.62881
2026-01-01 04:04:40+00:00,MTR-18,100.0,100.0,99.50616505575555,99.60337
2026-01-01 04:04:50+00:00,MTR-18,98.48,100.0,99.50782115377574,99.553764
2026-01-01 04:05:00+00:00,MTR-18,100.0,100.0,99.5072639031877,99.58089
2026-01-01 04:05:10+00:00,MTR-18,97.61,100.0,99.49644795722169,99.54217
2026-01-01 04:05:20+00:00,MTR-18,100.0,100.0,99.50752600867851,99.59009
2026-01-01 04:05:30+00:00,MTR-18,100.0,100.0,99.46289721548067,99.4596
2026-01-01 04:05:40+00:00,MTR-18,99.78,100.0,99.5069917475262,99.620094
2026-01-01 04:05:50+00:00,MTR-18,99.7,100.0,99.50679938098897,99.57598
2026-01-01 04:06:00+00:00,MTR-18,99.21,100.0,99.50662880928772,99.583916
2026-01-01 04:06:10+00:00,MTR-18,98.41,100.0,99.50798629935952,99.56123
2026-01-01 04:06:20+00:00,MTR-18,97.75,100.0,99.50546898793719,99.53813
2026-01-01 04:06:30+00:00,MTR-18,99.04,100.0,99.50775304841244,99.56175
2026-01-01 04:06:40+00:00,MTR-18,99.68,99.59111344583403,99.48585981422899,99.55422
2026-01-01 04:06:50+00:00,MTR-18,99.89,99.58624652786385,99.50568402329543,99.54208
2026-01-01 04:07:00+00:00,MTR-18,100.0,100.0,99.50637142680212,99.50843
2026-01-01 04:07:10+00:00,MTR-18,100.0,99.66076427879369,99.5085695531393,99.5639
2026-01-01 04:07:20+00:00,MTR-18,97.56,99.18928368869544,99.5064179588005,99.563324
2026-01-01 04:07:30+00:00,MTR-18,100.0,99.48697731221812,99.5072490014042,99.5507
2026-01-01 04:07:40+00:00,MTR-18,98.34,97.94653219504855,99.42762669262362,99.387794
2026-01-01 04:07:50+00:00,MTR-18,98.29,99.4324108749356,99.5073874911211,99.497955
2026-01-01 04:08:00+00:00,MTR-18,98.65,99.17856922092594,99.50762081210438,99.55325
2026-01-01 04:08:10+00:00,MTR-18,99.66,99.92312412548591,96.42892342412705,99.53307
2026-01-01 04:08:20+00:00,MTR-18,99.68,100.0,99.50710117440707,99.53505
2026-01-01 04:08:30+00:00,MTR-18,100.0,100.0,99.50696697145085,99.531105
2026-01-01 04:08:40+00:00,MTR-18,100.0,100.0,99.50676768337124,99.56531
2026-01-01 04:08:50+00:00,MTR-18,99.32,100.0,99.49993667596638,99.53973
2026-01-01 04:09:00+00:00,MTR-18,100.0,100.0,99.5085865798395,99.53785
2026-01-01 04:09:10+00:00,MTR-18,99.86,100.0,99.50754353456985,99.54274
2026-01-01 04:09:20+00:00,MTR-18,100.0,99.96476394010092,99.50716385365294,99.52426
2026-01-01 04:09:30+00:00,MTR-18,100.0,99.98027291831689,99.50691616149257,99.51327
2026-01-01 04:09:40+00:00,MTR-18,99.79,99.2780452795335,99.50716385365294,99.44222
2026-01-01 04:09:50+00:00,MTR-18,100.0,100.0,99.50691616149257,99.50928
2026-01-01 00:00:00+00:00,PMP-19,98.29,100.0,99.50548813472285,99.55483
2026-01-01 00:00:10+00:00,PMP-19,98.41,100.0,99.50652548847685,99.49383
2026-01-01 00:00:20+00:00,PMP-19,100.0,100.0,99.50504726873399,99.52509
2026-01-01 00:00:30+00:00,PMP-19,100.0,100.0,99.50709849087865,99.57717
2026-01-01 00:00:40+00:00,PMP-19,100.0,100.0,99.49736226782937,99.5218
2026-01-01 00:00:50+00:00,PMP-19,98.86,100.0,99.50092560712429,99.4288
2026-01-01 00:01:00+00:00,PMP-19,100.0,100.0,99.50436875176666,99.470634
2026-01-01 00:01:10+00:00,PMP-19,98.62,100.0,99.50083473709627,99.505684
2026-01-01 00:01:20+00:00,PMP-19,100.0,100.0,99.50379104384324,99.4996
2026-01-01 00:01:30+00:00,PMP-19,100.0,100.0,99.50185821411404,99.504745
2026-01-01 00:01:40+00:00,PMP-19,100.0,100.0,99.50465739158844,99.52136
2026-01-01 00:01:50+00:00,PMP-19,99.07,100.0,99.50271412799563,99.486786
2026-01-01 00:02:00+00:00,PMP-19,99.45,100.0,99.49558020950377,99.5114
2026-01-01 00:02:10+00:00,PMP-19,99.48,100.0,99.5044878661108,99.554535
2026-01-01 00:02:20+00:00,PMP-19,98.42,100.0,99.5028003345244,99.50961
2026-01-01 00:02:30+00:00,PMP-19,100.0,100.0,99.50122693024412,99.52523
2026-01-01 00:02:40+00:00,PMP-19,99.8,100.0,99.50200006943693,99.51849
2026-01-01 00:02:50+00:00,PMP-19,100.0,100.0,99.50645909133432,99.54428
2026-01-01 00:03:00+00:00,PMP-19,100.0,100.0,99.50396161554448,99.53597
2026-01-01 00:03:10+00:00,PMP-19,99.37,100.0,99.43422830430684,99.580444
2026-01-01 00:03:20+00:00,PMP-19,100.0,100.0,99.50417072476016,99.51618
2026-01-01 00:03:30+00:00,PMP-19,100.0,100.0,99.50594509317432,99.51463
2026-01-01 00:03:40+00:00,PMP-19,99.63,100.0,99.50732032133466,99.56953
2026-01-01 00:03:50+00:00,PMP-19,100.0,100.0,99.50322445318406,99.44641
2026-01-01 00:04:00+00:00,PMP-19,100.0,100.0,99.50260137180045,99.43146
2026-01-01 00:04:10+00:00,PMP-19,99.36,100.0,99.50645909133432,99.525
2026-01-01 00:04:20+00:00,PMP-19,100.0,100.0,99.50526891308844,99.54865
2026-01-01 00:04:30+00:00,PMP-19,100.0,100.0,99.50547906852773,99.50454
2026-01-01 00:04:40+00:00,PMP-19,100.0,100.0,99.50412027169959,99.50256
2026-01-01 00:04:50+00:00,PMP-19,99.6,100.0,99.46542234280919,99.534676
2026-01-01 00:05:00+00:00,PMP-19,100.0,100.0,99.50652548847685,99.48217
2026-01-01 00:05:10+00:00,PMP-19,100.0,100.0,99.49576022521617,99.56168
2026-01-01 00:05:20+00:00,PMP-19,100.0,100.0,99.5050983413872,99.537285
2026-01-01 00:05:30+00:00,PMP-19,100.0,100.0,99.50612870031358,99.5336
2026-01-01 00:05:40+00:00,PMP-19,99.97,99.72835339625571,99.45758744537063,99.5255
2026-01-01 00:05:50+00:00,PMP-19,100.0,99.61255162964771,99.5053175630216,99.58998
2026-01-01 00:06:00+00:00,PMP-19,97.43,100.0,99.50489010885521,99.54241
2026-01-01 00:06:10+00:00,PMP-19,100.0,99.36734495784641,99.50425874554472,99.31857
2026-01-01 00:06:20+00:00,PMP-19,98.12,99.54165393227467,99.50506987086123,99.50905
2026-01-01 00:06:30+00:00,PMP-19,98.31,100.0,99.50441920482722,99.52789
2026-01-01 00:06:40+00:00,PMP-19,98.27,99.38038041931435,99.50534802307865,99.557365
2026-01-01 00:06:50+00:00,PMP-19,98.45,99.39126035492434,99.5050983413872,99.542244
2026-01-01 00:07:00+00:00,PMP-19,100.0,99.58252899290771,99.50485064922682,99.45176
2026-01-01 00:07:10+00:00,PMP-19,100.0,100.0,99.50547906852773,99.547386
2026-01-01 00:07:20+00:00,PMP-19,100.0,100.0,99.50501406582946,99.546364
2026-01-01 00:07:30+00:00,PMP-19,100.0,99.91582826615173,99.5077899708737,99.55481
2026-01-01 00:07:40+00:00,PMP-19,98.1,100.0,99.50090292733226,99.45217
2026-01-01 00:07:50+00:00,PMP-19,100.0,100.0,99.50714765692688,99.5553
2026-01-01 00:08:00+00:00,PMP-19,100.0,100.0,99.50465843781203,99.52219
2026-01-01 00:08:10+00:00,PMP-19,99.61,100.0,99.50325664482534,99.529755
2026-01-01 00:08:20+00:00,PMP-19,97.8,100.0,99.47732790790934,98.98754
2026-01-01 00:08:30+00:00,PMP-19,100.0,100.0,99.38956691715335,99.5092
2026-01-01 00:08:40+00:00,PMP-19,100.0,100.0,99.44671444916328,99.448845
2026-01-01 00:08:50+00:00,PMP-19,99.69,100.0,99.50572587153991,99.44073
2026-01-01 00:09:00+00:00,PMP-19,99.26,100.0,99.5060501848686,99.42206
2026-01-01 00:09:10+00:00,PMP-19,99.27,100.0,99.50526891308844,99.44974
2026-01-01 00:09:20+00:00,PMP-19,100.0,100.0,99.50376272353789,99.52411
2026-01-01 00:09:30+00:00,PMP-19,99.96,100.0,99.50379104384324,99.49775
2026-01-01 00:09:40+00:00,PMP-19,100.0,100.0,98.85242133617095,99.29789
2026-01-01 00:09:50+00:00,PMP-19,99.5,100.0,99.4631651855618,99.53063
2026-01-01 00:10:00+00:00,PMP-19,99.69,100.0,99.50464441172309,99.49735
2026-01-01 00:10:10+00:00,PMP-19,98.12,100.0,99.505010360699,99.491295
2026-01-01 00:10:20+00:00,PMP-19,99.85,100.0,99.43447640377612,99.3768
2026-01-01 00:10:30+00:00,PMP-19,100.0,100.0,99.50421009561155,99.51204
2026-01-01 00:10:40+00:00,PMP-19,100.0,100.0,99.50526891308844,99.50171
2026-01-01 00:10:50+00:00,PMP-19,100.0,100.0,99.50487245233488,99.540886
2026-01-01 00:11:00+00:00,PMP-19,100.0,99.87519689937591,99.5074492637304,99.534996
2026-01-01 00:11:10+00:00,PMP-19,97.55,100.0,99.50464162878814,99.50007
2026-01-01 00:11:20+00:00,PMP-19,100.0,100.0,99.50575967084754,99.53268
2026-01-01 00:11:30+00:00,PMP-19,99.36,100.0,99.50569829016214,99.52585
2026-01-01 00:11:40+00:00,PMP-19,97.41,99.37970664538486,99.42079546261594,99.33574
2026-01-01 00:11:50+00:00,PMP-19,99.07,100.0,99.50731981702613,99.46277
2026-01-01 00:12:00+00:00,PMP-19,100.0,100.0,99.45890771067629,99.57468
2026-01-01 00:12:10+00:00,PMP-19,100.0,100.0,99.50562662374672,99.51972
2026-01-01 00:12:20+00:00,PMP-19,99.26,100.0,99.50645897151153,99.53881
2026-01-01 00:12:30+00:00,PMP-19,98.52,100.0,99.50594509317432,99.51806
2026-01-01 00:12:40+00:00,PMP-19,99.34,100.0,99.50552667223728,99.56286
2026-01-01 00:12:50+00:00,PMP-19,100.0,100.0,99.50569724393853,99.5499
2026-01-01 00:13:00+00:00,PMP-19,99.59,100.0,99.50466148251925,99.56046
2026-01-01 00:13:10+00:00,PMP-19,99.67,100.0,99.5057286484568,99.570724
2026-01-01 00:13:20+00:00,PMP-19,100.0,100.0,99.50596878006321,99.56968
2026-01-01 00:13:30+00:00,PMP-19,100.0,100.0,99.50369581574792,99.54364
2026-01-01 00:13:40+00:00,PMP-19,99.58,99.63794830501922,99.50529570858838,99.58059
2026-01-01 00:13:50+00:00,PMP-19,99.92,100.0,99.50570134705616,99.5477
2026-01-01 00:14:00+00:00,PMP-19,100.0,100.0,99.50615513174637,99.56565
2026-01-01 00:14:10+00:00,PMP-19,100.0,100.0,99.50518293246374,99.51976
2026-01-01 00:14:20+00:00,PMP-19,100.0,100.0,99.50596982628683,99.57462
2026-01-01 00:14:30+00:00,PMP-19,97.85,100.0,99.50674471011126,99.45022
2026-01-01 00:14:40+00:00,PMP-19,98.65,100.0,99.50438994639457,99.52638
2026-01-01 00:14:50+00:00,PMP-19,100.0,100.0,99.50424863312598,99.515434
2026-01-01 00:15:00+00:00,PMP-19,100.0,100.0,99.50555529983865,99.491875
2026-01-01 00:15:10+00:00,PMP-19,100.0,100.0,99.50526891308844,99.484085
2026-01-01 00:15:20+00:00,PMP-19,100.0,100.0,99.42942037817168,99.49149
2026-01-01 00:15:30+00:00,PMP-19,100.0,100.0,99.50510642663906,99.52663
2026-01-01 00:15:40+00:00,PMP-19,98.74,100.0,99.46594986069667,99.50349
2026-01-01 00:15:50+00:00,PMP-19,100.0,100.0,99.50656849672919,99.55183
2026-01-01 00:16:00+00:00,PMP-19,100.0,100.0,99.50488505290099,99.53138
2026-01-01 00:16:10+00:00,PMP-19,98.17,100.0,99.46967589056639,99.48125
2026-01-01 00:16:20+00:00,PMP-19,100.0,100.0,99.50467211052751,99.56614
2026-01-01 00:16:30+00:00,PMP-19,98.53,100.0,99.5037702300636,99.52872
2026-01-01 00:16:40+00:00,PMP-19,100.0,100.0,99.50638996634939,99.53152
2026-01-01 00:16:50+00:00,PMP-19,100.0,100.0,99.50642850386383,99.54366
2026-01-01 00:17:00+00:00,PMP-19,99.88,100.0,99.50759948020264,99.51709
2026-01-01 00:17:10+00:00,PMP-19,100.0,100.0,98.72019715007407,99.1025
2026-01-01 00:17:20+00:00,PMP-19,97.18,100.0,99.41666601289477,98.99728
2026-01-01 00:17:30+00:00,PMP-19,100.0,100.0,99.50330069930128,99.464745
2026-01-01 00:17:40+00:00,PMP-19,98.86,100.0,99.42878954334059,99.477104
2026-01-01 00:17:50+00:00,PMP-19,99.13,100.0,99.50365698695084,99.540184
2026-01-01 00:18:00+00:00,PMP-19,100.0,100.0,99.50344787773517,99.56264
2026-01-01 00:18:10+00:00,PMP-19,97.51,100.0,99.50387620858525,99.562386
2026-01-01 00:18:20+00:00,PMP-19,100.0,100.0,99.50450466809434,99.5569
2026-01-01 00:18:30+00:00,PMP-19,98.05,100.0,99.50395348611978,99.51188
2026-01-01 00:18:40+00:00,PMP-19,100.0,100.0,99.50393061622506,99.52092
2026-01-01 00:18:50+00:00,PMP-19,100.0,100.0,99.50513412879782,99.57685
2026-01-01 00:19:00+00:00,PMP-19,98.28,100.0,99.43192542348055,99.50949
2026-01-01 00:19:10+00:00,PMP-19,100.0,100.0,99.50599386293024,99.57832
2026-01-01 00:19:20+00:00,PMP-19,99.36,100.0,99.50439976661309,99.53938
2026-01-01 00:19:30+00:00,PMP-19,99.59,100.0,99.50548813472285,99.54421
2026-01-01 00:19:40+00:00,PMP-19,99.46,100.0,99.50562320062228,99.572716
2026-01-01 00:19:50+00:00,PMP-19,100.0,100.0,99.50382256782866,99.5371
2026-01-01 00:20:00+00:00,PMP-19,99.77,100.0,99.40775771784084,99.6135
2026-01-01 00:20:10+00:00,PMP-19,99.4,100.0,99.50569724393853,99.53892
2026-01-01 00:20:20+00:00,PMP-19,100.0,100.0,99.50548813472285,99.507744
2026-01-01 00:20:30+00:00,PMP-19,100.0,100.0,99.50658800416284,99.54498
2026-01-01 00:20:40+00:00,PMP-19,100.0,100.0,99.50570134705616,99.57799
2026-01-01 00:20:50+00:00,PMP-19,100.0,100.0,99.5048636333575,99.528786
2026-01-01 00:21:00+00:00,PMP-19,100.0,100.0,99.5053175630216,99.53956
2026-01-01 00:21:10+00:00,PMP-19,100.0,100.0,99.50440747793508,99.50598
2026-01-01 00:21:20+00:00,PMP-19,100.0,100.0,99.50583228347088,99.535805
2026-01-01 00:21:30+00:00,PMP-19,98.52,100.0,99.48650681377524,99.55957
2026-01-01 00:21:40+00:00,PMP-19,98.48,100.0,99.50468243583289,99.49317
2026-01-01 00:21:50+00:00,PMP-19,100.0,100.0,99.46459644664341,99.50664
2026-01-01 00:22:00+00:00,PMP-19,99.68,100.0,99.50616030507811,99.508766
2026-01-01 00:22:10+00:00,PMP-19,99.04,100.0,99.5055318857772,99.532776
2026-01-01 00:22:20+00:00,PMP-19,98.8,100.0,99.50616949109599,99.517075
2026-01-01 00:22:30+00:00,PMP-19,99.54,100.0,99.5059501496388,99.53915
2026-01-01 00:22:40+00:00,PMP-19,100.0,100.0,99.50640653782561,99.54342
2026-01-01 00:22:50+00:00,PMP-19,100.0,100.0,99.49640661411817,99.57973
2026-01-01 00:23:00+00:00,PMP-19,99.84,100.0,99.50616030507811,99.54655
2026-01-01 00:23:10+00:00,PMP-19,98.85,100.0,99.47535672651684,99.57841
2026-01-01 00:23:20+00:00,PMP-19,100.0,100.0,99.5059501496388,99.53261
2026-01-01 00:23:30+00:00,PMP-19,100.0,100.0,99.50577957793757,99.57621
2026-01-01 00:23:40+00:00,PMP-19,99.36,100.0,99.45790662270024,99.50254
2026-01-01 00:23:50+00:00,PMP-19,100.0,100.0,99.50727641106698,99.61007
2026-01-01 00:24:00+00:00,PMP-19,100.0,100.0,99.50489133216192,99.51916
2026-01-01 00:24:10+00:00,PMP-19,100.0,100.0,99.50512677992958,99.55304
2026-01-01 00:24:20+00:00,PMP-19,98.9,100.0,99.50825609979842,99.533516
2026-01-01 00:24:30+00:00,PMP-19,100.0,100.0,99.50531548793256,99.53098
2026-01-01 00:24:40+00:00,PMP-19,100.0,100.0,99.50788415466992,99.5323
2026-01-01 00:24:50+00:00,PMP-19,98.57,100.0,99.50578036584429,99.54181
2026-01-01 00:25:00+00:00,PMP-19,99.6,100.0,99.47354656633699,99.49071
2026-01-01 00:25:10+00:00,PMP-19,100.0,100.0,99.50505370352414,99.557076
2026-01-01 00:25:20+00:00,PMP-19,99.74,100.0,99.5059501496388,99.52757
2026-01-01 00:25:30+00:00,PMP-19,99.6,100.0,99.35452492694336,99.841736
2026-01-01 00:25:40+00:00,PMP-19,100.0,100.0,99.5053175630216,99.56995
2026-01-01 00:25:50+00:00,PMP-19,99.5,100.0,99.50548813472285,99.52678
2026-01-01 00:26:00+00:00,PMP-19,97.71,100.0,99.50749791366356,99.556404
2026-01-01 00:26:10+00:00,PMP-19,98.23,100.0,99.50463842646163,99.51696
2026-01-01 00:26:20+00:00,PMP-19,100.0,100.0,99.50984087275404,99.61199
2026-01-01 00:26:30+00:00,PMP-19,100.0,100.0,99.50594509317432,99.51472
2026-01-01 00:26:40+00:00,PMP-19,100.0,100.0,99.50548813472285,99.55144
2026-01-01 00:26:50+00:00,PMP-19,100.0,100.0,99.5051140505706,99.55742
2026-01-01 00:27:00+00:00,PMP-19,99.77,100.0,99.50389456030908,99.56662
2026-01-01 00:27:10+00:00,PMP-19,99.53,100.0,99.50464162878814,99.492966
2026-01-01 00:27:20+00:00,PMP-19,100.0,100.0,99.43708243256035,99.55435
2026-01-01 00:27:30+00:00,PMP-19,100.0,100.0,99.50491250443868,99.50926
2026-01-01 00:27:40+00:00,PMP-19,100.0,100.0,99.50510148760122,99.496056
2026-01-01 00:27:50+00:00,PMP-19,100.0,100.0,99.50675041472627,99.55254
2026-01-01 00:28:00+00:00,PMP-19,99.74,100.0,99.50864177912531,99.516045
2026-01-01 00:28:10+00:00,PMP-19,100.0,100.0,99.50616030507811,99.52865
2026-01-01 00:28:20+00:00,PMP-19,98.21,100.0,99.50579213708238,99.533005
2026-01-01 00:28:30+00:00,PMP-19,99.95,100.0,99.50613752217227,99.52778
2026-01-01 00:28:40+00:00,PMP-19,99.21,100.0,99.48661747276714,99.587456
2026-01-01 00:28:50+00:00,PMP-19,100.0,100.0,99.49777317470608,99.54229
2026-01-01 00:29:00+00:00,PMP-19,100.0,100.0,99.46587693860337,99.58947
2026-01-01 00:29:10+00:00,PMP-19,100.0,100.0,99.50615925885448,99.548454
2026-01-01 00:29:20+00:00,PMP-19,97.76,100.0,99.41756685551456,99.36715
2026-01-01 00:29:30+00:00,PMP-19,100.0,99.27124123460594,99.50360977078108,99.54675
2026-01-01 00:29:40+00:00,PMP-19,99.94,99.9062412733129,99.50392212046316,99.50429
2026-01-01 00:29:50+00:00,PMP-19,100.0,99.85159295773421,99.50586507864865,99.54338
2026-01-01 00:30:00+00:00,PMP-19,100.0,100.0,99.50465690246173,99.51907
2026-01-01 00:30:10+00:00,PMP-19,99.28,99.3239106048733,99.4644141861241,99.56932
2026-01-01 00:30:20+00:00,PMP-19,100.0,99.18301323972148,99.50698909179083,99.55995
2026-01-01 00:30:30+00:00,PMP-19,99.81,98.73739971231436,99.43057410420973,99.28109
2026-01-01 00:30:40+00:00,PMP-19,100.0,100.0,99.5055318857772,99.51761
2026-01-01 00:30:50+00:00,PMP-19,99.56,100.0,99.5059501496388,99.538124
2026-01-01 00:31:00+00:00,PMP-19,99.58,100.0,99.50616030507811,99.50544
2026-01-01 00:31:10+00:00,PMP-19,100.0,100.0,99.51025582613485,99.679924
2026-01-01 00:31:20+00:00,PMP-19,100.0,100.0,99.49899318623925,99.58989
2026-01-01 00:31:30+00:00,PMP-19,99.77,100.0,99.50560979414303,99.5613
2026-01-01 00:31:40+00:00,PMP-19,100.0,100.0,99.50766147479254,99.56911
2026-01-01 00:31:50+00:00,PMP-19,100.0,100.0,99.50720672502722,99.55646
2026-01-01 00:32:00+00:00,PMP-19,100.0,100.0,99.50577957793757,99.58714
2026-01-01 00:32:10+00:00,PMP-19,100.0,100.0,99.50448354382632,99.54462
2026-01-01 00:32:20+00:00,PMP-19,100.0,99.9139385519479,99.40841573173758,99.550804
2026-01-01 00:32:30+00:00,PMP-19,98.79,98.61161979893598,99.5033267479651,99.51339
2026-01-01 00:32:40+00:00,PMP-19,99.54,100.0,99.50616665169015,99.52319
2026-01-01 00:32:50+00:00,PMP-19,99.41,99.6746999622191,99.50537026855491,99.58715
2026-01-01 00:33:00+00:00,PMP-19,99.06,100.0,99.50548813472285,99.52003
2026-01-01 00:33:10+00:00,PMP-19,100.0,100.0,99.50569724393853,99.59708
2026-01-01 00:33:20+00:00,PMP-19,100.0,100.0,99.50180858987935,99.57441
2026-01-01 00:33:30+00:00,PMP-19,99.9,100.0,99.50570747618004,99.556145
2026-01-01 00:33:40+00:00,PMP-19,100.0,100.0,99.50594452290966,99.584404
2026-01-01 00:33:50+00:00,PMP-19,100.0,100.0,99.50328513244762,99.56696
2026-01-01 00:34:00+00:00,PMP-19,99.85,100.0,99.50637062595901,99.578865
2026-01-01 00:34:10+00:00,PMP-19,99.35,100.0,99.5048636333575,99.49683
2026-01-01 00:34:20+00:00,PMP-19,98.71,100.0,99.50618916774401,99.560356
2026-01-01 00:34:30+00:00,PMP-19,100.0,100.0,99.50548813472285,99.52452
2026-01-01 00:34:40+00:00,PMP-19,99.46,100.0,99.50669764857611,99.52774
2026-01-01 00:34:50+00:00,PMP-19,100.0,100.0,99.5041808371789,99.62494
2026-01-01 00:35:00+00:00,PMP-19,97.69,100.0,99.50546232596453,99.5232
2026-01-01 00:35:10+00:00,PMP-19,98.05,100.0,99.50661762766664,99.523415
2026-01-01 00:35:20+00:00,PMP-19,97.57,100.0,99.50610880579391,99.52855
2026-01-01 00:35:30+00:00,PMP-19,100.0,100.0,99.51105609122231,99.67628
2026-01-01 00:35:40+00:00,PMP-19,99.52,100.0,99.50588967293649,99.50858
2026-01-01 00:35:50+00:00,PMP-19,99.09,100.0,99.50623653638901,99.54988
2026-01-01 00:36:00+00:00,PMP-19,100.0,100.0,99.50526229985921,99.52556
2026-01-01 00:36:10+00:00,PMP-19,100.0,100.0,99.5065657642454,99.5379
2026-01-01 00:36:20+00:00,PMP-19,99.22,100.0,99.50555305805396,99.55158
2026-01-01 00:36:30+00:00,PMP-19,98.35,100.0,99.5046555647954,99.53834
2026-01-01 00:36:40+00:00,PMP-19,97.11,100.0,99.50363633105657,99.51104
2026-01-01 00:36:50+00:00,PMP-19,100.0,100.0,99.50646397030887,99.55574
2026-01-01 00:37:00+00:00,PMP-19,100.0,100.0,99.50575543423538,99.51366
2026-01-01 00:37:10+00:00,PMP-19,97.75,100.0,99.50620802861043,99.562744
2026-01-01 00:37:20+00:00,PMP-19,98.79,100.0,99.4507902598131,99.50805
2026-01-01 00:37:30+00:00,PMP-19,99.3,100.0,99.50683477989874,99.535034
2026-01-01 00:37:40+00:00,PMP-19,100.0,100.0,99.50699013801443,99.58257
2026-01-01 00:37:50+00:00,PMP-19,100.0,100.0,99.50619066337275,99.55974
2026-01-01 00:38:00+00:00,PMP-19,100.0,100.0,99.50640710809029,99.544044
2026-01-01 00:38:10+00:00,PMP-19,100.0,100.0,99.5016080839161,99.56853
2026-01-01 00:38:20+00:00,PMP-19,100.0,100.0,99.5017816051229,99.591644
2026-01-01 00:38:30+00:00,PMP-19,99.94,100.0,99.50594509317432,99.52807
2026-01-01 00:38:40+00:00,PMP-19,98.0,100.0,99.50196434811821,99.52327
2026-01-01 00:38:50+00:00,PMP-19,100.0,100.0,99.50300241728964,99.57325
2026-01-01 00:39:00+00:00,PMP-19,98.57,100.0,99.50201565837237,99.53374
2026-01-01 00:39:10+00:00,PMP-19,100.0,100.0,99.50836272279973,99.56534
2026-01-01 00:39:20+00:00,PMP-19,100.0,100.0,99.50523328746387,99.61011
2026-01-01 00:39:30+00:00,PMP-19,97.78,100.0,99.50207256333442,99.56021
2026-01-01 00:39:40+00:00,PMP-19,99.54,100.0,99.50645897151153,99.57648
2026-01-01 00:39:50+00:00,PMP-19,100.0,100.0,99.50571841621527,99.577805
2026-01-01 00:40:00+00:00,PMP-19,100.0,100.0,99.50669764857611,99.526764
2026-01-01 00:40:10+00:00,PMP-19,100.0,100.0,99.50598521262923,99.528
2026-01-01 00:40:20+00:00,PMP-19,100.0,100.0,99.50669764857611,99.52758
2026-01-01 00:40:30+00:00,PMP-19,100.0,100.0,99.50645132533784,99.52697
2026-01-01 00:40:40+00:00,PMP-19,99.61,100.0,99.50242944651063,99.54709
2026-01-01 00:40:50+00:00,PMP-19,100.0,100.0,99.50484725784237,99.56672
2026-01-01 00:41:00+00:00,PMP-19,98.41,100.0,99.50586000321127,99.513306
2026-01-01 00:41:10+00:00,PMP-19,99.52,100.0,99.49475258774629,99.53792
2026-01-01 00:41:20+00:00,PMP-19,100.0,100.0,99.49597944685058,99.5376
2026-01-01 00:41:30+00:00,PMP-19,98.85,100.0,99.50615513174637,99.55445
2026-01-01 00:41:40+00:00,PMP-19,100.0,100.0,99.46587693860337,99.55646
2026-01-01 00:41:50+00:00,PMP-19,100.0,100.0,99.50528403654143,99.52833
2026-01-01 00:42:00+00:00,PMP-19,98.81,100.0,99.50485300753412,99.517105
2026-01-01 00:42:10+00:00,PMP-19,99.41,100.0,99.44831144982258,99.35356
2026-01-01 00:42:20+00:00,PMP-19,98.72,100.0,99.50615925885448,99.57223
2026-01-01 00:42:30+00:00,PMP-19,100.0,99.42247956174359,99.50597421667963,99.54441
2026-01-01 00:42:40+00:00,PMP-19,100.0,100.0,99.5077818319421,99.53171
2026-01-01 00:42:50+00:00,PMP-19,99.21,100.0,99.5065657642454,99.5467
2026-01-01 00:43:00+00:00,PMP-19,98.64,100.0,99.43196755434573,99.48652
2026-01-01 00:43:10+00:00,PMP-19,99.33,100.0,99.47126052703362,99.582634
2026-01-01 00:43:20+00:00,PMP-19,99.14,99.99471833536516,99.4860976957233,99.50818
2026-01-01 00:43:30+00:00,PMP-19,97.9,99.516198603043,99.49762304311807,99.48775
2026-01-01 00:43:40+00:00,PMP-19,100.0,99.19843533748264,99.46881078067207,99.51735
2026-01-01 00:43:50+00:00,PMP-19,99.77,99.5841632406319,99.50525035452021,99.52588
2026-01-01 00:44:00+00:00,PMP-19,99.94,99.09272927786107,99.50536131407597,99.52022
2026-01-01 00:44:10+00:00,PMP-19,98.72,99.75403385002234,99.50510148760122,99.521866
2026-01-01 00:44:20+00:00,PMP-19,100.0,100.0,99.50716070971569,99.49629
2026-01-01 00:44:30+00:00,PMP-19,100.0,100.0,99.50661714666234,99.55833
2026-01-01 00:44:40+00:00,PMP-19,99.46,100.0,99.50577957793757,99.53563
2026-01-01 00:44:50+00:00,PMP-19,98.97,100.0,99.5055318857772,99.52826
2026-01-01 00:45:00+00:00,PMP-19,99.19,100.0,99.50598868715325,99.52661
2026-01-01 00:45:10+00:00,PMP-19,100.0,99.62056786570926,99.50694215870426,99.56914
2026-01-01 00:45:20+00:00,PMP-19,100.0,98.70827643938838,99.49744761009792,99.54545
2026-01-01 00:45:30+00:00,PMP-19,99.78,98.86812440765192,99.50536131407597,99.53794
2026-01-01 00:45:40+00:00,PMP-19,99.31,99.03778831024425,99.50615925885448,99.523834
2026-01-01 00:45:50+00:00,PMP-19,100.0,99.57784386021909,99.5077818319421,99.51683
2026-01-01 00:46:00+00:00,PMP-19,99.49,100.0,99.50556044508015,99.537796
2026-01-01 00:46:10+00:00,PMP-19,98.11,99.66542179286967,99.50616336197211,99.538315
2026-01-01 00:46:20+00:00,PMP-19,98.73,99.81231974509049,99.5055318857772,99.5179
2026-01-01 00:46:30+00:00,PMP-19,100.0,100.0,99.50493091589998,99.54352
2026-01-01 00:46:40+00:00,PMP-19,98.78,99.809409273876,99.50598868715325,99.5499
2026-01-01 00:46:50+00:00,PMP-19,100.0,99.3170293294528,99.5069209864275,99.56579
2026-01-01 00:47:00+00:00,PMP-19,97.49,99.6054926927928,99.50577957793757,99.5245
2026-01-01 00:47:10+00:00,PMP-19,100.0,100.0,99.50578036584429,99.549
2026-01-01 00:47:20+00:00,PMP-19,99.03,99.94316606433752,99.50667864421497,99.56067
2026-01-01 00:47:30+00:00,PMP-19,99.94,99.9303472612099,99.50667864421497,99.49511
2026-01-01 00:47:40+00:00,PMP-19,100.0,100.0,99.50718083576882,99.55201
2026-01-01 00:47:50+00:00,PMP-19,98.45,100.0,99.50453669206293,99.51895
2026-01-01 00:48:00+00:00,PMP-19,100.0,100.0,99.50715365419096,99.53635
2026-01-01 00:48:10+00:00,PMP-19,100.0,100.0,99.5059410834437,99.51994
2026-01-01 00:48:20+00:00,PMP-19,99.49,100.0,99.50463684279374,99.54311
2026-01-01 00:48:30+00:00,PMP-19,98.58,100.0,99.50594003722007,99.53917
2026-01-01 00:48:40+00:00,PMP-19,99.16,100.0,99.43086214481983,99.515175
2026-01-01 00:48:50+00:00,PMP-19,98.68,100.0,99.50624909553385,99.538765
2026-01-01 00:49:00+00:00,PMP-19,100.0,99.13884018325825,99.43570740687245,99.462036
2026-01-01 00:49:10+00:00,PMP-19,99.47,100.0,99.50619820747434,99.418846
2026-01-01 00:49:20+00:00,PMP-19,99.09,100.0,99.5059501496388,99.529274
2026-01-01 00:49:30+00:00,PMP-19,100.0,100.0,99.50616030507811,99.55388
2026-01-01 00:49:40+00:00,PMP-19,98.68,100.0,99.50598973337685,99.53874
2026-01-01 00:49:50+00:00,PMP-19,100.0,99.59796453896973,99.50489133216192,99.63363
2026-01-01 00:50:00+00:00,PMP-19,100.0,100.0,99.50333906760137,99.53287
2026-01-01 00:50:10+00:00,PMP-19,99.26,100.0,99.50221179236114,99.525536
2026-01-01 00:50:20+00:00,PMP-19,99.39,100.0,99.50310392133127,99.51086
2026-01-01 00:50:30+00:00,PMP-19,99.2,100.0,99.50242840028702,99.56065
2026-01-01 00:50:40+00:00,PMP-19,100.0,100.0,99.50349731557506,99.52646
2026-01-01 00:50:50+00:00,PMP-19,98.93,99.0682386374538,99.46393927393116,99.560104
2026-01-01 00:51:00+00:00,PMP-19,99.44,98.68453458860299,99.50583222926555,99.548935
2026-01-01 00:51:10+00:00,PMP-19,100.0,98.56963014888082,99.51403733624171,99.579506
2026-01-01 00:51:20+00:00,PMP-19,99.67,98.47260216490405,99.46393096272855,99.57264
2026-01-01 00:51:30+00:00,PMP-19,99.16,98.32145244240303,99.50465959873839,99.49827
2026-01-01 00:51:40+00:00,PMP-19,100.0,98.54930392875579,99.50569724393853,99.539154
2026-01-01 00:51:50+00:00,PMP-19,100.0,98.75944897047667,99.5041808371789,99.54135
2026-01-01 00:52:00+00:00,PMP-19,99.46,99.63293461300084,99.50569724393853,99.52663
2026-01-01 00:52:10+00:00,PMP-19,100.0,98.78377563062169,99.50554333449972,99.5472
2026-01-01 00:52:20+00:00,PMP-19,98.83,99.65458186759233,99.50637276498279,99.52404
2026-01-01 00:52:30+00:00,PMP-19,99.65,100.0,99.50669869479974,99.5101
2026-01-01 00:52:40+00:00,PMP-19,100.0,100.0,99.50137278513662,99.505875
2026-01-01 00:52:50+00:00,PMP-19,100.0,100.0,99.50380172421728,99.65158
2026-01-01 00:53:00+00:00,PMP-19,100.0,100.0,99.50349652766835,99.53905
2026-01-01 00:53:10+00:00,PMP-19,97.98,100.0,99.50243771019146,99.55649
2026-01-01 00:53:20+00:00,PMP-19,99.34,99.71195664309582,99.50665988744443,99.573204
2026-01-01 00:53:30+00:00,PMP-19,99.74,100.0,99.50242840028702,99.57902
2026-01-01 00:53:40+00:00,PMP-19,100.0,100.0,99.50450466809434,99.54209
2026-01-01 00:53:50+00:00,PMP-19,99.26,100.0,99.50360662266723,99.50686
2026-01-01 00:54:00+00:00,PMP-19,100.0,100.0,99.49513997923358,99.556015
2026-01-01 00:54:10+00:00,PMP-19,99.23,100.0,99.43134725509975,99.49051
2026-01-01 00:54:20+00:00,PMP-19,98.33,100.0,99.50259112954166,99.48775
2026-01-01 00:54:30+00:00,PMP-19,100.0,99.84776707002419,99.50491092055786,99.54168
2026-01-01 00:54:40+00:00,PMP-19,100.0,100.0,99.50487765944644,99.536194
2026-01-01 00:54:50+00:00,PMP-19,99.5,100.0,99.50681095176577,99.53595
2026-01-01 00:55:00+00:00,PMP-19,100.0,100.0,99.5029770934871,99.52698
2026-01-01 00:55:10+00:00,PMP-19,99.43,99.81893441156016,99.24421111118602,99.24864
2026-01-01 00:55:20+00:00,PMP-19,99.62,100.0,99.50412405782103,99.520905
2026-01-01 00:55:30+00:00,PMP-19,100.0,99.73100419888803,99.50021810726903,99.54817
2026-01-01 00:55:40+00:00,PMP-19,100.0,99.85518059051303,99.50112110274306,99.523605
2026-01-01 00:55:50+00:00,PMP-19,100.0,99.40018493279626,99.50502417824819,99.54849
2026-01-01 00:56:00+00:00,PMP-19,99.71,99.85805952631044,99.50548813472285,99.532234
2026-01-01 00:56:10+00:00,PMP-19,99.8,99.41624398495132,99.5053175630216,99.5379
2026-01-01 00:56:20+00:00,PMP-19,100.0,99.95089380138728,99.50414958705692,99.54081
2026-01-01 00:56:30+00:00,PMP-19,100.0,99.85038345801394,99.50594509317432,99.55146
2026-01-01 00:56:40+00:00,PMP-19,100.0,98.50567326484122,99.46241455596892,99.49474
2026-01-01 00:56:50+00:00,PMP-19,100.0,98.81402875597796,99.50578708061788,99.52501
2026-01-01 00:57:00+00:00,PMP-19,99.98,98.87597056975795,99.50548813472285,99.51094
2026-01-01 00:57:10+00:00,PMP-19,99.52,99.3741216255987,99.50438994639457,99.51222
2026-01-01 00:57:20+00:00,PMP-19,99.09,100.0,99.50646757671608,99.56847
2026-01-01 00:57:30+00:00,PMP-19,99.04,99.944284414463,99.50564679087796,99.50501
2026-01-01 00:57:40+00:00,PMP-19,100.0,100.0,99.50647512419326,99.473526
2026-01-01 00:57:50+00:00,PMP-19,99.8,100.0,99.43043307610583,99.50453
2026-01-01 00:58:00+00:00,PMP-19,97.52,99.82424320334029,99.43595681634434,99.49164
2026-01-01 00:58:10+00:00,PMP-19,100.0,100.0,99.50506987086123,99.46497
2026-01-01 00:58:20+00:00,PMP-19,100.0,100.0,99.50569724393853,99.51979
2026-01-01 00:58:30+00:00,PMP-19,100.0,100.0,99.50396161554448,99.495926
2026-01-01 00:58:40+00:00,PMP-19,100.0,99.84406420735503,99.43125316706258,99.437
2026-01-01 00:58:50+00:00,PMP-19,98.72,100.0,99.5054324867665,99.47816
2026-01-01 00:59:00+00:00,PMP-19,100.0,99.39950470275,99.50400425617654,99.51555
2026-01-01 00:59:10+00:00,PMP-19,99.29,99.39818905265349,99.50400015305891,99.488815
2026-01-01 00:59:20+00:00,PMP-19,99.47,99.70228399042176,99.5020524727042,99.50684
2026-01-01 00:59:30+00:00,PMP-19,100.0,99.01296161663501,99.50775221222365,99.44013
2026-01-01 00:59:40+00:00,PMP-19,98.28,99.11496922840692,99.50623974987712,99.44226
2026-01-01 00:59:50+00:00,PMP-19,98.73,100.0,99.50647947316533,99.44583
2026-01-01 01:00:00+00:00,PMP-19,99.59,100.0,99.50090292733226,99.48973
2026-01-01 01:00:10+00:00,PMP-19,99.11,100.0,99.5064784269417,99.5459
2026-01-01 01:00:20+00:00,PMP-19,100.0,100.0,99.50529008536519,99.57207
2026-01-01 01:00:30+00:00,PMP-19,100.0,100.0,99.50530745060287,99.5244
2026-01-01 01:00:40+00:00,PMP-19,100.0,100.0,99.50485064922682,99.51821
2026-01-01 01:00:50+00:00,PMP-19,98.03,98.90343774563488,99.46471202590895,99.52873
2026-01-01 01:01:00+00:00,PMP-19,100.0,99.43001377129653,99.50646677403596,99.49059
2026-01-01 01:01:10+00:00,PMP-19,97.96,99.393541265063,99.50569724393853,99.551544
2026-01-01 01:01:20+00:00,PMP-19,100.0,98.79486637956856,99.44934050784688,99.50191
2026-01-01 01:01:30+00:00,PMP-19,99.65,98.23538558572454,99.50570134705616,99.512184
2026-01-01 01:01:40+00:00,PMP-19,99.82,97.62726887821692,99.50401026547765,99.51751
2026-01-01 01:01:50+00:00,PMP-19,98.58,97.57634176203364,99.5050020900934,99.5366
2026-01-01 01:02:00+00:00,PMP-19,99.66,98.8946227716773,99.50224800744968,99.50845
2026-01-01 01:02:10+00:00,PMP-19,100.0,98.14630713490175,99.50633447744254,99.52199
2026-01-01 01:02:20+00:00,PMP-19,99.13,99.15431338854643,99.5053297540049,99.52552
2026-01-01 01:02:30+00:00,PMP-19,97.56,98.36432822716533,99.43411745702974,99.459335
2026-01-01 01:02:40+00:00,PMP-19,99.56,98.73626064973749,99.50488979752873,99.51105
2026-01-01 01:02:50+00:00,PMP-19,98.73,99.89664185435115,99.50388745240546,99.50582
2026-01-01 01:03:00+00:00,PMP-19,99.52,99.62156800946705,99.50570747618004,99.56754
2026-01-01 01:03:10+00:00,PMP-19,98.4,100.0,99.5009543641996,99.52381
2026-01-01 01:03:20+00:00,PMP-19,98.89,100.0,99.50267689312149,99.461945
2026-01-01 01:03:30+00:00,PMP-19,97.63,100.0,99.50311689421096,99.4523
2026-01-01 01:03:40+00:00,PMP-19,100.0,100.0,99.5044652748918,99.49813
2026-01-01 01:03:50+00:00,PMP-19,100.0,100.0,99.50403498456313,99.56673
2026-01-01 01:04:00+00:00,PMP-19,100.0,100.0,99.42855416918081,99.50209
2026-01-01 01:04:10+00:00,PMP-19,97.91,100.0,99.49559227327654,99.48416
2026-01-01 01:04:20+00:00,PMP-19,100.0,100.0,99.50348641524961,99.5011
2026-01-01 01:04:30+00:00,PMP-19,97.22,100.0,99.50344787773517,99.47766
2026-01-01 01:04:40+00:00,PMP-19,100.0,100.0,99.4134311353705,99.34364
2026-01-01 01:04:50+00:00,PMP-19,99.72,99.57794671379055,99.4300332723387,99.52227
2026-01-01 01:05:00+00:00,PMP-19,98.74,98.51477821209689,99.49647307687815,99.49955
2026-01-01 01:05:10+00:00,PMP-19,100.0,98.6222713502137,99.50439369077539,99.49492
2026-01-01 01:05:20+00:00,PMP-19,98.09,98.55009722917312,99.5063549167756,99.43178
2026-01-01 01:05:30+00:00,PMP-19,99.24,100.0,99.50567823974009,99.42465
2026-01-01 01:05:40+00:00,PMP-19,99.67,99.22813315850327,99.50396161554448,99.49949
2026-01-01 01:05:50+00:00,PMP-19,100.0,99.65371494220528,99.50547802230412,99.54429
2026-01-01 01:06:00+00:00,PMP-19,99.74,99.77670100736951,99.50265906896142,99.526436
2026-01-01 01:06:10+00:00,PMP-19,100.0,100.0,99.50183028564241,99.52812
2026-01-01 01:06:20+00:00,PMP-19,99.03,100.0,99.50422914951531,99.50993
2026-01-01 01:06:30+00:00,PMP-19,100.0,100.0,99.49672410642776,99.53782
2026-01-01 01:06:40+00:00,PMP-19,99.89,100.0,99.5067995256305,99.64755
2026-01-01 01:06:50+00:00,PMP-19,100.0,100.0,99.50344787773517,99.522865
2026-01-01 01:07:00+00:00,PMP-19,100.0,100.0,99.50324883550797,99.52458
2026-01-01 01:07:10+00:00,PMP-19,100.0,100.0,99.50412405782103,99.55382
2026-01-01 01:07:20+00:00,PMP-19,98.41,100.0,99.46301246206772,99.56707
2026-01-01 01:07:30+00:00,PMP-19,99.03,100.0,99.50366709936958,99.53305
2026-01-01 01:07:40+00:00,PMP-19,100.0,100.0,99.50366709936958,99.54287
2026-01-01 01:07:50+00:00,PMP-19,99.27,100.0,99.50403498456313,99.532074
2026-01-01 01:08:00+00:00,PMP-19,99.13,100.0,99.50318827002867,99.48588
2026-01-01 01:08:10+00:00,PMP-19,99.95,100.0,99.50477019491792,99.58142
2026-01-01 01:08:20+00:00,PMP-19,97.81,100.0,99.50304335585197,99.381546
2026-01-01 01:08:30+00:00,PMP-19,98.74,100.0,99.50085142804808,99.52978
2026-01-01 01:08:40+00:00,PMP-19,99.44,100.0,99.5042828347321,99.541435
2026-01-01 01:08:50+00:00,PMP-19,100.0,100.0,99.50609456626707,99.56249
2026-01-01 01:09:00+00:00,PMP-19,100.0,100.0,99.50632438144444,99.54127
2026-01-01 01:09:10+00:00,PMP-19,98.73,100.0,99.5031938524243,99.497536
2026-01-01 01:09:20+00:00,PMP-19,99.39,100.0,99.42535903804546,99.40924
2026-01-01 01:09:30+00:00,PMP-19,99.83,100.0,99.50336928566892,99.47972
2026-01-01 01:09:40+00:00,PMP-19,99.23,100.0,99.50299629431683,99.48302
2026-01-01 01:09:50+00:00,PMP-19,100.0,100.0,99.50366577310326,99.563
2026-01-01 01:10:00+00:00,PMP-19,100.0,100.0,99.50403952391031,99.53721
2026-01-01 01:10:10+00:00,PMP-19,100.0,100.0,99.50534014385414,99.53882
2026-01-01 01:10:20+00:00,PMP-19,100.0,100.0,99.50485538317575,99.49619
2026-01-01 01:10:30+00:00,PMP-19,98.73,100.0,99.50444330710846,99.50793
2026-01-01 01:10:40+00:00,PMP-19,97.83,100.0,99.50183028564241,99.45759
2026-01-01 01:10:50+00:00,PMP-19,97.22,100.0,99.5053115537205,99.49565
2026-01-01 01:11:00+00:00,PMP-19,100.0,100.0,99.50305888315808,99.55623
2026-01-01 01:11:10+00:00,PMP-19,100.0,100.0,99.50365803317445,99.50864
2026-01-01 01:11:20+00:00,PMP-19,99.78,100.0,99.50465739158844,99.54913
2026-01-01 01:11:30+00:00,PMP-19,100.0,100.0,99.50360653389028,99.53031
2026-01-01 01:11:40+00:00,PMP-19,99.46,100.0,99.50143216598467,99.51246
2026-01-01 01:11:50+00:00,PMP-19,98.91,100.0,99.42675264930564,99.413246
2026-01-01 01:12:00+00:00,PMP-19,99.23,100.0,99.50260137180045,99.46447
2026-01-01 01:12:10+00:00,PMP-19,99.64,100.0,99.50349664749112,99.47972
2026-01-01 01:12:20+00:00,PMP-19,100.0,100.0,99.50278176463776,99.54047
2026-01-01 01:12:30+00:00,PMP-19,100.0,100.0,99.50639840603225,99.54115
2026-01-01 01:12:40+00:00,PMP-19,100.0,100.0,99.50381668932955,99.50435
2026-01-01 01:12:50+00:00,PMP-19,100.0,100.0,99.50085142804808,99.46505
2026-01-01 01:13:00+00:00,PMP-19,98.97,100.0,99.42855416918081,99.55229
2026-01-01 01:13:10+00:00,PMP-19,100.0,100.0,99.51064610167207,99.56622
2026-01-01 01:13:20+00:00,PMP-19,100.0,100.0,99.42726146380627,99.50133
2026-01-01 01:13:30+00:00,PMP-19,99.12,100.0,99.50248071477729,99.39102
2026-01-01 01:13:40+00:00,PMP-19,100.0,100.0,99.50683208824175,99.44395
2026-01-01 01:13:50+00:00,PMP-19,100.0,100.0,99.50547802230412,99.46972
2026-01-01 01:14:00+00:00,PMP-19,98.93,100.0,99.50428649268356,99.50754
2026-01-01 01:14:10+00:00,PMP-19,98.94,100.0,99.5070090364311,99.505974
2026-01-01 01:14:20+00:00,PMP-19,99.71,100.0,99.50236888103133,99.516945
2026-01-01 01:14:30+00:00,PMP-19,99.39,100.0,99.50542756924355,99.50163
2026-01-01 01:14:40+00:00,PMP-19,99.08,100.0,99.50500930538193,99.47727
2026-01-01 01:14:50+00:00,PMP-19,100.0,100.0,99.38297522883299,99.53692
2026-01-01 01:15:00+00:00,PMP-19,99.13,100.0,99.50444636400248,99.48542
2026-01-01 01:15:10+00:00,PMP-19,99.09,100.0,99.50556785898347,99.48588
2026-01-01 01:15:20+00:00,PMP-19,100.0,100.0,99.50720291811955,99.49148
2026-01-01 01:15:30+00:00,PMP-19,98.61,100.0,99.505049780231,99.43615
2026-01-01 01:15:40+00:00,PMP-19,99.85,100.0,99.50410358074777,99.49799
2026-01-01 01:15:50+00:00,PMP-19,100.0,100.0,99.50529762946678,99.49869
2026-01-01 01:16:00+00:00,PMP-19,100.0,100.0,99.49877396460484,99.44357
2026-01-01 01:16:10+00:00,PMP-19,98.75,100.0,99.50161036487826,99.39506
2026-01-01 01:16:20+00:00,PMP-19,97.24,100.0,99.50411592098231,99.39041
2026-01-01 01:16:30+00:00,PMP-19,100.0,100.0,99.50148862967407,99.42925
2026-01-01 01:16:40+00:00,PMP-19,100.0,100.0,99.5022091786526,99.50063
2026-01-01 01:16:50+00:00,PMP-19,98.89,100.0,99.50146319660537,99.44291
2026-01-01 01:17:00+00:00,PMP-19,100.0,100.0,99.50045584408608,99.48539
2026-01-01 01:17:10+00:00,PMP-19,100.0,100.0,99.50454774717514,99.4541
2026-01-01 01:17:20+00:00,PMP-19,98.21,100.0,99.50344787773517,99.45294
2026-01-01 01:17:30+00:00,PMP-19,99.98,100.0,99.50426402711498,99.42869
2026-01-01 01:17:40+00:00,PMP-19,98.39,100.0,99.5054482587846,99.41659
2026-01-01 01:17:50+00:00,PMP-19,98.11,100.0,99.5060817373207,99.51801
2026-01-01 01:18:00+00:00,PMP-19,100.0,100.0,99.50547802230412,99.52227
2026-01-01 01:18:10+00:00,PMP-19,100.0,100.0,99.50525778544903,99.49185
2026-01-01 01:18:20+00:00,PMP-19,98.56,100.0,99.50540176048523,99.49747
2026-01-01 01:18:30+00:00,PMP-19,100.0,100.0,99.50394969999834,99.46108
2026-01-01 01:18:40+00:00,PMP-19,100.0,100.0,99.5053432936858,99.49399
2026-01-01 01:18:50+00:00,PMP-19,98.36,100.0,99.50338740103282,99.48489
2026-01-01 01:19:00+00:00,PMP-19,98.35,100.0,99.50557016138505,99.48542
2026-01-01 01:19:10+00:00,PMP-19,98.99,100.0,99.50412027169959,99.46215
2026-01-01 01:19:20+00:00,PMP-19,100.0,100.0,99.43240982282602,99.54138
2026-01-01 01:19:30+00:00,PMP-19,99.93,100.0,99.50396161554448,99.485886
2026-01-01 01:19:40+00:00,PMP-19,99.32,100.0,99.49700465214492,99.502815
2026-01-01 01:19:50+00:00,PMP-19,100.0,100.0,99.50526891308844,99.52355
2026-01-01 01:20:00+00:00,PMP-19,98.54,100.0,99.50547802230412,99.52762
2026-01-01 01:20:10+00:00,PMP-19,99.38,100.0,99.25566541571483,99.50677
2026-01-01 01:20:20+00:00,PMP-19,97.87,100.0,99.50229847994301,99.47002
2026-01-01 01:20:30+00:00,PMP-19,99.27,100.0,99.50706885100449,99.52865
2026-01-01 01:20:40+00:00,PMP-19,99.11,100.0,99.50578688453223,99.57651
2026-01-01 01:20:50+00:00,PMP-19,100.0,100.0,99.50109990811518,99.518295
2026-01-01 01:21:00+00:00,PMP-19,99.85,100.0,99.50364611762832,99.528915
2026-01-01 01:21:10+00:00,PMP-19,98.81,100.0,99.51155139314056,99.58113
2026-01-01 01:21:20+00:00,PMP-19,99.79,100.0,99.50327730603394,99.55626
2026-01-01 01:21:30+00:00,PMP-19,99.49,100.0,99.49507959509253,99.55207
2026-01-01 01:21:40+00:00,PMP-19,98.84,100.0,99.50426402711498,99.48459
2026-01-01 01:21:50+00:00,PMP-19,100.0,100.0,99.50573727461648,99.53579
2026-01-01 01:22:00+00:00,PMP-19,99.78,100.0,99.50444514883867,99.49857
2026-01-01 01:22:10+00:00,PMP-19,100.0,100.0,99.50215872559204,99.52565
2026-01-01 01:22:20+00:00,PMP-19,100.0,100.0,99.50585524105202,99.54249
2026-01-01 01:22:30+00:00,PMP-19,100.0,100.0,99.5026393709324,99.54209
2026-01-01 01:22:40+00:00,PMP-19,99.9,100.0,99.50763311039934,99.57409
2026-01-01 01:22:50+00:00,PMP-19,99.29,100.0,99.50352119289477,99.58582
2026-01-01 01:23:00+00:00,PMP-19,100.0,100.0,99.16905424277523,99.60972
2026-01-01 01:23:10+00:00,PMP-19,99.27,100.0,99.50344787773517,99.5413
2026-01-01 01:23:20+00:00,PMP-19,100.0,100.0,99.42819900028285,99.49672
2026-01-01 01:23:30+00:00,PMP-19,99.18,98.97362016037624,99.50304259800421,99.53778
2026-01-01 01:23:40+00:00,PMP-19,98.17,99.01285802007939,99.50370563688402,99.54135
2026-01-01 01:23:50+00:00,PMP-19,100.0,98.96405490846547,99.5111842868114,99.623795
2026-01-01 01:24:00+00:00,PMP-19,100.0,99.30336039450843,99.50350908681315,99.542564
2026-01-01 01:24:10+00:00,PMP-19,100.0,99.40059503325219,99.50366709936958,99.56458
2026-01-01 01:24:20+00:00,PMP-19,100.0,100.0,99.50412405782103,99.55047
2026-01-01 01:24:30+00:00,PMP-19,100.0,99.22537815371626,99.50074142182615,99.51159
2026-01-01 01:24:40+00:00,PMP-19,100.0,99.18140058005902,99.50577452147306,99.57866
2026-01-01 01:24:50+00:00,PMP-19,100.0,98.61445795451174,99.5053175630216,99.58373
2026-01-01 01:25:00+00:00,PMP-19,100.0,99.3073803501639,99.50699648462651,99.58609
2026-01-01 01:25:10+00:00,PMP-19,100.0,99.27167585503815,99.50676588238801,99.49056
2026-01-01 01:25:20+00:00,PMP-19,100.0,100.0,99.50387725480886,99.536194
2026-01-01 01:25:30+00:00,PMP-19,100.0,100.0,99.50506141713016,99.50584
2026-01-01 01:25:40+00:00,PMP-19,98.92,100.0,99.50425681131823,99.55451
2026-01-01 01:25:50+00:00,PMP-19,100.0,100.0,99.50422914951531,99.44281
2026-01-01 01:26:00+00:00,PMP-19,100.0,100.0,99.5041241776438,99.43019
2026-01-01 01:26:10+00:00,PMP-19,100.0,100.0,99.5009624242368,99.43916
2026-01-01 01:26:20+00:00,PMP-19,100.0,100.0,99.50541763435382,99.44695
2026-01-01 01:26:30+00:00,PMP-19,99.13,100.0,99.50526891308844,99.45318
2026-01-01 01:26:40+00:00,PMP-19,99.93,100.0,99.50494032883077,99.53605
2026-01-01 01:26:50+00:00,PMP-19,99.44,100.0,99.5041790591578,99.49303
2026-01-01 01:27:00+00:00,PMP-19,100.0,100.0,99.50555529983865,99.52053
2026-01-01 01:27:10+00:00,PMP-19,98.96,100.0,99.50464441172309,99.4713
2026-01-01 01:27:20+00:00,PMP-19,100.0,100.0,99.5060501848686,99.48004
2026-01-01 01:27:30+00:00,PMP-19,100.0,100.0,99.50526891308844,99.507866
2026-01-01 01:27:40+00:00,PMP-19,99.47,100.0,99.50610648181322,99.525635
2026-01-01 01:27:50+00:00,PMP-19,99.98,100.0,99.5077899708737,99.52619
2026-01-01 01:28:00+00:00,PMP-19,100.0,100.0,99.5056973637613,99.50692
2026-01-01 01:28:10+00:00,PMP-19,100.0,100.0,99.50405416675261,99.52435
2026-01-01 01:28:20+00:00,PMP-19,100.0,100.0,99.42936771172138,99.477615
2026-01-01 01:28:30+00:00,PMP-19,100.0,100.0,99.50463378589971,99.55409
2026-01-01 01:28:40+00:00,PMP-19,100.0,100.0,99.50488532286082,99.54009
2026-01-01 01:28:50+00:00,PMP-19,100.0,100.0,99.45011033534642,99.46487
2026-01-01 01:29:00+00:00,PMP-19,100.0,100.0,99.50616030507811,99.500786
2026-01-01 01:29:10+00:00,PMP-19,100.0,100.0,99.50428458274462,99.5355
2026-01-01 01:29:20+00:00,PMP-19,100.0,100.0,99.50623653638901,99.53828
2026-01-01 01:29:30+00:00,PMP-19,100.0,100.0,99.50252972141344,99.580864
2026-01-01 01:29:40+00:00,PMP-19,100.0,100.0,99.50340749166308,99.54117
2026-01-01 01:29:50+00:00,PMP-19,100.0,100.0,99.50466332424945,99.55238
2026-01-01 01:30:00+00:00,PMP-19,98.72,100.0,99.43134725509975,99.49482
2026-01-01 01:30:10+00:00,PMP-19,99.77,100.0,99.42890293919196,99.49878
2026-01-01 01:30:20+00:00,PMP-19,98.95,100.0,99.50398272440121,99.536194
2026-01-01 01:30:30+00:00,PMP-19,100.0,99.80697034909423,99.49459393159118,99.51651
2026-01-01 01:30:40+00:00,PMP-19,99.8,99.93370338267587,99.50425874554472,99.5188
2026-01-01 01:30:50+00:00,PMP-19,100.0,100.0,99.50552667223728,99.536194
2026-01-01 01:31:00+00:00,PMP-19,100.0,99.8846675373542,99.5046964175403,99.546425
2026-01-01 01:31:10+00:00,PMP-19,100.0,99.75685203719709,99.50548813472285,99.53649
2026-01-01 01:31:20+00:00,PMP-19,100.0,100.0,99.50552771846088,99.559906
2026-01-01 01:31:30+00:00,PMP-19,100.0,100.0,99.50797143385806,99.51625
2026-01-01 01:31:40+00:00,PMP-19,100.0,100.0,99.50717640658884,99.47019
2026-01-01 01:31:50+00:00,PMP-19,99.29,100.0,99.5059410834437,99.51084
2026-01-01 01:32:00+00:00,PMP-19,99.5,100.0,99.50615925885448,99.52405
2026-01-01 01:32:10+00:00,PMP-19,99.55,100.0,99.50485196131052,99.53542
2026-01-01 01:32:20+00:00,PMP-19,99.85,100.0,99.50270098263532,99.5415
2026-01-01 01:32:30+00:00,PMP-19,99.43,100.0,99.42935155919601,99.49724
2026-01-01 01:32:40+00:00,PMP-19,99.09,100.0,99.5054038591651,99.53086
2026-01-01 01:32:50+00:00,PMP-19,100.0,100.0,99.50474999731411,99.54039
2026-01-01 01:33:00+00:00,PMP-19,99.02,100.0,99.50442931724596,99.53852
2026-01-01 01:33:10+00:00,PMP-19,99.67,100.0,99.50479298087772,99.553085
2026-01-01 01:33:20+00:00,PMP-19,99.51,100.0,99.50669764857611,99.492195
2026-01-01 01:33:30+00:00,PMP-19,99.55,100.0,99.50570747618004,99.53815
2026-01-01 01:33:40+00:00,PMP-19,99.31,100.0,99.43192542348055,99.51322
2026-01-01 01:33:50+00:00,PMP-19,99.66,100.0,99.50455182680697,99.55767
2026-01-01 01:34:00+00:00,PMP-19,99.05,100.0,99.5028985018007,99.51839
2026-01-01 01:34:10+00:00,PMP-19,100.0,100.0,99.51092661643953,99.510605
2026-01-01 01:34:20+00:00,PMP-19,99.56,100.0,99.43411347635654,98.95539
2026-01-01 01:34:30+00:00,PMP-19,100.0,100.0,99.50200006943693,99.06975
2026-01-01 01:34:40+00:00,PMP-19,100.0,99.93164814080065,99.49793738784889,99.42053
2026-01-01 01:34:50+00:00,PMP-19,100.0,100.0,99.50610752803682,99.53205
2026-01-01 01:35:00+00:00,PMP-19,99.24,100.0,99.50221022487622,99.53236
2026-01-01 01:35:10+00:00,PMP-19,100.0,100.0,99.50548212542175,99.58674
2026-01-01 01:35:20+00:00,PMP-19,99.58,100.0,99.50301924921905,99.542206
2026-01-01 01:35:30+00:00,PMP-19,100.0,100.0,99.50421009561155,99.55258
2026-01-01 01:35:40+00:00,PMP-19,98.33,100.0,99.50526891308844,99.525856
2026-01-01 01:35:50+00:00,PMP-19,100.0,100.0,99.50753302935944,99.60971
2026-01-01 01:36:00+00:00,PMP-19,100.0,100.0,99.50485625995078,99.57377
2026-01-01 01:36:10+00:00,PMP-19,99.36,100.0,99.5041808371789,99.52334
2026-01-01 01:36:20+00:00,PMP-19,99.27,99.9355493085758,99.49778484675304,99.522026
2026-01-01 01:36:30+00:00,PMP-19,100.0,100.0,99.50731981702613,99.62282
2026-01-01 01:36:40+00:00,PMP-19,99.79,100.0,99.50623653638901,99.54748
2026-01-01 01:36:50+00:00,PMP-19,100.0,99.50324123846175,99.50577957793757,99.526695
2026-01-01 01:37:00+00:00,PMP-19,99.98,99.74781788585955,99.50640710809029,99.52373
2026-01-01 01:37:10+00:00,PMP-19,98.89,100.0,99.50597886601714,99.52348
2026-01-01 01:37:20+00:00,PMP-19,100.0,100.0,99.50615925885448,99.53203
2026-01-01 01:37:30+00:00,PMP-19,98.7,100.0,99.50649537981377,99.501366
2026-01-01 01:37:40+00:00,PMP-19,99.38,100.0,99.50286867852076,99.542885
2026-01-01 01:37:50+00:00,PMP-19,100.0,100.0,99.50153266459846,99.51854
2026-01-01 01:38:00+00:00,PMP-19,99.36,100.0,99.50465408883997,99.51689
2026-01-01 01:38:10+00:00,PMP-19,100.0,100.0,99.5054635893369,99.62233
2026-01-01 01:38:20+00:00,PMP-19,98.11,100.0,99.46255289095525,99.55947
2026-01-01 01:38:30+00:00,PMP-19,99.32,100.0,99.50428271397614,99.50708
2026-01-01 01:38:40+00:00,PMP-19,99.4,100.0,99.42964547578367,99.595856
2026-01-01 01:38:50+00:00,PMP-19,99.12,100.0,99.50387620858525,99.52898
2026-01-01 01:39:00+00:00,PMP-19,98.59,100.0,99.50482339750602,99.527275
2026-01-01 01:39:10+00:00,PMP-19,100.0,100.0,99.50651305202126,99.62683
2026-01-01 01:39:20+00:00,PMP-19,100.0,100.0,99.43135383635189,99.52936
2026-01-01 01:39:30+00:00,PMP-19,99.61,100.0,99.50529570858838,99.54969
2026-01-01 01:39:40+00:00,PMP-19,100.0,100.0,99.4981522783131,99.567314
2026-01-01 01:39:50+00:00,PMP-19,100.0,100.0,99.50569724393853,99.5349
2026-01-01 01:40:00+00:00,PMP-19,100.0,100.0,99.50672040097399,99.55601
2026-01-01 01:40:10+00:00,PMP-19,99.57,99.39796608878353,99.375280157529,99.424774
2026-01-01 01:40:20+00:00,PMP-19,98.43,100.0,99.50548813472285,99.533104
2026-01-01 01:40:30+00:00,PMP-19,100.0,99.05673666437177,99.43196755434573,99.501175
2026-01-01 01:40:40+00:00,PMP-19,99.91,100.0,99.50616030507811,99.52114
2026-01-01 01:40:50+00:00,PMP-19,99.55,99.09657051238908,99.50622168576349,99.49806
2026-01-01 01:41:00+00:00,PMP-19,98.15,100.0,99.50547442948859,99.449455
2026-01-01 01:41:10+00:00,PMP-19,100.0,100.0,99.50825609979842,99.52364
2026-01-01 01:41:20+00:00,PMP-19,100.0,100.0,99.50598868715325,99.541725
2026-01-01 01:41:30+00:00,PMP-19,99.59,100.0,99.50616030507811,99.52276
2026-01-01 01:41:40+00:00,PMP-19,98.89,100.0,99.49932775122117,99.537605
2026-01-01 01:41:50+00:00,PMP-19,99.69,100.0,99.50813050028076,99.537865
2026-01-01 01:42:00+00:00,PMP-19,100.0,100.0,98.42200869224652,99.16725
2026-01-01 01:42:10+00:00,PMP-19,98.1,100.0,99.50640710809029,99.52985
2026-01-01 01:42:20+00:00,PMP-19,100.0,100.0,99.50597886601714,99.5061
2026-01-01 01:42:30+00:00,PMP-19,100.0,100.0,99.4975965241398,99.54473
2026-01-01 01:42:40+00:00,PMP-19,100.0,100.0,99.50683477989874,99.54384
2026-01-01 01:42:50+00:00,PMP-19,97.58,100.0,99.50616030507811,99.482124
2026-01-01 01:43:00+00:00,PMP-19,99.8,100.0,99.50569724393853,99.525795
2026-01-01 01:43:10+00:00,PMP-19,96.59,100.0,99.43051168477454,99.46886
2026-01-01 01:43:20+00:00,PMP-19,100.0,100.0,99.50569724393853,99.52904
2026-01-01 01:43:30+00:00,PMP-19,99.64,100.0,99.50438994639457,99.50381
2026-01-01 01:43:40+00:00,PMP-19,99.5,100.0,99.50482687711869,99.53813
2026-01-01 01:43:50+00:00,PMP-19,100.0,100.0,99.50112493590086,99.54546
2026-01-01 01:44:00+00:00,PMP-19,100.0,100.0,99.50610374932943,99.519615
2026-01-01 01:44:10+00:00,PMP-19,100.0,100.0,99.48500608747335,99.54044
2026-01-01 01:44:20+00:00,PMP-19,99.97,100.0,99.50516921489869,99.55542
2026-01-01 01:44:30+00:00,PMP-19,98.92,100.0,99.27906011306295,99.39934
2026-01-01 01:44:40+00:00,PMP-19,100.0,100.0,99.50220049355707,99.52515
2026-01-01 01:44:50+00:00,PMP-19,100.0,99.98225006793197,99.49574833447895,99.51079
2026-01-01 01:45:00+00:00,PMP-19,100.0,100.0,99.50243863252852,99.51391
2026-01-01 01:45:10+00:00,PMP-19,100.0,100.0,99.50729654023633,99.542694
2026-01-01 01:45:20+00:00,PMP-19,100.0,100.0,99.46434008078046,99.57327
2026-01-01 01:45:30+00:00,PMP-19,99.84,100.0,99.50632570344763,99.532646
2026-01-01 01:45:40+00:00,PMP-19,99.56,100.0,99.50364217499133,99.51857
2026-01-01 01:45:50+00:00,PMP-19,100.0,100.0,99.50775209240088,99.534676
2026-01-01 01:46:00+00:00,PMP-19,100.0,100.0,99.50482202162547,99.4747
2026-01-01 01:46:10+00:00,PMP-19,100.0,100.0,99.50548813472285,99.46928
2026-01-01 01:46:20+00:00,PMP-19,100.0,100.0,99.50531768284439,99.502716
2026-01-01 01:46:30+00:00,PMP-19,100.0,100.0,99.50630785524046,99.48273
2026-01-01 01:46:40+00:00,PMP-19,99.04,100.0,99.50441920482722,99.537796
2026-01-01 01:46:50+00:00,PMP-19,98.53,100.0,99.5050983413872,99.48015
2026-01-01 01:47:00+00:00,PMP-19,99.21,100.0,99.50526891308844,99.540306
2026-01-01 01:47:10+00:00,PMP-19,100.0,100.0,99.50547802230412,99.514915
2026-01-01 01:47:20+00:00,PMP-19,100.0,100.0,99.50631969414653,99.51466
2026-01-01 01:47:30+00:00,PMP-19,99.24,100.0,99.5063549167756,99.50527
2026-01-01 01:47:40+00:00,PMP-19,100.0,100.0,99.50547802230412,99.519646
2026-01-01 01:47:50+00:00,PMP-19,100.0,100.0,99.43240982282602,99.53298
2026-01-01 01:48:00+00:00,PMP-19,98.87,100.0,99.50463320515857,99.53548
2026-01-01 01:48:10+00:00,PMP-19,100.0,100.0,99.50630785524046,99.54338
2026-01-01 01:48:20+00:00,PMP-19,99.34,100.0,99.50780477671145,99.471985
2026-01-01 01:48:30+00:00,PMP-19,100.0,100.0,99.496476257192,99.04913
2026-01-01 01:48:40+00:00,PMP-19,98.56,100.0,99.50197000848995,99.341995
2026-01-01 01:48:50+00:00,PMP-19,100.0,100.0,99.50094125196007,99.51633
2026-01-01 01:49:00+00:00,PMP-19,99.99,100.0,99.50387737463163,99.561935
2026-01-01 01:49:10+00:00,PMP-19,100.0,100.0,99.50297090622563,99.53056
2026-01-01 01:49:20+00:00,PMP-19,100.0,100.0,99.50623974987712,99.55634
2026-01-01 01:49:30+00:00,PMP-19,100.0,100.0,99.43192542348055,99.543884
2026-01-01 01:49:40+00:00,PMP-19,98.76,100.0,99.50632570344763,99.528015
2026-01-01 01:49:50+00:00,PMP-19,99.36,100.0,99.50446785476039,99.55555
2026-01-01 01:50:00+00:00,PMP-19,99.94,100.0,99.50645897151153,99.55154
2026-01-01 01:50:10+00:00,PMP-19,99.94,100.0,99.50506987086123,99.55028
2026-01-01 01:50:20+00:00,PMP-19,100.0,100.0,99.50594509317432,99.551254
2026-01-01 01:50:30+00:00,PMP-19,100.0,100.0,99.5059501496388,99.58375
2026-01-01 01:50:40+00:00,PMP-19,100.0,100.0,99.44234136210731,99.573586
2026-01-01 01:50:50+00:00,PMP-19,100.0,100.0,99.50864177912531,99.54856
2026-01-01 01:51:00+00:00,PMP-19,100.0,100.0,99.50486467401106,99.53704
2026-01-01 01:51:10+00:00,PMP-19,100.0,100.0,99.5075800247725,99.56435
2026-01-01 01:51:20+00:00,PMP-19,98.06,100.0,99.50551204587912,99.45474
2026-01-01 01:51:30+00:00,PMP-19,100.0,100.0,99.51052507114417,99.61041
2026-01-01 01:51:40+00:00,PMP-19,99.03,100.0,99.4597080162642,99.46904
2026-01-01 01:51:50+00:00,PMP-19,100.0,100.0,99.50660012178867,99.54814
2026-01-01 01:52:00+00:00,PMP-19,99.06,100.0,99.50681829719947,99.531624
2026-01-01 01:52:10+00:00,PMP-19,100.0,100.0,99.5061909241222,99.55081
2026-01-01 01:52:20+00:00,PMP-19,100.0,100.0,99.49782516430881,99.54787
2026-01-01 01:52:30+00:00,PMP-19,97.91,100.0,99.5028914614266,99.484924
2026-01-01 01:52:40+00:00,PMP-19,99.24,100.0,99.5012034367421,99.547935
2026-01-01 01:52:50+00:00,PMP-19,100.0,100.0,99.50510454449523,99.549545
2026-01-01 01:53:00+00:00,PMP-19,97.94,100.0,99.50594509317432,99.527275
2026-01-01 01:53:10+00:00,PMP-19,97.24,100.0,99.50548813472285,99.51045
2026-01-01 01:53:20+00:00,PMP-19,100.0,100.0,99.5041808371789,99.52217
2026-01-01 01:53:30+00:00,PMP-19,98.94,100.0,99.50569724393853,99.53808
2026-01-01 01:53:40+00:00,PMP-19,100.0,100.0,99.50645897151153,99.58074
2026-01-01 01:53:50+00:00,PMP-19,100.0,100.0,99.50552667223728,99.57023
2026-01-01 01:54:00+00:00,PMP-19,98.97,100.0,99.46417881196433,99.557014
2026-01-01 01:54:10+00:00,PMP-19,98.92,100.0,99.47195504919983,99.42647
2026-01-01 01:54:20+00:00,PMP-19,98.38,100.0,99.43163529570984,99.49474
2026-01-01 01:54:30+00:00,PMP-19,98.56,100.0,99.49731904075854,99.549225
2026-01-01 01:54:40+00:00,PMP-19,100.0,100.0,99.50465144992421,99.532555
2026-01-01 01:54:50+00:00,PMP-19,100.0,100.0,99.50500057679342,99.53884
2026-01-01 01:55:00+00:00,PMP-19,100.0,100.0,99.50632570344763,99.55284
2026-01-01 01:55:10+00:00,PMP-19,100.0,100.0,99.50552667223728,99.54236
2026-01-01 01:55:20+00:00,PMP-19,100.0,100.0,99.50671882085287,99.55387
2026-01-01 01:55:30+00:00,PMP-19,100.0,100.0,99.50652707687487,99.557335
2026-01-01 01:55:40+00:00,PMP-19,100.0,100.0,99.50594509317432,99.51844
2026-01-01 01:55:50+00:00,PMP-19,100.0,100.0,99.51200070878177,99.61397
2026-01-01 01:56:00+00:00,PMP-19,100.0,100.0,99.50482202162547,99.553246
2026-01-01 01:56:10+00:00,PMP-19,100.0,100.0,99.42996678492148,99.53825
2026-01-01 01:56:20+00:00,PMP-19,100.0,100.0,99.50595649625089,99.544945
2026-01-01 01:56:30+00:00,PMP-19,100.0,100.0,99.50549982789647,99.57642
2026-01-01 01:56:40+00:00,PMP-19,100.0,100.0,99.50390148397962,99.56708
2026-01-01 01:56:50+00:00,PMP-19,99.21,100.0,99.50366709936958,99.52548
2026-01-01 01:57:00+00:00,PMP-19,99.43,100.0,99.50387620858525,99.534966
2026-01-01 01:57:10+00:00,PMP-19,100.0,100.0,99.50466332424945,99.57083
2026-01-01 01:57:20+00:00,PMP-19,99.71,100.0,99.50503526937796,99.59261
2026-01-01 01:57:30+00:00,PMP-19,99.57,100.0,99.5045258403711,99.55721
2026-01-01 01:57:40+00:00,PMP-19,99.0,100.0,99.50283490567791,99.53098
2026-01-01 01:57:50+00:00,PMP-19,100.0,100.0,99.50118352965207,99.50938
2026-01-01 01:58:00+00:00,PMP-19,100.0,100.0,99.5032899539557,99.55816
2026-01-01 01:58:10+00:00,PMP-19,100.0,100.0,99.50871036549296,99.57979
2026-01-01 01:58:20+00:00,PMP-19,100.0,100.0,99.50568532839239,99.56977
2026-01-01 01:58:30+00:00,PMP-19,100.0,100.0,99.43164996252868,99.50829
2026-01-01 01:58:40+00:00,PMP-19,99.45,100.0,99.50489929916,99.55793
2026-01-01 01:58:50+00:00,PMP-19,100.0,100.0,99.50439099261816,99.4994
2026-01-01 01:59:00+00:00,PMP-19,99.9,100.0,99.50594509317432,99.521965
2026-01-01 01:59:10+00:00,PMP-19,100.0,100.0,99.49798603778207,99.57948
2026-01-01 01:59:20+00:00,PMP-19,100.0,100.0,99.50596626545105,99.55214
2026-01-01 01:59:30+00:00,PMP-19,100.0,100.0,99.50463842646163,99.546974
2026-01-01 01:59:40+00:00,PMP-19,100.0,100.0,99.45101459684491,99.54819
2026-01-01 01:59:50+00:00,PMP-19,98.05,100.0,99.50570747618004,99.52294
2026-01-01 02:00:00+00:00,PMP-19,100.0,100.0,99.50518826684352,99.55667
2026-01-01 02:00:10+00:00,PMP-19,99.97,100.0,99.50401026547765,99.54724
2026-01-01 02:00:20+00:00,PMP-19,100.0,100.0,99.5050983413872,99.50081
2026-01-01 02:00:30+00:00,PMP-19,97.43,100.0,99.50526891308844,99.54278
2026-01-01 02:00:40+00:00,PMP-19,98.52,100.0,99.50480082699757,99.53343
2026-01-01 02:00:50+00:00,PMP-19,100.0,100.0,99.50833815553655,99.64776
2026-01-01 02:01:00+00:00,PMP-19,99.54,100.0,99.50554044921313,99.56366
2026-01-01 02:01:10+00:00,PMP-19,98.47,100.0,99.50515554205468,99.56195
2026-01-01 02:01:20+00:00,PMP-19,100.0,100.0,99.51180976450802,99.597275
2026-01-01 02:01:30+00:00,PMP-19,99.53,100.0,99.50715966349208,99.56185
2026-01-01 02:01:40+00:00,PMP-19,99.26,100.0,99.42958693335578,99.56292
2026-01-01 02:01:50+00:00,PMP-19,100.0,100.0,99.50620802861043,99.55177
2026-01-01 02:02:00+00:00,PMP-19,99.56,100.0,99.50719252255219,99.57017
2026-01-01 02:02:10+00:00,PMP-19,100.0,100.0,99.50597886601714,99.51404
2026-01-01 02:02:20+00:00,PMP-19,99.12,100.0,99.50616030507811,99.53179
2026-01-01 02:02:30+00:00,PMP-19,98.05,100.0,99.50599279027088,99.546875
2026-01-01 02:02:40+00:00,PMP-19,100.0,100.0,99.50615925885448,99.562
2026-01-01 02:02:50+00:00,PMP-19,100.0,100.0,99.50640710809029,99.53323
2026-01-01 02:03:00+00:00,PMP-19,100.0,100.0,99.50658693066295,99.54131
2026-01-01 02:03:10+00:00,PMP-19,100.0,100.0,99.50598973337685,99.52981
2026-01-01 02:03:20+00:00,PMP-19,100.0,100.0,99.50370668310762,99.59724
2026-01-01 02:03:30+00:00,PMP-19,100.0,100.0,99.50349731557506,99.52939
2026-01-01 02:03:40+00:00,PMP-19,98.68,100.0,99.50387620858525,99.5858
2026-01-01 02:03:50+00:00,PMP-19,99.23,100.0,99.49990688031782,99.52782
2026-01-01 02:04:00+00:00,PMP-19,98.73,100.0,99.43624485695445,99.53369
2026-01-01 02:04:10+00:00,PMP-19,100.0,100.0,99.50594509317432,99.51353
2026-01-01 02:04:20+00:00,PMP-19,99.8,100.0,99.50612491574698,99.5466
2026-01-01 02:04:30+00:00,PMP-19,99.86,100.0,99.50657413841002,99.54454
2026-01-01 02:04:40+00:00,PMP-19,99.53,100.0,99.50637276498279,99.53975
2026-01-01 02:04:50+00:00,PMP-19,100.0,100.0,99.5039819451723,99.57614
2026-01-01 02:05:00+00:00,PMP-19,100.0,100.0,99.50637276498279,99.52758
2026-01-01 02:05:10+00:00,PMP-19,97.86,100.0,99.50645897151153,99.54392
2026-01-01 02:05:20+00:00,PMP-19,100.0,100.0,99.50683477989874,99.48512
2026-01-01 02:05:30+00:00,PMP-19,99.44,100.0,99.5067877183636,99.525185
2026-01-01 02:05:40+00:00,PMP-19,97.32,100.0,99.50556035630316,99.52039
2026-01-01 02:05:50+00:00,PMP-19,99.33,100.0,99.50327101082031,99.55073
2026-01-01 02:06:00+00:00,PMP-19,98.62,100.0,99.50597233331908,99.51675
2026-01-01 02:06:10+00:00,PMP-19,100.0,100.0,99.50721075218752,99.57832
2026-01-01 02:06:20+00:00,PMP-19,100.0,100.0,99.50014979469333,99.55553
2026-01-01 02:06:30+00:00,PMP-19,100.0,100.0,99.50684692480084,99.5414
2026-01-01 02:06:40+00:00,PMP-19,100.0,100.0,99.50638996634939,99.48948
2026-01-01 02:06:50+00:00,PMP-19,97.29,100.0,99.42832521521217,99.3832
2026-01-01 02:07:00+00:00,PMP-19,99.28,100.0,99.50736080313808,99.51305
2026-01-01 02:07:10+00:00,PMP-19,98.43,100.0,99.50564585701424,99.540955
2026-01-01 02:07:20+00:00,PMP-19,97.96,100.0,99.50443634316099,99.5213
2026-01-01 02:07:30+00:00,PMP-19,100.0,100.0,99.48437478002981,99.54773
2026-01-01 02:07:40+00:00,PMP-19,99.62,100.0,99.50598636158175,99.561104
2026-01-01 02:07:50+00:00,PMP-19,98.18,100.0,99.51530314571085,99.44582
2026-01-01 02:08:00+00:00,PMP-19,99.13,100.0,99.50644210923222,99.48943
2026-01-01 02:08:10+00:00,PMP-19,100.0,100.0,99.50642955008743,99.53617
2026-01-01 02:08:20+00:00,PMP-19,100.0,100.0,99.43592286325509,99.33625
2026-01-01 02:08:30+00:00,PMP-19,99.88,100.0,99.50681829719947,99.5101
2026-01-01 02:08:40+00:00,PMP-19,100.0,100.0,99.4328644186202,99.27811
2026-01-01 02:08:50+00:00,PMP-19,98.29,100.0,99.50686627871865,99.4792
2026-01-01 02:09:00+00:00,PMP-19,99.15,100.0,99.50183480005259,99.45306
2026-01-01 02:09:10+00:00,PMP-19,100.0,100.0,99.50707638930531,99.57335
2026-01-01 02:09:20+00:00,PMP-19,99.97,100.0,99.5057309280044,99.48038
2026-01-01 02:09:30+00:00,PMP-19,98.49,100.0,99.50433321407304,99.48293
2026-01-01 02:09:40+00:00,PMP-19,98.79,100.0,99.506227834331,99.498535
2026-01-01 02:09:50+00:00,PMP-19,100.0,100.0,99.50546715298158,99.524956
2026-01-01 02:10:00+00:00,PMP-19,100.0,100.0,99.42876207929422,99.5292
2026-01-01 02:10:10+00:00,PMP-19,99.74,100.0,99.50531768284439,99.5169
2026-01-01 02:10:20+00:00,PMP-19,99.93,100.0,99.50618788645588,99.49034
2026-01-01 02:10:30+00:00,PMP-19,100.0,100.0,99.50791127864635,99.52303
2026-01-01 02:10:40+00:00,PMP-19,99.44,100.0,99.50515595819438,99.387726
2026-01-01 02:10:50+00:00,PMP-19,100.0,100.0,99.5059410834437,99.49566
2026-01-01 02:11:00+00:00,PMP-19,98.61,100.0,99.50618788645588,99.492615
2026-01-01 02:11:10+00:00,PMP-19,100.0,100.0,99.50577969776035,99.40884
2026-01-01 02:11:20+00:00,PMP-19,98.86,100.0,99.50577356863647,99.39721
2026-01-01 02:11:30+00:00,PMP-19,97.04,100.0,99.5059410834437,99.446236
2026-01-01 02:11:40+00:00,PMP-19,100.0,100.0,99.50450713559096,99.397804
2026-01-01 02:11:50+00:00,PMP-19,98.02,100.0,99.50670176479309,99.38876
2026-01-01 02:12:00+00:00,PMP-19,100.0,100.0,99.50510642663906,99.42098
2026-01-01 02:12:10+00:00,PMP-19,98.69,100.0,99.50488121974318,99.46648
2026-01-01 02:12:20+00:00,PMP-19,100.0,100.0,99.50616042490088,99.49383
2026-01-01 02:12:30+00:00,PMP-19,99.66,100.0,99.50697330091778,99.51168
2026-01-01 02:12:40+00:00,PMP-19,100.0,100.0,99.50577051174244,99.501396
2026-01-01 02:12:50+00:00,PMP-19,100.0,100.0,99.5057309280044,99.4868
2026-01-01 02:13:00+00:00,PMP-19,100.0,100.0,99.50690032255358,99.477295
2026-01-01 02:13:10+00:00,PMP-19,100.0,100.0,99.50507116151907,99.51408
2026-01-01 02:13:20+00:00,PMP-19,99.85,100.0,99.50398278782122,99.54638
2026-01-01 02:13:30+00:00,PMP-19,100.0,100.0,99.50509912929392,99.509865
2026-01-01 02:13:40+00:00,PMP-19,100.0,100.0,99.50572587153991,99.493835
2026-01-01 02:13:50+00:00,PMP-19,98.99,100.0,99.5043049586394,99.42426
2026-01-01 02:14:00+00:00,PMP-19,100.0,100.0,99.50707731860192,99.547646
2026-01-01 02:14:10+00:00,PMP-19,100.0,100.0,99.50636878252843,99.498955
2026-01-01 02:14:20+00:00,PMP-19,99.1,100.0,99.50526891308844,99.49665
2026-01-01 02:14:30+00:00,PMP-19,100.0,100.0,99.46418010262218,99.53884
2026-01-01 02:14:40+00:00,PMP-19,100.0,100.0,99.50565736800027,99.525345
2026-01-01 02:14:50+00:00,PMP-19,100.0,100.0,99.50379104384324,99.535904
2026-01-01 02:15:00+00:00,PMP-19,100.0,100.0,99.50295350379048,99.52192
2026-01-01 02:15:10+00:00,PMP-19,98.69,100.0,99.50242852010979,99.467964
2026-01-01 02:15:20+00:00,PMP-19,98.52,100.0,99.50447384002183,99.51481
2026-01-01 02:15:30+00:00,PMP-19,98.26,100.0,99.50120005733251,99.44213
2026-01-01 02:15:40+00:00,PMP-19,97.81,100.0,99.50135838562298,99.440636
2026-01-01 02:15:50+00:00,PMP-19,100.0,100.0,99.46260334401582,99.56843
2026-01-01 02:16:00+00:00,PMP-19,100.0,100.0,99.4858433182563,99.582466
2026-01-01 02:16:10+00:00,PMP-19,100.0,100.0,99.45647382799393,99.61222
2026-01-01 02:16:20+00:00,PMP-19,100.0,100.0,99.50435814564014,99.58367
2026-01-01 02:16:30+00:00,PMP-19,100.0,100.0,99.50247772513512,99.653175
2026-01-01 02:16:40+00:00,PMP-19,99.15,100.0,99.50381562060461,99.57654
2026-01-01 02:16:50+00:00,PMP-19,100.0,100.0,99.50366130871254,99.57175
2026-01-01 02:17:00+00:00,PMP-19,100.0,100.0,99.49175442756653,99.62261
2026-01-01 02:17:10+00:00,PMP-19,100.0,100.0,99.50195002624899,99.63953
2026-01-01 02:17:20+00:00,PMP-19,100.0,100.0,99.49998056766947,99.62713
2026-01-01 02:17:30+00:00,PMP-19,100.0,100.0,99.50304259800421,99.61097
2026-01-01 02:17:40+00:00,PMP-19,100.0,100.0,99.50396604526459,99.564575
2026-01-01 02:17:50+00:00,PMP-19,99.62,100.0,99.5044911641502,99.5786
2026-01-01 02:18:00+00:00,PMP-19,100.0,100.0,99.50325942034694,99.52708
2026-01-01 02:18:10+00:00,PMP-19,100.0,100.0,99.5019881538908,99.51531
2026-01-01 02:18:20+00:00,PMP-19,100.0,100.0,99.50725925154683,99.561386
2026-01-01 02:18:30+00:00,PMP-19,100.0,100.0,99.50581602415538,99.50806
2026-01-01 02:18:40+00:00,PMP-19,100.0,100.0,99.50294600318851,99.528145
2026-01-01 02:18:50+00:00,PMP-19,99.53,100.0,99.50236783480771,99.50388
2026-01-01 02:19:00+00:00,PMP-19,99.4,100.0,98.88027455840583,99.7294
2026-01-01 02:19:10+00:00,PMP-19,97.66,100.0,99.5029262684126,99.40084
2026-01-01 02:19:20+00:00,PMP-19,100.0,100.0,99.43084672591651,99.709526
2026-01-01 02:19:30+00:00,PMP-19,99.66,100.0,99.50134746137587,99.40595
2026-01-01 02:19:40+00:00,PMP-19,100.0,100.0,99.50449865879324,99.43478
2026-01-01 02:19:50+00:00,PMP-19,99.2,100.0,99.49876632282006,99.489456
2026-01-01 02:20:00+00:00,PMP-19,99.54,100.0,99.50148004948943,99.455505
2026-01-01 02:20:10+00:00,PMP-19,99.63,100.0,99.50235073563049,99.44051
2026-01-01 02:20:20+00:00,PMP-19,99.64,100.0,99.50406349234173,99.48313
2026-01-01 02:20:30+00:00,PMP-19,98.26,100.0,99.44643353493149,99.40587
2026-01-01 02:20:40+00:00,PMP-19,100.0,100.0,99.503500020618,99.548164
2026-01-01 02:20:50+00:00,PMP-19,99.68,100.0,99.46364483884598,99.496284
2026-01-01 02:21:00+00:00,PMP-19,100.0,100.0,99.50399936032586,99.41889
2026-01-01 02:21:10+00:00,PMP-19,99.48,100.0,99.50636960784331,99.51271
2026-01-01 02:21:20+00:00,PMP-19,99.64,100.0,99.50673349949635,99.52166
2026-01-01 02:21:30+00:00,PMP-19,99.86,100.0,99.50564078157686,99.507744
2026-01-01 02:21:40+00:00,PMP-19,99.06,100.0,99.50471397864243,99.47108
2026-01-01 02:21:50+00:00,PMP-19,100.0,100.0,99.45589845966191,99.47085
2026-01-01 02:22:00+00:00,PMP-19,99.42,100.0,97.45794834075802,98.69564
2026-01-01 02:22:10+00:00,PMP-19,100.0,100.0,99.50526891308844,99.33834
2026-01-01 02:22:20+00:00,PMP-19,98.5,100.0,99.50602891831277,99.35727
2026-01-01 02:22:30+00:00,PMP-19,100.0,100.0,99.50623974987712,99.487946
2026-01-01 02:22:40+00:00,PMP-19,98.36,100.0,99.50468070835689,99.44115
2026-01-01 02:22:50+00:00,PMP-19,100.0,100.0,99.50512705776555,99.45775
2026-01-01 02:23:00+00:00,PMP-19,99.94,100.0,99.50526891308844,99.44131
2026-01-01 02:23:10+00:00,PMP-19,99.88,100.0,99.50547802230412,99.4517
2026-01-01 02:23:20+00:00,PMP-19,99.3,100.0,99.50238402511602,99.50431
2026-01-01 02:23:30+00:00,PMP-19,100.0,100.0,99.47744492828747,99.494865
2026-01-01 02:23:40+00:00,PMP-19,100.0,100.0,99.50682102541417,99.216515
2026-01-01 02:23:50+00:00,PMP-19,98.72,100.0,99.50417482787779,99.18824
2026-01-01 02:24:00+00:00,PMP-19,100.0,100.0,99.50715064887285,99.32778
2026-01-01 02:24:10+00:00,PMP-19,100.0,100.0,99.5065994668983,99.355484
2026-01-01 02:24:20+00:00,PMP-19,83.47,97.71559078348301,83.40756389018387,83.27247
2026-01-01 02:24:30+00:00,PMP-19,85.32,97.50603018945617,94.90524759303797,90.65682
2026-01-01 02:24:40+00:00,PMP-19,84.27,95.4073315805301,90.1197121609385,86.306694
2026-01-01 02:24:50+00:00,PMP-19,84.04,94.39123589941657,88.48034741001281,85.708046
2026-01-01 02:25:00+00:00,PMP-19,85.39,92.61716606215244,88.11721091067956,84.46275
2026-01-01 02:25:10+00:00,PMP-19,84.14,91.55901621554918,84.23058267420348,84.325165
2026-01-01 02:25:20+00:00,PMP-19,82.8,90.44680617475204,83.50084172212051,82.82931
2026-01-01 02:25:30+00:00,PMP-19,83.76,89.21384057489138,83.55492270081768,83.31655
2026-01-01 02:25:40+00:00,PMP-19,82.32,88.0564075622516,82.81337730482483,82.7487
2026-01-01 02:25:50+00:00,PMP-19,86.1,86.42992310737449,84.91891380832129,83.448265
2026-01-01 02:26:00+00:00,PMP-19,82.07,86.18210318679643,82.23652130147633,82.89079
2026-01-01 02:26:10+00:00,PMP-19,83.16,85.7066590025963,82.53028958270681,83.038925
2026-01-01 02:26:20+00:00,PMP-19,83.29,85.40126659118103,83.09830028357017,83.29479
2026-01-01 02:26:30+00:00,PMP-19,81.94,85.39355813621047,82.34454046288866,83.55333
2026-01-01 02:26:40+00:00,PMP-19,84.09,84.29811636771248,83.30781185816954,82.87449
2026-01-01 02:26:50+00:00,PMP-19,81.81,84.00176196412497,81.95718751585714,82.870155
2026-01-01 02:27:00+00:00,PMP-19,82.48,83.7880817352909,82.5352708081849,82.89586
2026-01-01 02:27:10+00:00,PMP-19,82.22,82.95734348662127,81.8894258997995,83.071655
2026-01-01 02:27:20+00:00,PMP-19,84.03,83.12506406595317,82.4563510949269,81.96887
2026-01-01 02:27:30+00:00,PMP-19,79.92,82.34622757085424,81.01247968857312,81.68806
2026-01-01 02:27:40+00:00,PMP-19,81.77,82.86329599336842,81.45994017665292,81.862976
2026-01-01 02:27:50+00:00,PMP-19,82.63,83.56459680760855,81.43462915886535,81.550896
2026-01-01 02:28:00+00:00,PMP-19,80.85,82.84428998164216,81.28468503700236,81.651726
2026-01-01 02:28:10+00:00,PMP-19,82.5,81.66150252863616,81.33556338027522,81.88256
2026-01-01 02:28:20+00:00,PMP-19,80.29,81.35460668411997,80.52304574829168,80.6405
2026-01-01 02:28:30+00:00,PMP-19,81.45,81.67822243198295,80.47234198505886,79.86723
2026-01-01 02:28:40+00:00,PMP-19,79.92,81.69053857762539,80.56181802503889,79.836494
2026-01-01 02:28:50+00:00,PMP-19,80.04,81.50239663332428,80.13824221916197,79.76884
2026-01-01 02:29:00+00:00,PMP-19,77.41,80.359310417107,79.75088756408897,79.72742
2026-01-01 02:29:10+00:00,PMP-19,81.02,81.90468029033174,80.21431962977127,79.74869
2026-01-01 02:29:20+00:00,PMP-19,80.1,81.55368418505931,80.05299435293887,79.75809
2026-01-01 02:29:30+00:00,PMP-19,79.51,81.15162919296819,79.5769180398763,79.670425
2026-01-01 02:29:40+00:00,PMP-19,78.99,79.17459017439629,79.4595503065786,79.45453
2026-01-01 02:29:50+00:00,PMP-19,79.12,79.70390989679788,79.3778368992802,78.153534
2026-01-01 02:30:00+00:00,PMP-19,80.7,80.87490225801054,79.54039504458521,78.136566
2026-01-01 02:30:10+00:00,PMP-19,77.82,80.05771738854818,79.18197681502767,77.98542
2026-01-01 02:30:20+00:00,PMP-19,78.23,79.95831654873139,79.1314743008993,78.104614
2026-01-01 02:30:30+00:00,PMP-19,79.7,79.5949813022373,79.20407041700786,77.3756
2026-01-01 02:30:40+00:00,PMP-19,77.62,79.13232485373477,78.62345070522325,77.420525
2026-01-01 02:30:50+00:00,PMP-19,76.71,78.54755490684626,78.39664840318345,77.22494
2026-01-01 02:31:00+00:00,PMP-19,77.17,77.82794361440477,78.45324024028845,77.26053
2026-01-01 02:31:10+00:00,PMP-19,78.48,77.18502156463595,78.55035483808119,77.45826
2026-01-01 02:31:20+00:00,PMP-19,78.23,76.88961135678045,78.48788848422554,77.29944
2026-01-01 02:31:30+00:00,PMP-19,77.08,78.63185530283899,78.33905286862678,77.18923
2026-01-01 02:31:40+00:00,PMP-19,76.24,77.71985251671808,77.7658548759448,77.24703
2026-01-01 02:31:50+00:00,PMP-19,77.16,78.58543492500617,76.96829141173595,76.95415
2026-01-01 02:32:00+00:00,PMP-19,77.08,77.38413804438731,76.62342133982484,76.94245
2026-01-01 02:32:10+00:00,PMP-19,78.44,77.66303967396084,76.7030567606237,76.429276
2026-01-01 02:32:20+00:00,PMP-19,75.94,76.74187227589817,76.51361318734114,76.541435
2026-01-01 02:32:30+00:00,PMP-19,76.95,77.25576190437155,76.58594526744864,76.252045
2026-01-01 02:32:40+00:00,PMP-19,73.95,77.21074750107604,76.29966046736722,76.17043
2026-01-01 02:32:50+00:00,PMP-19,77.57,76.20239491919585,76.46047216550572,76.26428
2026-01-01 02:33:00+00:00,PMP-19,76.0,76.04163859187867,76.27183196378301,76.21214
2026-01-01 02:33:10+00:00,PMP-19,76.57,76.21949088895882,76.2681251037352,75.602425
2026-01-01 02:33:20+00:00,PMP-19,77.82,76.45387625137646,76.4056702095458,75.6884
2026-01-01 02:33:30+00:00,PMP-19,77.09,76.44432819281678,76.3250604793992,75.60605
2026-01-01 02:33:40+00:00,PMP-19,76.73,75.58463250077234,76.07881591250151,75.64879
2026-01-01 02:33:50+00:00,PMP-19,74.75,75.30193050343172,75.3456238109229,75.740295
2026-01-01 02:34:00+00:00,PMP-19,75.78,76.01577063410775,75.26906222924516,75.15617
2026-01-01 02:34:10+00:00,PMP-19,72.72,77.20006812916077,75.09726665126635,74.9737
2026-01-01 02:34:20+00:00,PMP-19,76.46,77.78629220165277,75.62402014482699,75.20743
2026-01-01 02:34:30+00:00,PMP-19,75.84,76.33140744353697,75.62643579552326,75.39131
2026-01-01 02:34:40+00:00,PMP-19,74.63,75.14911681167645,75.0362467531136,75.210724
2026-01-01 02:34:50+00:00,PMP-19,72.27,74.7166763974908,74.31935102800497,75.11167
2026-01-01 02:35:00+00:00,PMP-19,74.55,75.94236453833793,74.87748191965771,75.078354
2026-01-01 02:35:10+00:00,PMP-19,73.16,74.80762979499896,74.08625416875715,74.52436
2026-01-01 02:35:20+00:00,PMP-19,74.71,75.40423861409738,74.13291095457204,74.59162
2026-01-01 02:35:30+00:00,PMP-19,72.79,74.22900982461118,73.66099033484174,74.504395
2026-01-01 02:35:40+00:00,PMP-19,74.22,73.88630279409252,73.86820460628141,74.09914
2026-01-01 02:35:50+00:00,PMP-19,74.89,74.99058772273492,73.93659613804445,74.24386
2026-01-01 02:36:00+00:00,PMP-19,72.97,73.50759660112827,73.03770982113238,73.423096
2026-01-01 02:36:10+00:00,PMP-19,72.77,73.72527780625327,73.03269633024468,73.12288
2026-01-01 02:36:20+00:00,PMP-19,72.89,73.48144984288815,73.05048577132943,73.18561
2026-01-01 02:36:30+00:00,PMP-19,73.57,73.89623251990216,73.09380816678457,73.00841
2026-01-01 02:36:40+00:00,PMP-19,73.04,72.42829727065347,72.94305454515022,73.19144
2026-01-01 02:36:50+00:00,PMP-19,73.51,71.80126539261568,72.92006764437934,72.17757
2026-01-01 02:37:00+00:00,PMP-19,73.14,70.39315466738594,72.81591487628533,71.68583
2026-01-01 02:37:10+00:00,PMP-19,73.36,70.31888848303943,72.5795174433489,71.85009
2026-01-01 02:37:20+00:00,PMP-19,69.26,69.82727070624766,71.81717932835186,71.47087
2026-01-01 02:37:30+00:00,PMP-19,71.49,70.56410791434055,71.86917874909868,71.46116
2026-01-01 02:37:40+00:00,PMP-19,71.47,70.37860223094646,71.66855965999696,71.481155
2026-01-01 02:37:50+00:00,PMP-19,71.21,71.01539865338682,71.55851173687297,71.472305
2026-01-01 02:38:00+00:00,PMP-19,69.46,71.88323047170717,71.41758905851336,71.3184
2026-01-01 02:38:10+00:00,PMP-19,71.33,71.26937119497498,71.2860041829095,71.45716
2026-01-01 02:38:20+00:00,PMP-19,72.46,70.53281558460117,71.3587958992994,71.056885
2026-01-01 02:38:30+00:00,PMP-19,70.97,71.36875187621048,71.32519096406564,71.44134
2026-01-01 02:38:40+00:00,PMP-19,71.05,70.57910783510651,71.23320404802759,71.49898
2026-01-01 02:38:50+00:00,PMP-19,72.23,70.31851380228326,71.35068939216526,71.57837
2026-01-01 02:39:00+00:00,PMP-19,70.28,69.32660776918378,70.4424145818557,70.6793
2026-01-01 02:39:10+00:00,PMP-19,68.58,69.58311951559322,69.96890930909679,70.4521
2026-01-01 02:39:20+00:00,PMP-19,69.86,71.11716304180534,69.65636298178309,70.456635
2026-01-01 02:39:30+00:00,PMP-19,67.87,70.22958615875234,69.49947599322495,68.98721
2026-01-01 02:39:40+00:00,PMP-19,70.97,69.0041859782975,69.79980434002796,69.309784
2026-01-01 02:39:50+00:00,PMP-19,67.53,68.83398836115742,69.13132353750515,69.04494
2026-01-01 02:40:00+00:00,PMP-19,67.33,69.3283837052133,68.85290283042748,68.93858
2026-01-01 02:40:10+00:00,PMP-19,69.09,66.88275948962944,68.65154666640369,68.78449
2026-01-01 02:40:20+00:00,PMP-19,69.88,67.06400192656785,67.95021079099088,68.31855
2026-01-01 02:40:30+00:00,PMP-19,68.33,67.37382356343247,67.59838559439557,67.06679
2026-01-01 02:40:40+00:00,PMP-19,67.48,67.57673370707616,67.63816518842276,67.05671
2026-01-01 02:40:50+00:00,PMP-19,68.81,68.02958238291802,67.9670791601067,66.4942
2026-01-01 02:41:00+00:00,PMP-19,68.99,67.29300862601173,68.03639272489441,67.1595
2026-01-01 02:41:10+00:00,PMP-19,66.07,68.86521187744867,67.13805865408938,66.516914
2026-01-01 02:41:20+00:00,PMP-19,65.72,68.70681541106688,66.85959750412898,66.60298
2026-01-01 02:41:30+00:00,PMP-19,65.85,68.14566406648332,66.048096794986,66.18187
2026-01-01 02:41:40+00:00,PMP-19,65.29,68.82212341425596,65.87505552421969,65.9616
2026-01-01 02:41:50+00:00,PMP-19,66.43,68.00456075587378,66.10218677472893,65.91387
2026-01-01 02:42:00+00:00,PMP-19,67.2,67.8398429164468,66.09503185794246,65.86537
2026-01-01 02:42:10+00:00,PMP-19,65.96,67.54288009975,65.76320840674448,65.62792
2026-01-01 02:42:20+00:00,PMP-19,64.71,67.92447012151982,65.47995528217353,65.11898
2026-01-01 02:42:30+00:00,PMP-19,66.26,67.01719966962766,65.47342026352412,65.13577
2026-01-01 02:42:40+00:00,PMP-19,66.58,67.20909850456587,65.45982406725041,65.0352
2026-01-01 02:42:50+00:00,PMP-19,63.64,67.43730375341278,64.02440637283526,64.779945
2026-01-01 02:43:00+00:00,PMP-19,64.38,66.79323966788776,63.68873250880351,64.233154
2026-01-01 02:43:10+00:00,PMP-19,62.11,65.76194738498901,63.12312050015354,63.860092
2026-01-01 02:43:20+00:00,PMP-19,61.55,65.18976156882754,63.01415002910077,63.93098
2026-01-01 02:43:30+00:00,PMP-19,62.54,65.47496915489698,63.07568375429711,63.821346
2026-01-01 02:43:40+00:00,PMP-19,63.36,64.95110559003477,63.39478158913853,63.74381
2026-01-01 02:43:50+00:00,PMP-19,64.17,64.29012853868036,63.65767469335511,63.78042
2026-01-01 02:44:00+00:00,PMP-19,64.18,63.43819951347996,63.08756950109693,63.95973
2026-01-01 02:44:10+00:00,PMP-19,63.42,62.20597400383191,62.715242927888525,63.82088
2026-01-01 02:44:20+00:00,PMP-19,59.72,63.16756924787862,61.25510485905201,62.13364
2026-01-01 02:44:30+00:00,PMP-19,62.51,61.95227250714164,61.97394725940709,62.4835
2026-01-01 02:44:40+00:00,PMP-19,61.32,62.55950585120951,61.49288204849307,61.39767
2026-01-01 02:44:50+00:00,PMP-19,59.87,61.230326104122014,60.95607404863162,60.729187
2026-01-01 02:45:00+00:00,PMP-19,62.31,62.330832320565705,61.26373441519155,60.836575
2026-01-01 02:45:10+00:00,PMP-19,60.63,61.506457739188804,60.838936543460235,60.652252
2026-01-01 02:45:20+00:00,PMP-19,59.94,62.66535692185707,60.58360300876844,60.23327
2026-01-01 02:45:30+00:00,PMP-19,60.19,61.04610119816936,60.67474713627569,60.400734
2026-01-01 02:45:40+00:00,PMP-19,62.24,59.37631553789177,60.83367535193886,60.76807
2026-01-01 02:45:50+00:00,PMP-19,59.97,60.25993687339274,59.745132057901465,60.21292
2026-01-01 02:46:00+00:00,PMP-19,59.96,59.43916352544316,59.968687206218675,59.680122
2026-01-01 02:46:10+00:00,PMP-19,60.16,59.6823973875209,59.991170076955875,59.516838
2026-01-01 02:46:20+00:00,PMP-19,60.43,59.30202364351782,59.845657121555014,59.708134
2026-01-01 02:46:30+00:00,PMP-19,58.75,58.369097482387296,58.827205102949485,59.01204
2026-01-01 02:46:40+00:00,PMP-19,59.2,58.413810202427065,58.46325391702784,57.9427
2026-01-01 02:46:50+00:00,PMP-19,57.72,58.05776010596656,58.03882295405688,58.064957
2026-01-01 02:47:00+00:00,PMP-19,56.93,57.45846405791883,57.756672010278876,57.96439
2026-01-01 02:47:10+00:00,PMP-19,57.96,57.96708197265076,57.77182303138658,57.889793
2026-01-01 02:47:20+00:00,PMP-19,58.14,57.792745739797034,57.655477715469736,58.06604
2026-01-01 02:47:30+00:00,PMP-19,55.77,57.20200988198803,56.97995395028582,57.699852
2026-01-01 02:47:40+00:00,PMP-19,56.56,57.50520797072863,56.93129768058029,57.813755
2026-01-01 02:47:50+00:00,PMP-19,58.82,56.27109517212783,57.08219752772151,58.162537
2026-01-01 02:48:00+00:00,PMP-19,59.13,55.732978716999305,56.94632537125453,57.860607
2026-01-01 02:48:10+00:00,PMP-19,55.21,55.54920739645353,56.35210494366307,57.12709
2026-01-01 02:48:20+00:00,PMP-19,57.02,53.83863083477985,56.103964329034824,56.464222
2026-01-01 02:48:30+00:00,PMP-19,55.41,54.124621660078304,55.65538201814881,56.446625
2026-01-01 02:48:40+00:00,PMP-19,54.58,53.538717050458686,55.49603610407788,55.412994
2026-01-01 02:48:50+00:00,PMP-19,54.46,53.40551492424406,55.490327213314245,55.24517
2026-01-01 02:49:00+00:00,PMP-19,54.88,53.934057547752296,55.66434002323549,55.129303
2026-01-01 02:49:10+00:00,PMP-19,53.79,53.63086508816545,55.637181318575216,55.575695
2026-01-01 02:49:20+00:00,PMP-19,57.65,54.13112141342142,56.30282865371114,55.691063
2026-01-01 02:49:30+00:00,PMP-19,55.83,54.12425086720329,56.00756715057738,55.659187
2026-01-01 02:49:40+00:00,PMP-19,56.89,53.783995123199446,56.31776778044702,55.784046
2026-01-01 02:49:50+00:00,PMP-19,58.4,53.581689811456,56.4478217272171,55.71561
2026-01-01 02:50:00+00:00,PMP-19,56.34,54.30321047776923,56.266335169819044,55.747498
2026-01-01 02:50:10+00:00,PMP-19,58.3,54.05746412595404,56.40229333196791,55.47656
2026-01-01 02:50:20+00:00,PMP-19,51.8,53.8144874304768,55.13587495177326,55.28027
2026-01-01 02:50:30+00:00,PMP-19,56.19,52.32181561944546,55.83817136854471,55.50412
2026-01-01 02:50:40+00:00,PMP-19,56.32,52.47765188086811,55.701456340939984,55.267696
2026-01-01 02:50:50+00:00,PMP-19,56.75,52.86804721086647,55.79283513432076,55.14239
2026-01-01 02:51:00+00:00,PMP-19,55.46,51.650501739461944,55.197259003290284,55.323555
2026-01-01 02:51:10+00:00,PMP-19,54.88,52.020963450044036,55.016974607944064,55.25159
2026-01-01 02:51:20+00:00,PMP-19,52.87,51.61277622932023,54.39238860575376,55.266014
2026-01-01 02:51:30+00:00,PMP-19,55.29,50.76417972441333,54.80645140923919,54.5231
2026-01-01 02:51:40+00:00,PMP-19,55.69,50.42814769516231,54.77889451230995,54.2649
2026-01-01 02:51:50+00:00,PMP-19,55.42,49.79746734713436,54.53687622613446,54.258835
2026-01-01 02:52:00+00:00,PMP-19,55.04,49.299414276738695,54.21404326106725,53.140633
2026-01-01 02:52:10+00:00,PMP-19,50.81,48.57451616779041,51.95030837647965,52.80593
2026-01-01 02:52:20+00:00,PMP-19,51.4,49.68140403590861,51.95623565347212,52.875854
2026-01-01 02:52:30+00:00,PMP-19,53.02,49.46206974995967,52.75631145785351,52.346725
2026-01-01 02:52:40+00:00,PMP-19,54.32,49.141172482701265,52.90142678347379,52.506393
2026-01-01 02:52:50+00:00,PMP-19,52.45,48.506758580047375,52.293636195157774,52.351616
2026-01-01 02:53:00+00:00,PMP-19,51.69,48.4764219284972,51.9126708706076,51.892326
2026-01-01 02:53:10+00:00,PMP-19,51.59,48.81529868346699,51.77908348335614,51.955128
2026-01-01 02:53:20+00:00,PMP-19,51.41,47.84440561578775,51.37834803744815,51.470387
2026-01-01 02:53:30+00:00,PMP-19,53.37,47.97269026582188,52.32586615434338,51.67676
2026-01-01 02:53:40+00:00,PMP-19,52.86,47.74558914836689,51.70100590495097,51.357952
2026-01-01 02:53:50+00:00,PMP-19,52.56,49.76924980160459,52.035064582898464,51.494038
2026-01-01 02:54:00+00:00,PMP-19,51.33,49.6212284152544,51.647973156396944,51.63907
2026-01-01 02:54:10+00:00,PMP-19,51.36,50.07529662003023,51.64774378937829,51.68846
2026-01-01 02:54:20+00:00,PMP-19,51.6,48.99657427238294,51.52298183868018,51.4726
2026-01-01 02:54:30+00:00,PMP-19,52.34,49.59746236220167,51.970460783852694,51.800076
2026-01-01 02:54:40+00:00,PMP-19,50.97,49.741396076556626,51.247739420924844,51.272247
2026-01-01 02:54:50+00:00,PMP-19,50.73,49.04377185820025,50.751937120385236,51.28242
2026-01-01 02:55:00+00:00,PMP-19,51.25,49.78256131402476,51.27508092344752,51.1279
2026-01-01 02:55:10+00:00,PMP-19,50.69,49.09074321493694,50.61041394027014,51.23652
2026-01-01 02:55:20+00:00,PMP-19,48.03,48.67576131829074,49.21928271897119,51.151913
2026-01-01 02:55:30+00:00,PMP-19,50.18,48.778649698623965,50.01503919541473,51.136623
2026-01-01 02:55:40+00:00,PMP-19,48.56,47.64362286077366,48.762687685647656,50.10046
2026-01-01 02:55:50+00:00,PMP-19,50.95,47.37167674624874,50.273453117839765,50.511173
2026-01-01 02:56:00+00:00,PMP-19,50.23,46.87111861503381,49.22202722725476,49.366226
2026-01-01 02:56:10+00:00,PMP-19,48.81,46.57647394555012,48.801018709453565,49.199215
2026-01-01 02:56:20+00:00,PMP-19,48.47,46.086944366621566,48.20503109821205,47.959644
2026-01-01 02:56:30+00:00,PMP-19,46.38,46.983419888396554,47.62145714792218,47.912052
2026-01-01 02:56:40+00:00,PMP-19,49.33,47.15595432064035,48.37645287325468,48.038532
2026-01-01 02:56:50+00:00,PMP-19,47.04,45.4037192877293,47.72627463642578,47.455772
2026-01-01 02:57:00+00:00,PMP-19,49.41,45.175758774516105,47.91663617115337,47.502983
2026-01-01 02:57:10+00:00,PMP-19,46.13,44.405321907429965,46.68192191570254,46.94765
2026-01-01 02:57:20+00:00,PMP-19,46.26,43.190406997911836,45.98153678689215,46.37184
2026-01-01 02:57:30+00:00,PMP-19,43.86,42.294176905687415,45.46135567827953,45.8969
2026-01-01 02:57:40+00:00,PMP-19,45.19,42.92928742694316,45.61596597515871,46.327152
2026-01-01 02:57:50+00:00,PMP-19,45.25,42.46440341260032,45.67791476143185,46.27053
2026-01-01 02:58:00+00:00,PMP-19,46.8,41.36657757209871,46.34662244979875,46.34114
2026-01-01 02:58:10+00:00,PMP-19,46.87,41.78831589230336,46.38909665445337,46.24672
2026-01-01 02:58:20+00:00,PMP-19,48.26,41.19120470597285,47.026236516455704,46.497433
2026-01-01 02:58:30+00:00,PMP-19,47.66,41.58651359197127,46.444302737649565,45.813652
2026-01-01 02:58:40+00:00,PMP-19,44.55,42.336267811611805,44.87078325502534,45.416668
2026-01-01 02:58:50+00:00,PMP-19,44.97,41.04194629664232,45.08071797255878,45.648342
2026-01-01 02:59:00+00:00,PMP-19,47.09,40.377454878417204,45.617881400744245,45.771282
2026-01-01 02:59:10+00:00,PMP-19,44.82,41.463056986819055,44.52152192481203,45.444992
2026-01-01 02:59:20+00:00,PMP-19,44.66,41.75193969474195,44.56043683681004,44.697212
2026-01-01 02:59:30+00:00,PMP-19,43.02,40.508201617437585,43.98546467139489,44.677284
2026-01-01 02:59:40+00:00,PMP-19,42.38,42.115938450552825,43.81238225969891,44.362774
2026-01-01 02:59:50+00:00,PMP-19,45.82,41.750847134209565,45.22223236737788,44.653667
2026-01-01 03:00:00+00:00,PMP-19,43.91,41.587270145949326,44.241892446416955,44.791763
2026-01-01 03:00:10+00:00,PMP-19,45.3,41.69732674878007,44.77483045967834,44.764637
2026-01-01 03:00:20+00:00,PMP-19,45.65,42.474054061910735,44.65456078774032,44.849373
2026-01-01 03:00:30+00:00,PMP-19,43.29,41.25499512954509,44.075205495254195,44.713726
2026-01-01 03:00:40+00:00,PMP-19,43.27,40.34204842449434,43.9732605095529,44.319298
2026-01-01 03:00:50+00:00,PMP-19,44.97,41.03684466824532,44.44428364108054,44.71835
2026-01-01 03:01:00+00:00,PMP-19,43.48,40.22212571090195,43.63837484532259,44.27483
2026-01-01 03:01:10+00:00,PMP-19,43.95,39.667716779514855,43.38335201970204,42.12704
2026-01-01 03:01:20+00:00,PMP-19,43.44,38.98021570566018,43.378190982540886,42.677322
2026-01-01 03:01:30+00:00,PMP-19,39.6,38.814532015922026,41.28318228386284,42.086
2026-01-01 03:01:40+00:00,PMP-19,42.84,39.10444193651385,42.08966795965148,42.913757
2026-01-01 03:01:50+00:00,PMP-19,42.68,38.8885550658173,41.93960454628636,42.916466
2026-01-01 03:02:00+00:00,PMP-19,40.83,39.343599968694846,41.395478020927186,42.184036
2026-01-01 03:02:10+00:00,PMP-19,42.78,38.83355124872971,41.859355855779754,41.077297
2026-01-01 03:02:20+00:00,PMP-19,41.16,39.50013768114921,41.24818519680726,41.253464
2026-01-01 03:02:30+00:00,PMP-19,40.95,38.80242467954976,41.03246796707057,40.796627
2026-01-01 03:02:40+00:00,PMP-19,39.68,38.22202876474265,40.20916224303061,40.800503
2026-01-01 03:02:50+00:00,PMP-19,40.26,37.15810350177056,40.66083184549607,41.153824
2026-01-01 03:03:00+00:00,PMP-19,42.62,37.81174763441075,41.40142498882856,41.268658
2026-01-01 03:03:10+00:00,PMP-19,41.53,37.661883188006684,41.220137818067215,41.560505
2026-01-01 03:03:20+00:00,PMP-19,40.2,36.32890789281372,40.44963034681204,39.285748
2026-01-01 03:03:30+00:00,PMP-19,41.91,35.3784412661514,40.46611699830872,40.179497
2026-01-01 03:03:40+00:00,PMP-19,40.14,34.115899810842365,40.08181301679801,38.17806
2026-01-01 03:03:50+00:00,PMP-19,40.36,34.362649093588566,40.08435767898768,38.533356
2026-01-01 03:04:00+00:00,PMP-19,39.24,34.136665871842666,39.815218113633485,38.240288
2026-01-01 03:04:10+00:00,PMP-19,39.71,33.709705645902275,39.58460985240734,37.62603
2026-01-01 03:04:20+00:00,PMP-19,37.75,34.73235496641028,38.06229811132762,37.88626
2026-01-01 03:04:30+00:00,PMP-19,38.23,34.49154126978691,38.23881418820137,38.049156
2026-01-01 03:04:40+00:00,PMP-19,38.51,34.7228277868913,38.392061788601936,38.241024
2026-01-01 03:04:50+00:00,PMP-19,38.07,34.39451432769923,38.29575865903025,38.189964
2026-01-01 03:05:00+00:00,PMP-19,37.13,33.09772338574551,37.35360821118715,38.05757
2026-01-01 03:05:10+00:00,PMP-19,37.63,33.34928931066821,37.67951650574278,37.16647
2026-01-01 03:05:20+00:00,PMP-19,39.07,33.6470654149231,37.95651486754004,36.67332
2026-01-01 03:05:30+00:00,PMP-19,34.88,32.15703793193536,36.044117556197115,35.462757
2026-01-01 03:05:40+00:00,PMP-19,36.34,32.06475471618012,36.21256655226677,36.42376
2026-01-01 03:05:50+00:00,PMP-19,36.7,32.32735020214353,36.42038194161359,36.35946
2026-01-01 03:06:00+00:00,PMP-19,34.09,31.22340052699323,35.271413550022416,36.220554
2026-01-01 03:06:10+00:00,PMP-19,35.64,31.00911337857778,35.56720312111369,36.464268
2026-01-01 03:06:20+00:00,PMP-19,36.72,31.65425563895772,35.97389573657013,36.3856
2026-01-01 03:06:30+00:00,PMP-19,35.07,31.120183885453685,34.99976083502951,36.13494
2026-01-01 03:06:40+00:00,PMP-19,33.92,29.880026665405737,34.6734272594529,35.329617
2026-01-01 03:06:50+00:00,PMP-19,35.73,29.83780350485455,35.53207155350616,36.246433
2026-01-01 03:07:00+00:00,PMP-19,36.3,29.36592954215935,35.5974810854834,35.548107
2026-01-01 03:07:10+00:00,PMP-19,36.1,29.38085059563575,35.208512097599375,35.53544
2026-01-01 03:07:20+00:00,PMP-19,33.9,30.126734261462815,34.76509881973459,35.351017
2026-01-01 03:07:30+00:00,PMP-19,34.74,30.82174703182889,34.82522920688491,35.601376
2026-01-01 03:07:40+00:00,PMP-19,36.65,29.148257509299974,35.75568818732178,35.245495
2026-01-01 03:07:50+00:00,PMP-19,34.95,29.064938855015626,34.67845953360137,35.287407
2026-01-01 03:08:00+00:00,PMP-19,33.81,29.155940222882784,34.57961442005544,34.798782
2026-01-01 03:08:10+00:00,PMP-19,34.26,29.40470841719892,34.437840535709555,35.139496
2026-01-01 03:08:20+00:00,PMP-19,35.32,28.464700329623696,34.567815857812064,35.25393
2026-01-01 03:08:30+00:00,PMP-19,34.64,28.917695923776463,34.326163190135276,34.725037
2026-01-01 03:08:40+00:00,PMP-19,32.71,28.004890149425208,32.86560811895231,33.037228
2026-01-01 03:08:50+00:00,PMP-19,33.41,26.93169777137772,33.0766849789053,33.009655
2026-01-01 03:09:00+00:00,PMP-19,32.02,27.740617521038885,32.612319920063086,32.698307
2026-01-01 03:09:10+00:00,PMP-19,31.74,27.15492287154899,32.253168577997535,32.66335
2026-01-01 03:09:20+00:00,PMP-19,32.86,28.434368973882613,33.27746649313776,34.053104
2026-01-01 03:09:30+00:00,PMP-19,34.83,29.11115011354699,33.99525578855235,34.314674
2026-01-01 03:09:40+00:00,PMP-19,34.41,28.5836087793505,33.37411979670811,32.61152
2026-01-01 03:09:50+00:00,PMP-19,33.21,27.513287625937913,33.03907538591302,32.960194
2026-01-01 03:10:00+00:00,PMP-19,32.5,28.336699846154232,32.40215132422633,32.59654
2026-01-01 03:10:10+00:00,PMP-19,33.42,27.923558270301392,32.82842334938473,32.755177
2026-01-01 03:10:20+00:00,PMP-19,31.71,27.297442182151883,31.88441563750101,32.75893
2026-01-01 03:10:30+00:00,PMP-19,32.01,27.011933775955235,31.86021082505215,32.000156
2026-01-01 03:10:40+00:00,PMP-19,31.94,26.425163880250764,31.49636317966199,31.96654
2026-01-01 03:10:50+00:00,PMP-19,32.12,24.225248968517505,31.755754907536538,32.055737
2026-01-01 03:11:00+00:00,PMP-19,31.38,24.282613074519247,31.044965860990875,30.358389
2026-01-01 03:11:10+00:00,PMP-19,30.4,24.44816417903605,30.62334873136124,29.924297
2026-01-01 03:11:20+00:00,PMP-19,29.22,24.799467705353223,30.152271249259993,30.036411
2026-01-01 03:11:30+00:00,PMP-19,31.39,24.84722196392093,30.906206186868683,30.083834
2026-01-01 03:11:40+00:00,PMP-19,30.45,24.473795437468297,30.300438132610836,29.600414
2026-01-01 03:11:50+00:00,PMP-19,29.99,25.619352717341243,29.95434648425918,29.447063
2026-01-01 03:12:00+00:00,PMP-19,30.02,25.865848383157143,30.146696630918075,29.40328
2026-01-01 03:12:10+00:00,PMP-19,30.67,26.314539288050753,30.75198503655387,29.652218
2026-01-01 03:12:20+00:00,PMP-19,30.54,26.697429684821223,30.12007403073234,29.393747
2026-01-01 03:12:30+00:00,PMP-19,29.06,26.32721383820804,29.695723975647432,29.244728
2026-01-01 03:12:40+00:00,PMP-19,30.71,26.252489116227082,30.521945661431232,29.503632
2026-01-01 03:12:50+00:00,PMP-19,31.23,25.709340204903995,30.330822599134063,29.542385
2026-01-01 03:13:00+00:00,PMP-19,30.12,25.354436800115366,29.536988142376387,29.395962
2026-01-01 03:13:10+00:00,PMP-19,28.01,24.73872295526226,28.393415367255244,28.526453
2026-01-01 03:13:20+00:00,PMP-19,27.89,23.499004043632972,28.18836585590356,28.466482
2026-01-01 03:13:30+00:00,PMP-19,29.1,24.09812096873887,28.587747880538192,28.856201
2026-01-01 03:13:40+00:00,PMP-19,27.08,23.24438956144696,27.937210138719724,28.30037
2026-01-01 03:13:50+00:00,PMP-19,29.5,22.18506651095263,28.72056237569769,28.580046
2026-01-01 03:14:00+00:00,PMP-19,29.27,21.579122260799743,28.322875355683088,28.300879
2026-01-01 03:14:10+00:00,PMP-19,30.96,23.053024789503098,29.13645599076451,28.812346
2026-01-01 03:14:20+00:00,PMP-19,26.51,22.431777778026017,27.90806545040369,28.057293
2026-01-01 03:14:30+00:00,PMP-19,29.45,23.119895940238194,28.631449551579625,27.42069
2026-01-01 03:14:40+00:00,PMP-19,29.09,21.470132204929598,28.611569278477994,27.350338
2026-01-01 03:14:50+00:00,PMP-19,25.86,21.366916606949715,26.707834817730582,26.463402
2026-01-01 03:15:00+00:00,PMP-19,27.95,21.69312715768109,27.745647055250036,26.892931
2026-01-01 03:15:10+00:00,PMP-19,27.33,21.13165083489865,27.55044403620157,27.018732
2026-01-01 03:15:20+00:00,PMP-19,26.41,21.206603143385138,27.39216815769345,26.847805
2026-01-01 03:15:30+00:00,PMP-19,26.07,21.938101335332163,26.851541181783176,27.007908
2026-01-01 03:15:40+00:00,PMP-19,26.49,21.06179494363137,26.846669152974215,26.832537
2026-01-01 03:15:50+00:00,PMP-19,28.84,21.066310083348768,27.939200346731717,26.834135
2026-01-01 03:16:00+00:00,PMP-19,27.55,19.98959672674512,27.74757257658476,26.634855
2026-01-01 03:16:10+00:00,PMP-19,28.22,21.130480657073832,27.937671225112584,26.584055
2026-01-01 03:16:20+00:00,PMP-19,29.08,20.784067978936875,27.414653343827226,27.185898
2026-01-01 03:16:30+00:00,PMP-19,25.98,22.778867680531107,26.06159615606129,26.20998
2026-01-01 03:16:40+00:00,PMP-19,22.53,21.238179106105278,24.161962194258,25.951477
2026-01-01 03:16:50+00:00,PMP-19,23.94,20.39508317290749,24.46456799792801,25.451628
2026-01-01 03:17:00+00:00,PMP-19,26.51,20.199442642093402,25.158323153636573,26.107153
2026-01-01 03:17:10+00:00,PMP-19,24.69,20.044506162730457,24.753963016251603,24.303577
2026-01-01 03:17:20+00:00,PMP-19,23.59,19.217196519373232,24.372258977112082,23.85037
2026-01-01 03:17:30+00:00,PMP-19,25.47,19.915514601011623,24.609808567501062,24.038328
2026-01-01 03:17:40+00:00,PMP-19,23.74,18.687746253077663,24.105114066023702,24.074364
2026-01-01 03:17:50+00:00,PMP-19,21.47,19.028568755559505,23.22702910635862,23.73478
2026-01-01 03:18:00+00:00,PMP-19,22.71,18.562675613952834,23.27976946469997,23.910933
2026-01-01 03:18:10+00:00,PMP-19,23.76,18.961003504313084,24.146815879120894,23.95635
2026-01-01 03:18:20+00:00,PMP-19,24.52,19.40583809998178,24.141894022459024,24.353285
2026-01-01 03:18:30+00:00,PMP-19,24.86,18.15671286423867,24.041838608613624,24.316568
2026-01-01 03:18:40+00:00,PMP-19,21.69,17.99341906125079,23.318733837181345,23.813473
2026-01-01 03:18:50+00:00,PMP-19,23.19,16.867660210966434,23.45822368668172,23.808048
2026-01-01 03:19:00+00:00,PMP-19,25.08,16.853920435742467,23.88566197756556,23.882092
2026-01-01 03:19:10+00:00,PMP-19,21.82,16.536648844577826,22.58807461851074,23.344044
2026-01-01 03:19:20+00:00,PMP-19,22.79,16.429824724565037,22.89669597004105,23.648499
2026-01-01 03:19:30+00:00,PMP-19,22.23,17.130226096450613,22.571470917320063,23.22738
2026-01-01 03:19:40+00:00,PMP-19,22.59,17.78325253152981,22.630739001239068,23.74522
2026-01-01 03:19:50+00:00,PMP-19,21.84,17.227590061857413,22.238991227197257,22.991486
2026-01-01 03:20:00+00:00,PMP-19,21.12,16.426195797711614,22.554798804993524,23.049654
2026-01-01 03:20:10+00:00,PMP-19,19.75,16.792634428557605,22.596998274106024,23.047318
2026-01-01 03:20:20+00:00,PMP-19,22.47,17.18818540979811,22.576273040593193,23.244497
2026-01-01 03:20:30+00:00,PMP-19,20.64,16.18538777242496,22.33442804926146,23.55311
2026-01-01 03:20:40+00:00,PMP-19,21.28,15.970201934943177,22.68173886268314,23.270382
2026-01-01 03:20:50+00:00,PMP-19,21.59,15.497729673945145,22.42488607354776,23.074617
2026-01-01 03:21:00+00:00,PMP-19,21.45,16.154889921537276,22.29011658338712,23.149715
2026-01-01 03:21:10+00:00,PMP-19,21.34,14.97895179858132,22.212279487919716,23.242687
2026-01-01 03:21:20+00:00,PMP-19,23.09,13.776654437405185,22.62447208651396,23.410797
2026-01-01 03:21:30+00:00,PMP-19,22.38,13.609901157033931,22.60008930431939,23.169344
2026-01-01 03:21:40+00:00,PMP-19,22.14,13.705325180845463,22.661390067880767,23.176067
2026-01-01 03:21:50+00:00,PMP-19,22.15,14.012798754300746,22.67987450939636,22.71363
2026-01-01 03:22:00+00:00,PMP-19,24.42,14.594198092326423,22.447358647454024,22.977013
2026-01-01 03:22:10+00:00,PMP-19,22.54,13.456438625779882,22.0947729682007,22.729166
2026-01-01 03:22:20+00:00,PMP-19,24.9,14.953789080323872,22.37767303796083,22.841429
2026-01-01 03:22:30+00:00,PMP-19,20.9,14.211696605824685,22.593396381017307,22.995438
2026-01-01 03:22:40+00:00,PMP-19,21.62,13.566212568857239,22.660614064993048,23.121378
2026-01-01 03:22:50+00:00,PMP-19,22.52,14.193058411014093,22.433921919187913,22.860786
2026-01-01 03:23:00+00:00,PMP-19,24.54,14.729795155930631,22.758913915746984,23.246971
2026-01-01 03:23:10+00:00,PMP-19,23.25,14.664573742976728,22.41299248441693,23.059534
2026-01-01 03:23:20+00:00,PMP-19,24.0,15.363016884959833,22.25375931147814,23.435896
2026-01-01 03:23:30+00:00,PMP-19,23.87,15.32949937995923,22.681781982127408,22.869957
2026-01-01 03:23:40+00:00,PMP-19,21.53,14.464980877979727,22.312627273939608,22.611967
2026-01-01 03:23:50+00:00,PMP-19,20.61,15.821813008548176,22.480314799897343,23.248379
2026-01-01 03:24:00+00:00,PMP-19,20.6,15.25737227877103,22.50645687422734,22.81036
2026-01-01 03:24:10+00:00,PMP-19,22.66,15.417513791032135,22.603684711246544,23.02754
2026-01-01 03:24:20+00:00,PMP-19,23.18,14.802978728698989,22.52623515032494,22.928844
2026-01-01 03:24:30+00:00,PMP-19,22.48,13.664716896287445,22.352906866856557,22.664442
2026-01-01 03:24:40+00:00,PMP-19,21.44,14.028920219022723,22.634837842972132,22.784424
2026-01-01 03:24:50+00:00,PMP-19,24.12,13.448029459091117,22.615056928041085,22.750036
2026-01-01 03:25:00+00:00,PMP-19,23.61,14.674610327493369,22.528277362891192,23.060385
2026-01-01 03:25:10+00:00,PMP-19,23.43,15.083112939302566,22.289535396573513,23.107117
2026-01-01 03:25:20+00:00,PMP-19,22.84,13.760353606617016,22.241937562429545,23.332628
2026-01-01 03:25:30+00:00,PMP-19,25.13,13.11281094681273,22.220720280855332,23.032791
2026-01-01 03:25:40+00:00,PMP-19,23.0,12.52338090276389,22.556492995948478,23.137129
2026-01-01 03:25:50+00:00,PMP-19,22.66,12.812930383934969,22.253875808575454,23.128815
2026-01-01 03:26:00+00:00,PMP-19,23.9,13.547787384168942,22.29825367400284,22.817099
2026-01-01 03:26:10+00:00,PMP-19,21.75,13.42232099220304,22.46672488599371,22.898163
2026-01-01 03:26:20+00:00,PMP-19,22.17,13.897504919675342,22.724839531879354,22.741053
2026-01-01 03:26:30+00:00,PMP-19,24.54,14.512151456096518,22.443138087250794,22.838564
2026-01-01 03:26:40+00:00,PMP-19,21.41,14.624293304987987,22.312133334611364,22.73696
2026-01-01 03:26:50+00:00,PMP-19,22.16,14.620008542727874,22.62507112338886,23.245655
2026-01-01 03:27:00+00:00,PMP-19,19.82,14.793706296803279,22.58736079962106,22.570436
2026-01-01 03:27:10+00:00,PMP-19,21.93,15.387663444302333,22.59910895700341,22.702702
2026-01-01 03:27:20+00:00,PMP-19,20.94,15.412555831336775,22.664144295529432,22.607157
2026-01-01 03:27:30+00:00,PMP-19,21.76,14.754616480995722,22.206211366013168,22.321087
2026-01-01 03:27:40+00:00,PMP-19,22.15,14.122012602612685,22.521470914713543,22.546862
2026-01-01 03:27:50+00:00,PMP-19,24.81,14.114725302369223,22.134922311746685,22.40261
2026-01-01 03:28:00+00:00,PMP-19,23.5,13.852746314035457,22.450733815595118,22.577126
2026-01-01 03:28:10+00:00,PMP-19,20.41,15.625710377316196,22.353436125378643,22.484528
2026-01-01 03:28:20+00:00,PMP-19,22.92,15.40020431917273,21.930405654879994,22.780874
2026-01-01 03:28:30+00:00,PMP-19,22.88,15.32530047656222,22.311789833159317,22.882717
2026-01-01 03:28:40+00:00,PMP-19,23.22,13.354438855116982,22.155561562601182,22.457361
2026-01-01 03:28:50+00:00,PMP-19,20.72,13.63631880153389,22.49127558525157,22.434914
2026-01-01 03:29:00+00:00,PMP-19,23.27,14.007520679724522,22.61008720534147,22.607136
2026-01-01 03:29:10+00:00,PMP-19,23.77,14.05777733378558,22.605800113244413,22.856888
2026-01-01 03:29:20+00:00,PMP-19,0.18,0.0,0.767319846357346,2.8927915
2026-01-01 03:29:30+00:00,PMP-19,0.0,0.0,0.8444319005994004,3.9757419
2026-01-01 03:29:40+00:00,PMP-19,0.0,0.0,0.8275898482998485,0.50350845
2026-01-01 03:29:50+00:00,PMP-19,1.15,0.0,0.9768202583527583,0.0
2026-01-01 03:30:00+00:00,PMP-19,0.0,0.0,0.8152923540348536,0.0
2026-01-01 03:30:10+00:00,PMP-19,0.43,0.0,0.5707553206053206,0.0
2026-01-01 03:30:20+00:00,PMP-19,2.27,0.0,0.45593357503607546,0.0
2026-01-01 03:30:30+00:00,PMP-19,1.43,0.0,0.5841559212084213,0.0
2026-01-01 03:30:40+00:00,PMP-19,1.0,0.0,0.44265593674843673,0.0
2026-01-01 03:30:50+00:00,PMP-19,0.0,0.0,0.8489210906685912,0.6622932
2026-01-01 03:31:00+00:00,PMP-19,0.4,0.0,0.687709485329486,0.46019232
2026-01-01 03:31:10+00:00,PMP-19,0.42,0.0,0.5692630212380214,0.9571505
2026-01-01 03:31:20+00:00,PMP-19,2.07,0.0,0.5413951973951971,0.37621796
2026-01-01 03:31:30+00:00,PMP-19,1.78,0.0,0.4585319966144965,0.91871065
2026-01-01 03:31:40+00:00,PMP-19,0.21,0.0,0.47416804129389417,0.19722512
2026-01-01 03:31:50+00:00,PMP-19,0.58,0.0,0.5521502519536053,0.0
2026-01-01 03:32:00+00:00,PMP-19,0.0,0.0,0.6106845572020574,0.62771624
2026-01-01 03:32:10+00:00,PMP-19,0.25,0.0,0.8001455362063896,1.1800348
2026-01-01 03:32:20+00:00,PMP-19,2.35,0.0,0.8049950209975214,1.3206809
2026-01-01 03:32:30+00:00,PMP-19,0.0,0.0,9.550975160533921,44.199142
2026-01-01 03:32:40+00:00,PMP-19,0.4,0.0,2.8842204597254604,1.3465914
2026-01-01 03:32:50+00:00,PMP-19,0.0,0.0,0.38732416555461197,1.2442153
2026-01-01 03:33:00+00:00,PMP-19,0.12,0.0,0.24394779786632714,0.9154447
2026-01-01 03:33:10+00:00,PMP-19,0.0,0.0,0.30636866616191644,1.2405467
2026-01-01 03:33:20+00:00,PMP-19,0.0,0.0,0.5167473263374684,1.1796935
2026-01-01 03:33:30+00:00,PMP-19,0.0,0.0,0.5675268694083694,1.2885382
2026-01-01 03:33:40+00:00,PMP-19,0.17,0.0,0.6761630325939936,1.1576356
2026-01-01 03:33:50+00:00,PMP-19,0.0,0.0,0.740205672333883,1.1538198
2026-01-01 03:34:00+00:00,PMP-19,0.4,0.0,0.5225441898778607,1.2846754
2026-01-01 03:34:10+00:00,PMP-19,0.0,0.0,0.3062319194854496,1.3639412
2026-01-01 03:34:20+00:00,PMP-19,0.12,0.0,0.5978203424078182,1.2122658
2026-01-01 03:34:30+00:00,PMP-19,0.0,0.0,0.5268890229614441,0.8324536
2026-01-01 03:34:40+00:00,PMP-19,0.0,0.0,0.582339508473234,0.7454236
2026-01-01 03:34:50+00:00,PMP-19,2.22,0.0,0.5323494823057624,0.989085
2026-01-01 03:35:00+00:00,PMP-19,0.0,0.0,9.377955539923038,45.247982
2026-01-01 03:35:10+00:00,PMP-19,1.8,0.0,0.2492267098524058,0.48199424
2026-01-01 03:35:20+00:00,PMP-19,0.0,0.0,0.1548357159309163,0.22367682
2026-01-01 03:35:30+00:00,PMP-19,1.3,0.0,0.27930695257842225,0.39871565
2026-01-01 03:35:40+00:00,PMP-19,0.68,0.0,0.4172651514235925,0.31788346
2026-01-01 03:35:50+00:00,PMP-19,2.29,0.0,0.23328583727795055,0.40983218
2026-01-01 03:36:00+00:00,PMP-19,0.0,0.0,0.5253043499340606,0.20233521
2026-01-01 03:36:10+00:00,PMP-19,0.85,0.0,0.476092546435659,0.36994138
2026-01-01 03:36:20+00:00,PMP-19,2.3,0.0,0.4096037756935788,0.44279888
2026-01-01 03:36:30+00:00,PMP-19,0.0,0.0,0.5539937644236855,0.92511237
2026-01-01 03:36:40+00:00,PMP-19,0.65,0.0,0.48126872706171203,0.6477564
2026-01-01 03:36:50+00:00,PMP-19,0.0,0.0,0.6697026722043831,0.9351089
2026-01-01 03:37:00+00:00,PMP-19,0.0,0.0,1.092669434830646,0.72888225
2026-01-01 03:37:10+00:00,PMP-19,3.13,0.0,0.4189969660749899,0.63837886
2026-01-01 03:37:20+00:00,PMP-19,0.12,0.0,0.4437289707411291,1.3251866
2026-01-01 03:37:30+00:00,PMP-19,0.84,0.0,0.450014510315933,1.2055371
2026-01-01 03:37:40+00:00,PMP-19,65.44,13.627408915318156,45.86498411856663,59.277313
2026-01-01 03:37:50+00:00,PMP-19,63.9,23.566770167763785,56.60569189159606,60.898167
2026-01-01 03:38:00+00:00,PMP-19,63.71,31.13434697623591,61.70379078954994,61.225117
2026-01-01 03:38:10+00:00,PMP-19,65.5,37.648202753172015,63.04981687008981,63.796314
2026-01-01 03:38:20+00:00,PMP-19,64.37,42.45267785587149,63.49934481717975,66.48771
2026-01-01 03:38:30+00:00,PMP-19,65.69,47.21165828326912,63.768496973264455,67.696144
2026-01-01 03:38:40+00:00,PMP-19,63.44,51.17772766201435,64.61126674442845,67.266846
2026-01-01 03:38:50+00:00,PMP-19,65.69,54.47425905596621,64.99993562170829,66.474
2026-01-01 03:39:00+00:00,PMP-19,64.29,57.674267220685266,65.65072727535721,70.47008
2026-01-01 03:39:10+00:00,PMP-19,63.67,59.14095387851132,70.25550881188254,77.00636
2026-01-01 03:39:20+00:00,PMP-19,65.89,60.95544018524423,75.31766118792065,79.654854
2026-01-01 03:39:30+00:00,PMP-19,63.91,62.77927572005376,77.89264463287397,82.43838
2026-01-01 03:39:40+00:00,PMP-19,64.31,64.42135866710092,85.89527414907482,98.97195
2026-01-01 03:39:50+00:00,PMP-19,65.39,64.3018546621399,99.35855290201748,99.02442
2026-01-01 03:40:00+00:00,PMP-19,64.96,63.71309542438576,97.10667284908483,98.631775
2026-01-01 03:40:10+00:00,PMP-19,66.5,64.18578951594415,99.25760910895762,99.19303
2026-01-01 03:40:20+00:00,PMP-19,66.65,64.95331426350673,97.121798449334,99.1437
2026-01-01 03:40:30+00:00,PMP-19,62.88,64.92079019131127,99.50755122885245,99.268486
2026-01-01 03:40:40+00:00,PMP-19,65.97,65.49038689470764,99.50731693168174,99.22518
2026-01-01 03:40:50+00:00,PMP-19,66.45,67.28555500585682,99.50642106319641,99.239685
2026-01-01 03:41:00+00:00,PMP-19,67.3,68.75729442661064,99.42670462936265,98.875435
2026-01-01 03:41:10+00:00,PMP-19,64.55,67.2318683810488,99.45103850060087,98.84489
2026-01-01 03:41:20+00:00,PMP-19,65.37,67.85452089603947,99.50749770978354,98.93138
2026-01-01 03:41:30+00:00,PMP-19,62.93,67.64611410764331,99.50732609185867,98.957146
2026-01-01 03:41:40+00:00,PMP-19,65.31,68.40380961467923,99.50786860868841,98.931885
2026-01-01 03:41:50+00:00,PMP-19,100.0,79.35592214563806,87.323519930191,99.091484
2026-01-01 03:42:00+00:00,PMP-19,100.0,83.60158369748248,87.97994137363007,99.35836
2026-01-01 03:42:10+00:00,PMP-19,100.0,86.87962700341083,87.97994137363007,99.227684
2026-01-01 03:42:20+00:00,PMP-19,100.0,90.58207055113442,87.97994137363007,97.34546
2026-01-01 03:42:30+00:00,PMP-19,99.49,90.96537969466434,87.8359682708468,97.868324
2026-01-01 03:42:40+00:00,PMP-19,98.9,92.87162776009826,88.02698123911897,97.85541
2026-01-01 03:42:50+00:00,PMP-19,97.6,93.73597163982859,88.030012512721,97.90114
2026-01-01 03:43:00+00:00,PMP-19,100.0,94.8960244052866,88.0287869479956,97.85094
2026-01-01 03:43:10+00:00,PMP-19,99.83,95.8121530438292,99.44992098295238,97.78804
2026-01-01 03:43:20+00:00,PMP-19,99.1,96.07075551893712,97.16479297130364,97.65124
2026-01-01 03:43:30+00:00,PMP-19,99.35,97.20993004333162,99.48189841401363,97.80808
2026-01-01 03:43:40+00:00,PMP-19,99.73,97.38550753845426,99.4705262045362,97.73152
2026-01-01 03:43:50+00:00,PMP-19,100.0,98.27870046763236,99.50652965766736,98.04356
2026-01-01 03:44:00+00:00,PMP-19,97.82,98.30916488590589,99.46648584168452,97.85515
2026-01-01 03:44:10+00:00,PMP-19,100.0,99.21862815005652,99.50660012178867,98.003975
2026-01-01 03:44:20+00:00,PMP-19,100.0,100.0,99.50660012178867,98.01372
2026-01-01 03:44:30+00:00,PMP-19,100.0,99.67619772406456,99.5005206935982,97.97237
2026-01-01 03:44:40+00:00,PMP-19,100.0,99.70930527041932,99.49760809877725,98.64242
2026-01-01 03:44:50+00:00,PMP-19,100.0,99.76786893624687,99.50540588584721,98.75301
2026-01-01 03:45:00+00:00,PMP-19,99.43,100.0,99.50681841702225,98.72927
2026-01-01 03:45:10+00:00,PMP-19,100.0,100.0,99.50522463400873,98.732056
2026-01-01 03:45:20+00:00,PMP-19,100.0,100.0,99.50722753507415,98.80719
2026-01-01 03:45:30+00:00,PMP-19,98.82,100.0,99.50684692480084,99.45708
2026-01-01 03:45:40+00:00,PMP-19,98.29,100.0,99.50512120631984,99.46116
2026-01-01 03:45:50+00:00,PMP-19,100.0,100.0,99.50430704698289,99.50312
2026-01-01 03:46:00+00:00,PMP-19,99.15,100.0,99.50881103977504,99.5792
2026-01-01 03:46:10+00:00,PMP-19,100.0,100.0,99.50321988676865,99.44189
2026-01-01 03:46:20+00:00,PMP-19,99.54,100.0,99.50364507140472,99.49001
2026-01-01 03:46:30+00:00,PMP-19,99.94,100.0,99.50442268327009,99.55203
2026-01-01 03:46:40+00:00,PMP-19,99.58,100.0,99.50215872559204,99.5137
2026-01-01 03:46:50+00:00,PMP-19,100.0,100.0,99.49466614000552,99.4544
2026-01-01 03:47:00+00:00,PMP-19,99.46,100.0,99.50594638383215,99.487854
2026-01-01 03:47:10+00:00,PMP-19,99.6,100.0,98.84604056559849,99.41202
2026-01-01 03:47:20+00:00,PMP-19,99.91,100.0,99.48546023085542,99.45127
2026-01-01 03:47:30+00:00,PMP-19,98.76,100.0,99.50465739158844,99.52201
2026-01-01 03:47:40+00:00,PMP-19,99.55,100.0,99.50348641524961,99.50501
2026-01-01 03:47:50+00:00,PMP-19,100.0,100.0,99.50428544645993,99.53396
2026-01-01 03:48:00+00:00,PMP-19,100.0,100.0,99.50302961387357,99.51065
2026-01-01 03:48:10+00:00,PMP-19,100.0,100.0,99.50208307009247,99.53686
2026-01-01 03:48:20+00:00,PMP-19,99.67,100.0,99.50128649097744,99.455025
2026-01-01 03:48:30+00:00,PMP-19,100.0,100.0,99.46809190599073,99.60199
2026-01-01 03:48:40+00:00,PMP-19,100.0,100.0,99.50320504106801,99.45465
2026-01-01 03:48:50+00:00,PMP-19,100.0,100.0,99.50508509316722,99.36924
2026-01-01 03:49:00+00:00,PMP-19,99.16,100.0,99.50069277189297,99.47782
2026-01-01 03:49:10+00:00,PMP-19,100.0,100.0,99.50090314355603,99.45454
2026-01-01 03:49:20+00:00,PMP-19,100.0,100.0,99.50322874487772,99.52332
2026-01-01 03:49:30+00:00,PMP-19,100.0,100.0,99.50238906025828,99.51127
2026-01-01 03:49:40+00:00,PMP-19,98.41,100.0,99.50365698695084,99.55378
2026-01-01 03:49:50+00:00,PMP-19,99.44,100.0,99.50327730603394,99.58555
2026-01-01 03:50:00+00:00,PMP-19,100.0,100.0,99.50229923634632,99.495155
2026-01-01 03:50:10+00:00,PMP-19,99.9,100.0,99.43154120767267,99.57265
2026-01-01 03:50:20+00:00,PMP-19,98.78,100.0,99.50753287076647,99.52156
2026-01-01 03:50:30+00:00,PMP-19,99.78,100.0,99.50417072476016,99.51072
2026-01-01 03:50:40+00:00,PMP-19,100.0,100.0,99.5063549167756,99.53638
2026-01-01 03:50:50+00:00,PMP-19,99.83,100.0,99.43170620184614,99.435074
2026-01-01 03:51:00+00:00,PMP-19,99.31,100.0,99.5064135745251,99.43627
2026-01-01 03:51:10+00:00,PMP-19,100.0,100.0,99.50651128600181,99.48476
2026-01-01 03:51:20+00:00,PMP-19,99.25,100.0,99.50594743005576,99.526276
2026-01-01 03:51:30+00:00,PMP-19,99.04,100.0,99.505110900532,99.536354
2026-01-01 03:51:40+00:00,PMP-19,100.0,100.0,99.50526891308844,99.51118
2026-01-01 03:51:50+00:00,PMP-19,100.0,100.0,99.50380356363023,99.512375
2026-01-01 03:52:00+00:00,PMP-19,99.81,100.0,99.50365803317445,99.51794
2026-01-01 03:52:10+00:00,PMP-19,99.15,100.0,99.50390483618662,99.55469
2026-01-01 03:52:20+00:00,PMP-19,99.09,100.0,99.5029879557466,99.541954
2026-01-01 03:52:30+00:00,PMP-19,99.39,100.0,99.50364807420978,99.51857
2026-01-01 03:52:40+00:00,PMP-19,100.0,100.0,99.5024121163159,99.49954
2026-01-01 03:52:50+00:00,PMP-19,98.36,100.0,99.42991001941792,99.47799
2026-01-01 03:53:00+00:00,PMP-19,99.69,100.0,99.50447384002183,99.1433
2026-01-01 03:53:10+00:00,PMP-19,99.35,100.0,99.50621791995684,98.98787
2026-01-01 03:53:20+00:00,PMP-19,98.53,100.0,99.50423315166917,98.346565
2026-01-01 03:53:30+00:00,PMP-19,100.0,100.0,99.50499414775493,99.27489
2026-01-01 03:53:40+00:00,PMP-19,98.45,100.0,99.5059237600241,99.45727
2026-01-01 03:53:50+00:00,PMP-19,98.29,100.0,99.42845485791253,99.257164
2026-01-01 03:54:00+00:00,PMP-19,99.68,100.0,99.50497552831501,99.49192
2026-01-01 03:54:10+00:00,PMP-19,99.32,100.0,99.50485064922682,99.38269
2026-01-01 03:54:20+00:00,PMP-19,98.78,100.0,99.50161036487826,99.37649
2026-01-01 03:54:30+00:00,PMP-19,98.66,100.0,99.50151025814053,99.397026
2026-01-01 03:54:40+00:00,PMP-19,99.78,100.0,99.50389099535268,99.38046
2026-01-01 03:54:50+00:00,PMP-19,100.0,100.0,99.49865848801203,99.47071
2026-01-01 03:55:00+00:00,PMP-19,99.73,100.0,99.50694678846973,99.509254
2026-01-01 03:55:10+00:00,PMP-19,100.0,100.0,99.50267636934558,99.34208
2026-01-01 03:55:20+00:00,PMP-19,98.71,100.0,99.4960480580731,99.40658
2026-01-01 03:55:30+00:00,PMP-19,100.0,100.0,99.50508282836606,99.40602
2026-01-01 03:55:40+00:00,PMP-19,100.0,100.0,99.5034814713374,99.43792
2026-01-01 03:55:50+00:00,PMP-19,99.68,100.0,99.50488756635526,99.525406
2026-01-01 03:56:00+00:00,PMP-19,100.0,100.0,99.50468007752559,99.38765
2026-01-01 03:56:10+00:00,PMP-19,98.9,100.0,99.50554351112179,99.48688
2026-01-01 03:56:20+00:00,PMP-19,100.0,100.0,99.11851997499203,98.47248
2026-01-01 03:56:30+00:00,PMP-19,100.0,100.0,99.50501511205306,99.38382
2026-01-01 03:56:40+00:00,PMP-19,97.43,100.0,99.49131938072111,99.446014
2026-01-01 03:56:50+00:00,PMP-19,100.0,100.0,99.50548825454563,99.37249
2026-01-01 03:57:00+00:00,PMP-19,100.0,100.0,99.50647947316533,99.37669
2026-01-01 03:57:10+00:00,PMP-19,99.4,100.0,99.42823074081208,99.171104
2026-01-01 03:57:20+00:00,PMP-19,96.62,100.0,99.50221022487622,99.484726
2026-01-01 03:57:30+00:00,PMP-19,100.0,100.0,99.50392852307553,99.534706
2026-01-01 03:57:40+00:00,PMP-19,98.28,100.0,99.50348641524961,99.531815
2026-01-01 03:57:50+00:00,PMP-19,99.12,100.0,99.5024570278884,99.458374
2026-01-01 03:58:00+00:00,PMP-19,98.94,100.0,99.50195330874337,99.56767
2026-01-01 03:58:10+00:00,PMP-19,100.0,100.0,99.5027766784526,99.57287
2026-01-01 03:58:20+00:00,PMP-19,99.74,100.0,99.48797743398836,99.558556
2026-01-01 03:58:30+00:00,PMP-19,100.0,100.0,99.5029898907859,99.58985
2026-01-01 03:58:40+00:00,PMP-19,100.0,100.0,99.50463793615828,99.58882
2026-01-01 03:58:50+00:00,PMP-19,97.84,100.0,99.5046419049045,99.52755
2026-01-01 03:59:00+00:00,PMP-19,100.0,100.0,99.49461523307517,99.53302
2026-01-01 03:59:10+00:00,PMP-19,100.0,100.0,99.50608488735928,99.56987
2026-01-01 03:59:20+00:00,PMP-19,100.0,100.0,99.50482202162547,99.53504
2026-01-01 03:59:30+00:00,PMP-19,100.0,100.0,99.15689651751809,98.703575
2026-01-01 03:59:40+00:00,PMP-19,99.6,100.0,99.50731981702613,99.56674
2026-01-01 03:59:50+00:00,PMP-19,100.0,100.0,99.50429389878137,99.53575
2026-01-01 04:00:00+00:00,PMP-19,100.0,100.0,99.504339493334,99.491066
2026-01-01 04:00:10+00:00,PMP-19,100.0,100.0,99.50610374932943,99.529526
2026-01-01 04:00:20+00:00,PMP-19,100.0,100.0,99.50634599881111,99.54088
2026-01-01 04:00:30+00:00,PMP-19,100.0,100.0,99.50546591057687,99.52266
2026-01-01 04:00:40+00:00,PMP-19,100.0,100.0,99.50632309078661,99.526634
2026-01-01 04:00:50+00:00,PMP-19,100.0,100.0,99.5065657642454,99.499985
2026-01-01 04:01:00+00:00,PMP-19,99.37,100.0,99.38465392532613,99.63283
2026-01-01 04:01:10+00:00,PMP-19,98.31,100.0,99.50623653638901,99.54239
2026-01-01 04:01:20+00:00,PMP-19,100.0,100.0,99.5059501496388,99.524086
2026-01-01 04:01:30+00:00,PMP-19,100.0,100.0,99.46484429587917,99.44396
2026-01-01 04:01:40+00:00,PMP-19,99.92,100.0,99.50594003722007,99.526146
2026-01-01 04:01:50+00:00,PMP-19,99.22,100.0,99.50594003722007,99.510605
2026-01-01 04:02:00+00:00,PMP-19,99.78,100.0,99.42855416918081,99.50908
2026-01-01 04:02:10+00:00,PMP-19,100.0,100.0,99.50214058019121,99.546875
2026-01-01 04:02:20+00:00,PMP-19,100.0,100.0,99.50240208372085,99.47492
2026-01-01 04:02:30+00:00,PMP-19,100.0,100.0,99.49852360987414,99.55156
2026-01-01 04:02:40+00:00,PMP-19,97.83,100.0,99.50650117933958,99.52945
2026-01-01 04:02:50+00:00,PMP-19,99.94,100.0,99.50555529983865,99.54957
2026-01-01 04:03:00+00:00,PMP-19,100.0,100.0,99.50554044921313,99.54145
2026-01-01 04:03:10+00:00,PMP-19,100.0,100.0,99.50632674967123,99.55325
2026-01-01 04:03:20+00:00,PMP-19,100.0,100.0,99.5039259899199,99.555016
2026-01-01 04:03:30+00:00,PMP-19,98.51,100.0,99.50155317797396,99.520935
2026-01-01 04:03:40+00:00,PMP-19,99.79,100.0,99.50242840028702,99.45747
2026-01-01 04:03:50+00:00,PMP-19,99.48,100.0,99.50264681940713,99.529655
2026-01-01 04:04:00+00:00,PMP-19,99.26,100.0,99.50300098627217,99.52707
2026-01-01 04:04:10+00:00,PMP-19,100.0,100.0,99.50822003362303,99.549995
2026-01-01 04:04:20+00:00,PMP-19,99.46,100.0,99.50291927786888,99.540375
2026-01-01 04:04:30+00:00,PMP-19,100.0,100.0,99.49602565025262,99.62558
2026-01-01 04:04:40+00:00,PMP-19,99.17,100.0,99.50258705644212,99.52641
2026-01-01 04:04:50+00:00,PMP-19,100.0,100.0,99.50614600910718,99.565834
2026-01-01 04:05:00+00:00,PMP-19,100.0,100.0,99.49862868957558,99.55739
2026-01-01 04:05:10+00:00,PMP-19,99.34,100.0,99.5053175630216,99.540955
2026-01-01 04:05:20+00:00,PMP-19,100.0,100.0,99.50506987086123,99.51038
2026-01-01 04:05:30+00:00,PMP-19,98.84,100.0,99.50548813472285,99.50919
2026-01-01 04:05:40+00:00,PMP-19,100.0,100.0,99.50441216489492,99.55524
2026-01-01 04:05:50+00:00,PMP-19,100.0,100.0,99.50464252957926,99.526535
2026-01-01 04:06:00+00:00,PMP-19,98.73,100.0,99.50645897151153,99.54671
2026-01-01 04:06:10+00:00,PMP-19,100.0,100.0,99.504339493334,99.50546
2026-01-01 04:06:20+00:00,PMP-19,100.0,100.0,99.51437440162509,99.56688
2026-01-01 04:06:30+00:00,PMP-19,99.39,100.0,99.42958693335578,99.4731
2026-01-01 04:06:40+00:00,PMP-19,100.0,100.0,99.50616336197211,99.5447
2026-01-01 04:06:50+00:00,PMP-19,100.0,100.0,99.5067887645872,99.53234
2026-01-01 04:07:00+00:00,PMP-19,99.62,100.0,99.43216079764032,99.49054
2026-01-01 04:07:10+00:00,PMP-19,100.0,100.0,99.50616030507811,99.50911
2026-01-01 04:07:20+00:00,PMP-19,99.33,100.0,99.49691533012815,99.52097
2026-01-01 04:07:30+00:00,PMP-19,100.0,100.0,99.50573101678138,99.41978
2026-01-01 04:07:40+00:00,PMP-19,98.71,100.0,99.49689842021802,99.542274
2026-01-01 04:07:50+00:00,PMP-19,100.0,100.0,99.45125074986908,99.53022
2026-01-01 04:08:00+00:00,PMP-19,100.0,100.0,99.5055318857772,99.52575
2026-01-01 04:08:10+00:00,PMP-19,99.23,100.0,99.50491438821953,99.50344
2026-01-01 04:08:20+00:00,PMP-19,99.02,100.0,99.50597886601714,99.51436
2026-01-01 04:08:30+00:00,PMP-19,100.0,99.53730826120736,99.5053468205502,99.532684
2026-01-01 04:08:40+00:00,PMP-19,99.58,100.0,99.50618788645588,99.44708
2026-01-01 04:08:50+00:00,PMP-19,98.23,100.0,99.50592392537294,99.566895
2026-01-01 04:09:00+00:00,PMP-19,99.66,100.0,99.50557291544797,99.50735
2026-01-01 04:09:10+00:00,PMP-19,98.13,100.0,99.42112610559298,99.61647
2026-01-01 04:09:20+00:00,PMP-19,100.0,100.0,99.5047458012786,99.423546
2026-01-01 04:09:30+00:00,PMP-19,98.75,100.0,99.5057309280044,99.56399
2026-01-01 04:09:40+00:00,PMP-19,98.5,100.0,99.50715365419096,99.54593
2026-01-01 04:09:50+00:00,PMP-19,100.0,100.0,99.50576946551884,99.557495
2026-01-01 00:00:00+00:00,FAN-20,100.0,98.41343211855305,99.49955403862558,99.59718
2026-01-01 00:00:10+00:00,FAN-20,100.0,98.0967140739638,99.38353613356713,99.61839
2026-01-01 00:00:20+00:00,FAN-20,99.51,98.41229773816536,99.49979491549517,99.5356
2026-01-01 00:00:30+00:00,FAN-20,100.0,98.44448013726434,99.49917994448727,99.56053
2026-01-01 00:00:40+00:00,FAN-20,99.21,98.9490944131426,99.48035096038335,99.44508
2026-01-01 00:00:50+00:00,FAN-20,98.45,98.38312779476001,99.47219977492755,99.4342
2026-01-01 00:01:00+00:00,FAN-20,100.0,98.42967237361371,99.49082958809568,99.48633
2026-01-01 00:01:10+00:00,FAN-20,98.94,98.06439019049361,99.49955403862558,99.53589
2026-01-01 00:01:20+00:00,FAN-20,97.43,97.71943072144151,99.49819852777856,99.53228
2026-01-01 00:01:30+00:00,FAN-20,99.07,98.77802994672392,99.49987964348122,99.51886
2026-01-01 00:01:40+00:00,FAN-20,97.11,100.0,99.49790380346658,99.539185
2026-01-01 00:01:50+00:00,FAN-20,100.0,99.26075951716273,99.4796807835441,99.44797
2026-01-01 00:02:00+00:00,FAN-20,99.53,98.62565821370806,99.24566750505623,99.24188
2026-01-01 00:02:10+00:00,FAN-20,100.0,98.35183966923924,99.4896434424268,99.56017
2026-01-01 00:02:20+00:00,FAN-20,100.0,98.6893938282695,99.50079279754337,99.567825
2026-01-01 00:02:30+00:00,FAN-20,100.0,100.0,99.50245985556614,99.66478
2026-01-01 00:02:40+00:00,FAN-20,100.0,100.0,99.50377546939511,99.587975
2026-01-01 00:02:50+00:00,FAN-20,100.0,100.0,99.28741340120462,99.2807
2026-01-01 00:03:00+00:00,FAN-20,98.88,100.0,99.49783185408735,99.57338
2026-01-01 00:03:10+00:00,FAN-20,99.79,99.12003524288414,99.49504445012539,99.59975
2026-01-01 00:03:20+00:00,FAN-20,100.0,98.98453691037217,99.50140028517927,99.5644
2026-01-01 00:03:30+00:00,FAN-20,99.39,99.61138432484954,99.50617093888052,99.58086
2026-01-01 00:03:40+00:00,FAN-20,98.88,100.0,99.50145867988962,99.58283
2026-01-01 00:03:50+00:00,FAN-20,99.19,100.0,99.50123167570183,99.58082
2026-01-01 00:04:00+00:00,FAN-20,98.44,100.0,99.33455515080938,99.22552
2026-01-01 00:04:10+00:00,FAN-20,100.0,100.0,99.49911419841112,99.45851
2026-01-01 00:04:20+00:00,FAN-20,99.73,99.3158200407,99.37878289542574,99.4431
2026-01-01 00:04:30+00:00,FAN-20,100.0,99.42023267669093,99.49867441329927,99.56058
2026-01-01 00:04:40+00:00,FAN-20,99.44,100.0,99.5033598593884,99.547356
2026-01-01 00:04:50+00:00,FAN-20,99.76,100.0,99.49625050983224,99.56746
2026-01-01 00:05:00+00:00,FAN-20,100.0,100.0,99.50424123101588,99.64846
2026-01-01 00:05:10+00:00,FAN-20,99.87,99.48669203542633,99.2735157812571,99.24301
2026-01-01 00:05:20+00:00,FAN-20,100.0,99.40749218292278,99.50067107539056,99.63256
2026-01-01 00:05:30+00:00,FAN-20,100.0,100.0,99.50280084443405,99.543274
2026-01-01 00:05:40+00:00,FAN-20,99.89,100.0,99.5043578443268,99.563545
2026-01-01 00:05:50+00:00,FAN-20,99.75,100.0,99.49650968308981,99.6007
2026-01-01 00:06:00+00:00,FAN-20,100.0,100.0,99.4989672409982,99.58629
2026-01-01 00:06:10+00:00,FAN-20,100.0,100.0,99.50611096431179,99.5831
2026-01-01 00:06:20+00:00,FAN-20,99.35,100.0,99.49630306694958,99.51622
2026-01-01 00:06:30+00:00,FAN-20,99.41,100.0,99.50084020177806,99.5248
2026-01-01 00:06:40+00:00,FAN-20,99.66,100.0,99.4925651927661,99.51399
2026-01-01 00:06:50+00:00,FAN-20,100.0,100.0,99.50264544227444,99.596634
2026-01-01 00:07:00+00:00,FAN-20,98.0,99.5548152537979,99.49449999994768,99.46622
2026-01-01 00:07:10+00:00,FAN-20,100.0,98.8786537662687,99.50232765953174,99.5493
2026-01-01 00:07:20+00:00,FAN-20,99.78,99.22094721021514,99.47452938909524,99.43949
2026-01-01 00:07:30+00:00,FAN-20,99.24,97.86380499833024,99.4746404290084,99.45024
2026-01-01 00:07:40+00:00,FAN-20,100.0,98.49219532327018,99.50733362830005,99.60718
2026-01-01 00:07:50+00:00,FAN-20,99.04,98.32183883968092,99.33645358971211,99.152374
2026-01-01 00:08:00+00:00,FAN-20,98.98,98.25390496081899,99.50553656172468,99.46126
2026-01-01 00:08:10+00:00,FAN-20,99.17,98.94695929675743,99.50684580550707,99.51205
2026-01-01 00:08:20+00:00,FAN-20,98.59,99.71658793167163,99.50642493250155,99.533005
2026-01-01 00:08:30+00:00,FAN-20,100.0,98.76114530885033,99.5053188185071,99.58648
2026-01-01 00:08:40+00:00,FAN-20,100.0,99.53170880564592,99.50604397714376,99.54366
2026-01-01 00:08:50+00:00,FAN-20,99.12,99.90009989758776,99.50600439340572,99.54924
2026-01-01 00:09:00+00:00,FAN-20,98.26,99.10697412822961,99.50802639530464,99.53252
2026-01-01 00:09:10+00:00,FAN-20,99.9,99.51804926612199,99.50768308866864,99.568794
2026-01-01 00:09:20+00:00,FAN-20,98.56,99.20111955518792,99.50705555851594,99.54375
2026-01-01 00:09:30+00:00,FAN-20,98.25,99.12447390982256,99.50722974449154,99.46272
2026-01-01 00:09:40+00:00,FAN-20,98.94,99.08230568952466,99.50678079318243,99.53495
2026-01-01 00:09:50+00:00,FAN-20,100.0,97.45368345945452,99.50522718729549,99.54702
2026-01-01 00:10:00+00:00,FAN-20,100.0,98.56935889188746,99.50743628565648,99.539734
2026-01-01 00:10:10+00:00,FAN-20,100.0,98.32696534887984,99.50768308866864,99.57384
2026-01-01 00:10:20+00:00,FAN-20,100.0,98.32000783459374,99.5072044919905,99.594444
2026-01-01 00:10:30+00:00,FAN-20,100.0,99.01845855253096,99.50943026722415,99.4646
2026-01-01 00:10:40+00:00,FAN-20,99.0,100.0,99.50681200213188,99.57198
2026-01-01 00:10:50+00:00,FAN-20,100.0,99.12630124678404,99.50599674103906,99.68595
2026-01-01 00:11:00+00:00,FAN-20,100.0,99.67981767608877,99.50732213607783,99.60502
2026-01-01 00:11:10+00:00,FAN-20,100.0,98.37535039940353,99.31172783452634,99.118126
2026-01-01 00:11:20+00:00,FAN-20,100.0,97.62087643511848,99.5077526573749,99.560745
2026-01-01 00:11:30+00:00,FAN-20,98.63,98.5048630373866,99.50726867317965,99.54142
2026-01-01 00:11:40+00:00,FAN-20,100.0,98.20249521346327,99.50633315383367,99.53656
2026-01-01 00:11:50+00:00,FAN-20,99.98,97.76274429417184,99.50674355785678,99.55004
2026-01-01 00:12:00+00:00,FAN-20,99.76,97.96704472379518,99.50800806249696,99.53697
2026-01-01 00:12:10+00:00,FAN-20,97.72,96.64142515633462,99.49644582629689,99.50749
2026-01-01 00:12:20+00:00,FAN-20,99.9,98.42106781896635,99.50720119742361,99.5389
2026-01-01 00:12:30+00:00,FAN-20,100.0,98.54767040876908,99.39320076625775,99.2353
2026-01-01 00:12:40+00:00,FAN-20,100.0,99.91624655901852,99.51001155208283,99.54415
2026-01-01 00:12:50+00:00,FAN-20,99.48,99.26853237091947,99.51025542844476,99.560974
2026-01-01 00:13:00+00:00,FAN-20,100.0,99.01536083100184,99.50871659678411,99.554016
2026-01-01 00:13:10+00:00,FAN-20,100.0,98.61624246679348,99.50912136080474,99.560844
2026-01-01 00:13:20+00:00,FAN-20,100.0,99.79184898595975,99.50852755592699,99.51134
2026-01-01 00:13:30+00:00,FAN-20,100.0,98.79046324595089,99.5060438752,99.5134
2026-01-01 00:13:40+00:00,FAN-20,100.0,98.62574711748985,99.50671728812951,99.5311
2026-01-01 00:13:50+00:00,FAN-20,100.0,97.92709902343488,99.50628534562462,99.53288
2026-01-01 00:14:00+00:00,FAN-20,100.0,97.23380446144621,99.50587609009051,99.47629
2026-01-01 00:14:10+00:00,FAN-20,99.34,98.22988568627596,99.50555397082557,99.53515
2026-01-01 00:14:20+00:00,FAN-20,100.0,98.71905173913969,99.507303666337,99.5328
2026-01-01 00:14:30+00:00,FAN-20,100.0,99.812205831828,99.50934488400937,99.554344
2026-01-01 00:14:40+00:00,FAN-20,98.81,99.55309160253648,99.50734985621807,99.572495
2026-01-01 00:14:50+00:00,FAN-20,100.0,99.37074185682094,99.50904703304855,99.559906
2026-01-01 00:15:00+00:00,FAN-20,100.0,99.27677107807098,99.50728329910173,99.53317
2026-01-01 00:15:10+00:00,FAN-20,99.03,98.54263570497281,99.39984521253243,99.17519
2026-01-01 00:15:20+00:00,FAN-20,100.0,97.90063367071767,99.50786680695354,99.54437
2026-01-01 00:15:30+00:00,FAN-20,99.45,96.88647060044046,99.50910917986693,99.52499
2026-01-01 00:15:40+00:00,FAN-20,100.0,97.61434746839544,99.50791921022078,99.563866
2026-01-01 00:15:50+00:00,FAN-20,99.73,97.55267824361586,99.5073572408724,99.563515
2026-01-01 00:16:00+00:00,FAN-20,99.02,96.1467260790833,99.49141456226282,99.55351
2026-01-01 00:16:10+00:00,FAN-20,98.9,95.74801641107885,99.50883764374224,99.5391
2026-01-01 00:16:20+00:00,FAN-20,98.45,96.68360309287738,99.50827885473775,99.567116
2026-01-01 00:16:30+00:00,FAN-20,99.55,96.15357394646635,99.50790534446796,99.60322
2026-01-01 00:16:40+00:00,FAN-20,99.93,96.20994154658226,99.50806824620572,99.59674
2026-01-01 00:16:50+00:00,FAN-20,97.5,95.70003785788332,99.38647765304962,99.09673
2026-01-01 00:17:00+00:00,FAN-20,98.48,95.85176211967533,99.50730338102782,99.56962
2026-01-01 00:17:10+00:00,FAN-20,100.0,96.32323323604672,99.45090642034853,99.69716
2026-01-01 00:17:20+00:00,FAN-20,100.0,96.22915852446451,99.50811701596166,99.58658
2026-01-01 00:17:30+00:00,FAN-20,100.0,95.73545000996904,99.49343985113353,99.62082
2026-01-01 00:17:40+00:00,FAN-20,100.0,95.94594090750566,99.51005286244934,99.60668
2026-01-01 00:17:50+00:00,FAN-20,100.0,95.64412034485319,99.51109330422472,99.55724
2026-01-01 00:18:00+00:00,FAN-20,99.93,96.4329347950488,99.51183024227184,99.58323
2026-01-01 00:18:10+00:00,FAN-20,100.0,96.06608839471356,99.50600375344733,99.53468
2026-01-01 00:18:20+00:00,FAN-20,100.0,96.3007337784191,99.50731105099132,99.51333
2026-01-01 00:18:30+00:00,FAN-20,100.0,95.73092512267216,99.50738486544174,99.52027
2026-01-01 00:18:40+00:00,FAN-20,100.0,96.15998200224001,99.50731105099132,99.54648
2026-01-01 00:18:50+00:00,FAN-20,99.11,93.7738951844109,91.46472481962478,97.098656
2026-01-01 00:19:00+00:00,FAN-20,100.0,93.8751585719714,99.50572549778921,99.531746
2026-01-01 00:19:10+00:00,FAN-20,100.0,95.50075727366634,99.50668076697416,99.60173
2026-01-01 00:19:20+00:00,FAN-20,100.0,95.95443517890328,99.50755546697685,99.56136
2026-01-01 00:19:30+00:00,FAN-20,100.0,96.26536960943855,99.49870033056027,99.57439
2026-01-01 00:19:40+00:00,FAN-20,100.0,97.08420099557826,99.50595119214437,99.59135
2026-01-01 00:19:50+00:00,FAN-20,100.0,96.29705704137922,99.50223528405043,99.626526
2026-01-01 00:20:00+00:00,FAN-20,99.24,96.02302831014539,99.42751878054727,99.5902
2026-01-01 00:20:10+00:00,FAN-20,100.0,97.43029979441363,99.50698127316174,99.506584
2026-01-01 00:20:20+00:00,FAN-20,99.43,97.47210494864534,99.50816444240945,99.5328
2026-01-01 00:20:30+00:00,FAN-20,100.0,97.62420468894909,99.50818561468621,99.63964
2026-01-01 00:20:40+00:00,FAN-20,99.81,97.73795402310463,99.50988720743602,99.57777
2026-01-01 00:20:50+00:00,FAN-20,98.99,98.06784363871375,99.50712532223625,99.56173
2026-01-01 00:21:00+00:00,FAN-20,100.0,98.93961616933888,99.50744415775578,99.52814
2026-01-01 00:21:10+00:00,FAN-20,100.0,99.41884325104095,99.51643138501538,99.62835
2026-01-01 00:21:20+00:00,FAN-20,99.44,98.14690211045408,99.50713541153068,99.55503
2026-01-01 00:21:30+00:00,FAN-20,98.92,100.0,99.50539733828897,99.5372
2026-01-01 00:21:40+00:00,FAN-20,98.7,99.31554674561035,99.50744091050962,99.554016
2026-01-01 00:21:50+00:00,FAN-20,100.0,98.96887774624004,99.50635653980343,99.57325
2026-01-01 00:22:00+00:00,FAN-20,99.05,100.0,99.50712668819719,99.53839
2026-01-01 00:22:10+00:00,FAN-20,100.0,99.37736396458308,99.50688586758552,99.57123
2026-01-01 00:22:20+00:00,FAN-20,98.94,100.0,99.5076294618143,99.54081
2026-01-01 00:22:30+00:00,FAN-20,97.54,98.87519500714761,99.4285991438772,99.397835
2026-01-01 00:22:40+00:00,FAN-20,100.0,98.98446739787886,99.50785913699006,99.56494
2026-01-01 00:22:50+00:00,FAN-20,98.77,98.99686100871894,99.5073697279125,99.53384
2026-01-01 00:23:00+00:00,FAN-20,99.04,97.09501525018266,99.49416224947099,99.55068
2026-01-01 00:23:10+00:00,FAN-20,100.0,97.2264673516592,99.50806824620572,99.55012
2026-01-01 00:23:20+00:00,FAN-20,99.98,95.92667962039809,99.44407232468991,99.49113
2026-01-01 00:23:30+00:00,FAN-20,100.0,95.42168461279267,99.50582644461582,99.54734
2026-01-01 00:23:40+00:00,FAN-20,99.91,95.26845555584548,99.50755908945025,99.58162
2026-01-01 00:23:50+00:00,FAN-20,100.0,95.44727790045887,99.50878749768968,99.585655
2026-01-01 00:24:00+00:00,FAN-20,99.4,95.06395907953213,99.50769899871533,99.55917
2026-01-01 00:24:10+00:00,FAN-20,100.0,95.70181654951824,99.50778316963648,99.58732
2026-01-01 00:24:20+00:00,FAN-20,100.0,96.11540339000607,99.50753702912397,99.548256
2026-01-01 00:24:30+00:00,FAN-20,100.0,96.4081538834021,90.12221587998614,99.503784
2026-01-01 00:24:40+00:00,FAN-20,99.03,96.2300813582558,99.50632124413949,99.506996
2026-01-01 00:24:50+00:00,FAN-20,100.0,96.10818086829288,99.50867913884886,99.55683
2026-01-01 00:25:00+00:00,FAN-20,98.42,96.26591785003106,99.50934370841337,99.52824
2026-01-01 00:25:10+00:00,FAN-20,100.0,96.3530640380237,99.50626461595665,99.523926
2026-01-01 00:25:20+00:00,FAN-20,99.57,96.06956625966357,99.50666170754151,99.45751
2026-01-01 00:25:30+00:00,FAN-20,99.37,96.51093670882527,99.50687081675719,99.50622
2026-01-01 00:25:40+00:00,FAN-20,99.62,95.9368651554172,99.50740814909354,99.48889
2026-01-01 00:25:50+00:00,FAN-20,99.26,96.92474363343882,99.47861033709191,99.35841
2026-01-01 00:26:00+00:00,FAN-20,100.0,96.59763134800266,99.50616878702625,99.487465
2026-01-01 00:26:10+00:00,FAN-20,98.41,97.65268750388188,99.50686394087134,99.503265
2026-01-01 00:26:20+00:00,FAN-20,100.0,96.22777442041324,99.45119715675598,99.52127
2026-01-01 00:26:30+00:00,FAN-20,100.0,96.58957934532899,99.50598871855829,99.49463
2026-01-01 00:26:40+00:00,FAN-20,100.0,97.59325029277514,99.50764931015068,99.50217
2026-01-01 00:26:50+00:00,FAN-20,99.0,98.43142516977613,99.5066489055131,99.48986
2026-01-01 00:27:00+00:00,FAN-20,98.89,98.0882033243256,99.49835525798301,99.48135
2026-01-01 00:27:10+00:00,FAN-20,100.0,97.36712087560379,99.50761846814645,99.542786
2026-01-01 00:27:20+00:00,FAN-20,100.0,97.54081302279901,99.50785151045798,99.57006
2026-01-01 00:27:30+00:00,FAN-20,100.0,97.78075381804564,99.50540748431199,99.516335
2026-01-01 00:27:40+00:00,FAN-20,98.95,97.1790049328001,99.36156760355397,99.4252
2026-01-01 00:27:50+00:00,FAN-20,100.0,98.41218069734451,99.50614085130215,99.532555
2026-01-01 00:28:00+00:00,FAN-20,99.51,96.63396865063069,99.49546672120881,99.514755
2026-01-01 00:28:10+00:00,FAN-20,100.0,96.6297495608533,99.50739181147452,99.49712
2026-01-01 00:28:20+00:00,FAN-20,100.0,97.83414326123156,99.50591552074725,99.53964
2026-01-01 00:28:30+00:00,FAN-20,99.13,97.57937384335528,99.50725354341374,99.54084
2026-01-01 00:28:40+00:00,FAN-20,99.87,97.40981193716523,99.50505331744692,99.49731
2026-01-01 00:28:50+00:00,FAN-20,97.85,97.36891846191341,99.50563877285057,99.50719
2026-01-01 00:29:00+00:00,FAN-20,100.0,96.49238110724392,99.5056938710622,99.51432
2026-01-01 00:29:10+00:00,FAN-20,100.0,97.48372549520673,99.50561162788479,99.487175
2026-01-01 00:29:20+00:00,FAN-20,98.66,97.20400944346632,99.50628270662504,99.488525
2026-01-01 00:29:30+00:00,FAN-20,99.01,97.61421416562631,99.50614085130215,99.51448
2026-01-01 00:29:40+00:00,FAN-20,100.0,97.86360422149806,99.50650204808223,99.48976
2026-01-01 00:29:50+00:00,FAN-20,100.0,97.39589784755668,99.50867913884886,99.55574
2026-01-01 00:30:00+00:00,FAN-20,100.0,97.32565337682664,99.50519149066295,99.44862
2026-01-01 00:30:10+00:00,FAN-20,99.88,98.41554002662542,99.50738341846686,99.49015
2026-01-01 00:30:20+00:00,FAN-20,98.34,98.20340528367002,99.50716578523044,99.5086
2026-01-01 00:30:30+00:00,FAN-20,100.0,98.48586276904084,99.50768299003727,99.5173
2026-01-01 00:30:40+00:00,FAN-20,100.0,98.37682040020789,99.51071074931332,99.60233
2026-01-01 00:30:50+00:00,FAN-20,100.0,97.75345778247922,99.50605613757229,99.5031
2026-01-01 00:31:00+00:00,FAN-20,100.0,96.72187471066623,99.41943337903128,99.81495
2026-01-01 00:31:10+00:00,FAN-20,100.0,97.75656955771461,99.50695574665839,99.4423
2026-01-01 00:31:20+00:00,FAN-20,98.23,97.986213549597,99.50649286206435,99.4891
2026-01-01 00:31:30+00:00,FAN-20,100.0,97.29467134177054,99.50641080751872,99.54349
2026-01-01 00:31:40+00:00,FAN-20,100.0,97.65699357513611,99.50770064969353,99.49061
2026-01-01 00:31:50+00:00,FAN-20,98.84,97.98933010386531,99.50670789742259,99.50421
2026-01-01 00:32:00+00:00,FAN-20,100.0,98.51915514472833,99.50800195282062,99.50346
2026-01-01 00:32:10+00:00,FAN-20,99.04,98.25066426296188,99.50538607162615,99.4568
2026-01-01 00:32:20+00:00,FAN-20,99.92,97.4348589831928,99.42952757583804,99.354454
2026-01-01 00:32:30+00:00,FAN-20,99.6,99.06686486307785,99.50606357376762,99.500145
2026-01-01 00:32:40+00:00,FAN-20,99.72,97.97616130579355,99.50611213492381,99.49907
2026-01-01 00:32:50+00:00,FAN-20,100.0,98.98096968530724,99.5081868114016,99.50839
2026-01-01 00:33:00+00:00,FAN-20,99.64,97.53390714699378,99.50727733820891,99.54912
2026-01-01 00:33:10+00:00,FAN-20,99.83,97.15212243640079,99.43057096415718,99.41474
2026-01-01 00:33:20+00:00,FAN-20,99.43,96.65717202538306,99.50528726598517,99.49305
2026-01-01 00:33:30+00:00,FAN-20,98.87,97.49119012352867,99.50565228227221,99.452995
2026-01-01 00:33:40+00:00,FAN-20,98.93,95.71179649488319,99.43114318059975,99.50438
2026-01-01 00:33:50+00:00,FAN-20,100.0,95.61018451783568,99.49849261357718,99.49585
2026-01-01 00:34:00+00:00,FAN-20,100.0,96.66021845516279,99.50594252867718,99.448456
2026-01-01 00:34:10+00:00,FAN-20,100.0,96.21770787095002,99.5055104534463,99.44773
2026-01-01 00:34:20+00:00,FAN-20,98.09,97.05826001831552,99.50456809112217,99.463165
2026-01-01 00:34:30+00:00,FAN-20,100.0,97.52857530123535,99.50935031527592,99.516075
2026-01-01 00:34:40+00:00,FAN-20,99.86,97.88229411966435,99.50940204442176,99.40723
2026-01-01 00:34:50+00:00,FAN-20,100.0,98.44853705616892,99.510077565466,99.39331
2026-01-01 00:35:00+00:00,FAN-20,100.0,97.90808324610684,99.51023187735812,99.31125
2026-01-01 00:35:10+00:00,FAN-20,99.06,98.71998556206076,99.50854146292949,99.20606
2026-01-01 00:35:20+00:00,FAN-20,98.91,97.7344232020156,99.50831771289302,99.191986
2026-01-01 00:35:30+00:00,FAN-20,100.0,97.21550494178992,99.43026071457373,99.09692
2026-01-01 00:35:40+00:00,FAN-20,97.95,96.27946368038342,99.50557754549662,99.037704
2026-01-01 00:35:50+00:00,FAN-20,98.7,97.16824726464779,99.50492886395804,99.20692
2026-01-01 00:36:00+00:00,FAN-20,100.0,97.25854221879058,99.50535219925301,99.55724
2026-01-01 00:36:10+00:00,FAN-20,100.0,97.50988550162535,99.50732777992705,99.530205
2026-01-01 00:36:20+00:00,FAN-20,97.48,97.958173802942,99.50925439798804,99.45434
2026-01-01 00:36:30+00:00,FAN-20,99.19,97.2575281815737,99.44382242958079,99.49739
2026-01-01 00:36:40+00:00,FAN-20,100.0,96.15447140855582,99.49680772738701,99.5106
2026-01-01 00:36:50+00:00,FAN-20,100.0,97.64948241612507,99.5062974415292,99.51194
2026-01-01 00:37:00+00:00,FAN-20,99.67,97.34851218385761,99.50639641571111,99.537994
2026-01-01 00:37:10+00:00,FAN-20,98.6,97.76289111715607,99.50485086699676,99.490204
2026-01-01 00:37:20+00:00,FAN-20,98.83,98.78895832234487,99.50591518073742,99.47913
2026-01-01 00:37:30+00:00,FAN-20,99.6,98.61179119045221,99.50586794463274,99.47542
2026-01-01 00:37:40+00:00,FAN-20,100.0,98.95705975104808,99.50574356281258,99.48474
2026-01-01 00:37:50+00:00,FAN-20,98.63,99.03383579057878,99.50724496092577,99.46299
2026-01-01 00:38:00+00:00,FAN-20,100.0,98.58810743700391,99.43083611922538,99.50129
2026-01-01 00:38:10+00:00,FAN-20,100.0,97.33740449871354,99.50733647210208,99.50367
2026-01-01 00:38:20+00:00,FAN-20,100.0,98.05545107787874,99.5072236687726,99.47835
2026-01-01 00:38:30+00:00,FAN-20,100.0,98.2282973895583,99.50543984760897,99.50061
2026-01-01 00:38:40+00:00,FAN-20,99.55,97.42484788313632,99.45790599210915,99.464005
2026-01-01 00:38:50+00:00,FAN-20,100.0,97.0104582215499,99.50537841014815,99.479385
2026-01-01 00:39:00+00:00,FAN-20,98.75,97.5114537238914,99.50455081392661,99.45751
2026-01-01 00:39:10+00:00,FAN-20,100.0,97.51463903081401,99.50431582263154,99.481155
2026-01-01 00:39:20+00:00,FAN-20,99.21,95.82326218026611,99.43142550130065,99.56459
2026-01-01 00:39:30+00:00,FAN-20,99.99,97.26447981073014,99.50593124264117,99.47396
2026-01-01 00:39:40+00:00,FAN-20,99.41,97.76888082187595,99.50723054465843,99.51007
2026-01-01 00:39:50+00:00,FAN-20,100.0,98.94783324881628,99.50648064483708,99.51867
2026-01-01 00:40:00+00:00,FAN-20,100.0,99.06581383463777,99.50689530616401,99.52537
2026-01-01 00:40:10+00:00,FAN-20,100.0,98.77924552389436,99.50433473234474,99.47405
2026-01-01 00:40:20+00:00,FAN-20,100.0,97.48872617847505,99.49644447356327,99.49147
2026-01-01 00:40:30+00:00,FAN-20,100.0,97.02444748931741,99.4989468502153,99.50414
2026-01-01 00:40:40+00:00,FAN-20,99.45,96.12059371398492,99.50543997073002,99.46885
2026-01-01 00:40:50+00:00,FAN-20,100.0,95.20228262658928,99.49978967404313,99.48868
2026-01-01 00:41:00+00:00,FAN-20,100.0,94.4236900979404,99.50746197262896,99.544205
2026-01-01 00:41:10+00:00,FAN-20,99.42,94.97371435646585,99.50627965534949,99.48623
2026-01-01 00:41:20+00:00,FAN-20,99.54,94.23833200950162,99.5076325443302,99.51644
2026-01-01 00:41:30+00:00,FAN-20,100.0,95.5266904430672,99.50791828292992,99.45819
2026-01-01 00:41:40+00:00,FAN-20,100.0,96.87325201270971,99.50702790642954,99.49046
2026-01-01 00:41:50+00:00,FAN-20,100.0,97.33075487235546,99.50624236961426,99.52463
2026-01-01 00:42:00+00:00,FAN-20,100.0,96.93230181951313,99.51016377199478,99.55621
2026-01-01 00:42:10+00:00,FAN-20,98.1,96.32837409521314,99.46269826721259,99.47799
2026-01-01 00:42:20+00:00,FAN-20,100.0,96.91066976286689,99.5074940508989,99.510574
2026-01-01 00:42:30+00:00,FAN-20,99.87,98.74000795977037,99.51630629342654,99.56751
2026-01-01 00:42:40+00:00,FAN-20,100.0,98.8744091206126,99.50769154594222,99.51466
2026-01-01 00:42:50+00:00,FAN-20,98.44,99.28005216240601,99.5045752930397,99.43779
2026-01-01 00:43:00+00:00,FAN-20,99.43,98.68536562364494,99.50512299713564,99.50449
2026-01-01 00:43:10+00:00,FAN-20,99.68,99.05656526520762,99.5080925467055,99.46335
2026-01-01 00:43:20+00:00,FAN-20,98.19,98.81375712204301,99.50376529491274,99.44141
2026-01-01 00:43:30+00:00,FAN-20,99.57,98.21906507310854,99.5085064113868,99.60435
2026-01-01 00:43:40+00:00,FAN-20,100.0,99.61993268993476,99.50930644846271,99.56665
2026-01-01 00:43:50+00:00,FAN-20,99.61,99.703376672783,99.50799915091875,99.54246
2026-01-01 00:44:00+00:00,FAN-20,100.0,98.31996173710246,99.4975769780002,99.56715
2026-01-01 00:44:10+00:00,FAN-20,99.92,97.90241871564264,99.50524428578598,99.54384
2026-01-01 00:44:20+00:00,FAN-20,96.44,97.83311277448715,99.48682562171689,99.3314
2026-01-01 00:44:30+00:00,FAN-20,100.0,98.02635734384837,99.50685258996556,99.50108
2026-01-01 00:44:40+00:00,FAN-20,99.21,96.78515051562478,99.50644229497617,99.54067
2026-01-01 00:44:50+00:00,FAN-20,98.61,97.60763199910251,99.50600594030084,99.480675
2026-01-01 00:45:00+00:00,FAN-20,99.26,96.63512305045607,99.50423403193876,99.47881
2026-01-01 00:45:10+00:00,FAN-20,100.0,98.28773391186317,99.50709899381081,99.57627
2026-01-01 00:45:20+00:00,FAN-20,99.36,98.14402974660575,99.50795803596894,99.505486
2026-01-01 00:45:30+00:00,FAN-20,100.0,96.7884021767709,99.42967946346194,99.4371
2026-01-01 00:45:40+00:00,FAN-20,99.6,97.07769541571969,99.5049980961142,99.485466
2026-01-01 00:45:50+00:00,FAN-20,100.0,97.51260090184118,99.50585113910438,99.498795
2026-01-01 00:46:00+00:00,FAN-20,99.64,97.67980182111454,99.5052237660271,99.49625
2026-01-01 00:46:10+00:00,FAN-20,99.22,97.16703469162421,99.5056420298887,99.49088
2026-01-01 00:46:20+00:00,FAN-20,100.0,97.27234412159599,99.50782238053065,99.55966
2026-01-01 00:46:30+00:00,FAN-20,97.67,98.69936028741097,99.50779398390102,99.450264
2026-01-01 00:46:40+00:00,FAN-20,98.58,97.8412430531334,99.48160345584591,99.472244
2026-01-01 00:46:50+00:00,FAN-20,99.35,97.64832645718307,99.5057621941827,99.49168
2026-01-01 00:47:00+00:00,FAN-20,99.56,98.80378017023921,99.50687142078631,99.47647
2026-01-01 00:47:10+00:00,FAN-20,98.82,97.41299236177495,99.5051960166087,99.4917
2026-01-01 00:47:20+00:00,FAN-20,100.0,97.10618868632231,99.43148991640686,99.5154
2026-01-01 00:47:30+00:00,FAN-20,100.0,97.17717206279744,99.50423471193923,99.45682
2026-01-01 00:47:40+00:00,FAN-20,99.79,96.52906080979737,99.50407111260417,99.43242
2026-01-01 00:47:50+00:00,FAN-20,100.0,96.4846421904181,99.50665808669883,99.49568
2026-01-01 00:48:00+00:00,FAN-20,100.0,97.78506962299693,99.50689641367786,99.579666
2026-01-01 00:48:10+00:00,FAN-20,98.35,98.64020424719334,99.50657786431289,99.48125
2026-01-01 00:48:20+00:00,FAN-20,98.73,98.1926990602651,99.5065251084941,99.46666
2026-01-01 00:48:30+00:00,FAN-20,100.0,98.03547880056453,99.50669354117157,99.522835
2026-01-01 00:48:40+00:00,FAN-20,100.0,99.04108457099495,99.50585218532798,99.490105
2026-01-01 00:48:50+00:00,FAN-20,100.0,98.69842455131979,99.50784743031,99.49988
2026-01-01 00:49:00+00:00,FAN-20,99.15,98.29487562572758,99.50521639134779,99.49685
2026-01-01 00:49:10+00:00,FAN-20,100.0,97.8462403292067,99.50481454012784,99.50372
2026-01-01 00:49:20+00:00,FAN-20,100.0,97.03067812273538,99.5066128666774,99.53437
2026-01-01 00:49:30+00:00,FAN-20,99.6,96.65202798819223,99.50464586389158,99.49307
2026-01-01 00:49:40+00:00,FAN-20,98.33,97.80185764604155,99.50767687337476,99.47112
2026-01-01 00:49:50+00:00,FAN-20,100.0,95.56846611985087,99.2193757929258,99.55557
2026-01-01 00:50:00+00:00,FAN-20,98.91,96.61959943164192,99.50628270662504,99.490166
2026-01-01 00:50:10+00:00,FAN-20,100.0,95.18396252224852,99.4686067554816,99.51244
2026-01-01 00:50:20+00:00,FAN-20,100.0,95.9771731397197,99.50664661703719,99.48224
2026-01-01 00:50:30+00:00,FAN-20,100.0,95.98259823879262,99.50654537468532,99.542015
2026-01-01 00:50:40+00:00,FAN-20,100.0,96.35259043156361,99.50552530924294,99.48717
2026-01-01 00:50:50+00:00,FAN-20,97.11,95.8240602683136,99.46475990062207,99.47545
2026-01-01 00:51:00+00:00,FAN-20,100.0,97.08454870599249,99.50585218532798,99.519226
2026-01-01 00:51:10+00:00,FAN-20,100.0,96.40161193608132,99.49498147841939,99.46669
2026-01-01 00:51:20+00:00,FAN-20,100.0,97.00682344651591,99.50647959861347,99.50105
2026-01-01 00:51:30+00:00,FAN-20,98.91,96.99308791694425,99.50573943669994,99.45364
2026-01-01 00:51:40+00:00,FAN-20,98.57,96.92250283484906,99.50581354560788,99.490295
2026-01-01 00:51:50+00:00,FAN-20,100.0,96.55820347698652,99.50523361010521,99.50677
2026-01-01 00:52:00+00:00,FAN-20,100.0,97.92490905743091,99.50773945876438,99.50994
2026-01-01 00:52:10+00:00,FAN-20,98.35,97.45383639403391,99.49868611271275,99.46346
2026-01-01 00:52:20+00:00,FAN-20,100.0,95.87266349383377,99.45734079894915,99.4281
2026-01-01 00:52:30+00:00,FAN-20,98.82,96.2367476831153,99.50712307986664,99.482666
2026-01-01 00:52:40+00:00,FAN-20,99.21,97.57375121872235,99.50609898834016,99.51997
2026-01-01 00:52:50+00:00,FAN-20,99.26,96.21351515855854,99.30057708565717,99.88949
2026-01-01 00:53:00+00:00,FAN-20,100.0,94.8467750835573,99.49730236422315,99.57123
2026-01-01 00:53:10+00:00,FAN-20,97.24,95.69309645807448,99.50682894825927,99.51158
2026-01-01 00:53:20+00:00,FAN-20,99.89,96.36125600809395,99.50633216235201,99.479805
2026-01-01 00:53:30+00:00,FAN-20,100.0,95.97674901882243,99.45571160470085,99.457146
2026-01-01 00:53:40+00:00,FAN-20,100.0,95.62619113073046,99.50666170754151,99.48252
2026-01-01 00:53:50+00:00,FAN-20,100.0,95.80496518393667,99.42825843741785,99.5134
2026-01-01 00:54:00+00:00,FAN-20,99.34,96.54517324639234,99.50723720818023,99.47887
2026-01-01 00:54:10+00:00,FAN-20,98.92,96.58373375400805,99.50653837194496,99.44859
2026-01-01 00:54:20+00:00,FAN-20,100.0,97.46879677786534,99.5064099697831,99.49652
2026-01-01 00:54:30+00:00,FAN-20,99.12,96.39441834299024,99.50672223414591,99.490486
2026-01-01 00:54:40+00:00,FAN-20,99.12,96.85654282731745,99.50591413451382,99.49385
2026-01-01 00:54:50+00:00,FAN-20,100.0,96.83328836507391,99.50762160565917,99.51651
2026-01-01 00:55:00+00:00,FAN-20,99.35,96.75059388205669,99.42705480944963,99.4687
2026-01-01 00:55:10+00:00,FAN-20,100.0,95.83730786014479,99.50608909356573,99.54853
2026-01-01 00:55:20+00:00,FAN-20,99.55,96.09619770093667,99.50681578066605,99.462875
2026-01-01 00:55:30+00:00,FAN-20,99.14,97.27466462510912,99.5044518397447,99.51033
2026-01-01 00:55:40+00:00,FAN-20,100.0,96.01649720228409,99.50726340371854,99.534225
2026-01-01 00:55:50+00:00,FAN-20,98.85,96.64839851233255,99.50437431608279,99.47583
2026-01-01 00:56:00+00:00,FAN-20,99.56,96.51249786584458,99.5056420298887,99.498474
2026-01-01 00:56:10+00:00,FAN-20,99.56,96.45127964411483,99.50532008861929,99.49269
2026-01-01 00:56:20+00:00,FAN-20,100.0,96.83107671606393,99.50542289703125,99.50167
2026-01-01 00:56:30+00:00,FAN-20,99.02,96.50985142815198,99.50706475607527,99.48327
2026-01-01 00:56:40+00:00,FAN-20,99.14,96.53983185387061,99.50501752852334,99.49094
2026-01-01 00:56:50+00:00,FAN-20,100.0,96.36305855492589,99.49665358277895,99.49246
2026-01-01 00:57:00+00:00,FAN-20,98.69,97.32939217457293,99.50571442443722,99.56806
2026-01-01 00:57:10+00:00,FAN-20,100.0,96.737351758394,99.50593041856456,99.48669
2026-01-01 00:57:20+00:00,FAN-20,100.0,95.9352591479084,99.50641080751872,99.51145
2026-01-01 00:57:30+00:00,FAN-20,100.0,97.43218674880549,99.50720304926783,99.494415
2026-01-01 00:57:40+00:00,FAN-20,99.67,97.150680948981,99.50658295912808,99.484886
2026-01-01 00:57:50+00:00,FAN-20,99.95,97.30311439161444,99.50728519209616,99.490166
2026-01-01 00:58:00+00:00,FAN-20,100.0,96.78742672689833,99.50416756792686,99.47906
2026-01-01 00:58:10+00:00,FAN-20,100.0,96.56615140184714,99.50714130578098,99.52171
2026-01-01 00:58:20+00:00,FAN-20,99.08,96.50067571655887,99.50634924693685,99.51621
2026-01-01 00:58:30+00:00,FAN-20,99.34,96.04861016829678,99.18233253576861,99.432014
2026-01-01 00:58:40+00:00,FAN-20,100.0,96.44838704358682,99.50631506992202,99.480255
2026-01-01 00:58:50+00:00,FAN-20,100.0,96.54698714828,99.50575809106506,99.49477
2026-01-01 00:59:00+00:00,FAN-20,100.0,96.04894992698466,99.45733256831686,99.483406
2026-01-01 00:59:10+00:00,FAN-20,99.93,97.14602933336317,99.50585113910438,99.49524
2026-01-01 00:59:20+00:00,FAN-20,100.0,96.66599764641354,99.50612372145267,99.48987
2026-01-01 00:59:30+00:00,FAN-20,99.18,96.72758917629147,99.50790598756674,99.5295
2026-01-01 00:59:40+00:00,FAN-20,99.4,96.70892063421493,99.50530167439292,99.495735
2026-01-01 00:59:50+00:00,FAN-20,100.0,95.91178979098325,99.50555404920051,99.49548
2026-01-01 01:00:00+00:00,FAN-20,100.0,96.20934191764549,99.50609898834016,99.49758
2026-01-01 01:00:10+00:00,FAN-20,99.81,96.69108305655641,99.50669568019534,99.484604
2026-01-01 01:00:20+00:00,FAN-20,99.83,96.82439420686134,99.50616924301742,99.49273
2026-01-01 01:00:30+00:00,FAN-20,98.51,96.47948090895028,99.49770810473967,99.47449
2026-01-01 01:00:40+00:00,FAN-20,100.0,97.47014041265616,99.50557769822773,99.481544
2026-01-01 01:00:50+00:00,FAN-20,99.76,96.1558407769016,99.48381606680955,99.53621
2026-01-01 01:01:00+00:00,FAN-20,96.85,96.28231046152271,99.50461753190214,99.05053
2026-01-01 01:01:10+00:00,FAN-20,99.54,95.37436545729962,99.50661142890844,99.52607
2026-01-01 01:01:20+00:00,FAN-20,100.0,94.06834312138528,99.44778412197347,99.45722
2026-01-01 01:01:30+00:00,FAN-20,100.0,95.49775859219389,99.50679542669947,99.45749
2026-01-01 01:01:40+00:00,FAN-20,99.97,95.66217478324498,99.50738658810718,99.50741
2026-01-01 01:01:50+00:00,FAN-20,99.56,97.96556042760794,99.50360891263304,99.45178
2026-01-01 01:02:00+00:00,FAN-20,100.0,96.89816385617151,99.50651981863808,99.51177
2026-01-01 01:02:10+00:00,FAN-20,97.35,97.08657872100694,99.50435474590792,99.467636
2026-01-01 01:02:20+00:00,FAN-20,99.46,97.4711319006287,99.50844240490208,99.51406
2026-01-01 01:02:30+00:00,FAN-20,98.17,97.13985469710808,99.42729394777992,99.43522
2026-01-01 01:02:40+00:00,FAN-20,100.0,96.62377599797483,99.4574420612915,99.47879
2026-01-01 01:02:50+00:00,FAN-20,100.0,97.00005533792887,99.50533290026752,99.49749
2026-01-01 01:03:00+00:00,FAN-20,100.0,97.27487393444378,99.5044831920063,99.469536
2026-01-01 01:03:10+00:00,FAN-20,98.95,97.18660065113771,99.50682894825927,99.498566
2026-01-01 01:03:20+00:00,FAN-20,98.85,97.96780806377011,99.50454384156042,99.44175
2026-01-01 01:03:30+00:00,FAN-20,100.0,97.26590747504034,99.4313769701279,99.52887
2026-01-01 01:03:40+00:00,FAN-20,99.41,95.82560326394751,99.42535042118537,99.31633
2026-01-01 01:03:50+00:00,FAN-20,100.0,96.02603615930616,99.50685154374196,99.496315
2026-01-01 01:04:00+00:00,FAN-20,100.0,96.350218080602,99.5056420298887,99.488365
2026-01-01 01:04:10+00:00,FAN-20,99.57,96.28329953790416,99.50568056740315,99.500854
2026-01-01 01:04:20+00:00,FAN-20,100.0,96.57137365357092,99.50617250289274,99.48345
2026-01-01 01:04:30+00:00,FAN-20,99.51,95.90697113844148,99.5078211053897,99.50123
2026-01-01 01:04:40+00:00,FAN-20,99.89,94.89544871957949,99.50677845511642,99.545135
2026-01-01 01:04:50+00:00,FAN-20,99.24,95.34401850868863,99.50711866599295,99.52181
2026-01-01 01:05:00+00:00,FAN-20,97.99,96.22750792288721,99.5064729794486,99.51006
2026-01-01 01:05:10+00:00,FAN-20,98.97,95.15755905267116,99.50518383829629,99.469124
2026-01-01 01:05:20+00:00,FAN-20,99.99,96.03982761561252,99.5084933898448,99.55807
2026-01-01 01:05:30+00:00,FAN-20,100.0,95.44625093441584,99.5069332436662,99.527245
2026-01-01 01:05:40+00:00,FAN-20,100.0,96.25848612889462,99.50937102895364,99.51621
2026-01-01 01:05:50+00:00,FAN-20,98.5,96.98178436499614,99.50702790642954,99.4897
2026-01-01 01:06:00+00:00,FAN-20,99.59,96.76111114919622,99.50727470944172,99.50739
2026-01-01 01:06:10+00:00,FAN-20,99.63,96.77385806398433,99.50555003718434,99.46807
2026-01-01 01:06:20+00:00,FAN-20,100.0,97.60903194681683,99.51137426804098,99.54202
2026-01-01 01:06:30+00:00,FAN-20,98.05,97.73636590381153,99.51016377199478,99.50898
2026-01-01 01:06:40+00:00,FAN-20,98.66,97.12194843560896,99.42332829050181,99.42917
2026-01-01 01:06:50+00:00,FAN-20,99.7,95.66021062845994,99.50434922422328,99.44033
2026-01-01 01:07:00+00:00,FAN-20,98.53,95.84517900699983,99.50555003718434,99.472084
2026-01-01 01:07:10+00:00,FAN-20,100.0,96.74037833651735,99.50632706508735,99.517426
2026-01-01 01:07:20+00:00,FAN-20,99.47,97.61700175350845,99.50775180134893,99.53322
2026-01-01 01:07:30+00:00,FAN-20,100.0,96.27630140159789,99.50761801607773,99.54125
2026-01-01 01:07:40+00:00,FAN-20,100.0,96.32755371308785,99.50811833629702,99.53983
2026-01-01 01:07:50+00:00,FAN-20,100.0,96.60541564756913,99.50728123556279,99.52006
2026-01-01 01:08:00+00:00,FAN-20,99.59,97.1288711063024,99.50724620166312,99.522125
2026-01-01 01:08:10+00:00,FAN-20,100.0,96.86865385818669,99.50856843384072,99.51401
2026-01-01 01:08:20+00:00,FAN-20,99.76,98.04993245585297,99.5061525803808,99.52951
2026-01-01 01:08:30+00:00,FAN-20,99.71,96.9865383516021,99.50824963109315,99.527054
2026-01-01 01:08:40+00:00,FAN-20,100.0,97.14411542259047,99.48762992721703,99.51892
2026-01-01 01:08:50+00:00,FAN-20,99.42,97.2833183386421,99.51049240180578,99.51335
2026-01-01 01:09:00+00:00,FAN-20,100.0,96.42344117779274,99.43299922069194,99.58415
2026-01-01 01:09:10+00:00,FAN-20,98.93,96.39014052256643,99.50789787613276,99.51678
2026-01-01 01:09:20+00:00,FAN-20,100.0,96.99410549096676,99.50917460783202,99.559425
2026-01-01 01:09:30+00:00,FAN-20,99.84,96.92718687033059,99.50846288110966,99.55568
2026-01-01 01:09:40+00:00,FAN-20,100.0,95.82201402979346,99.50694767544599,99.5619
2026-01-01 01:09:50+00:00,FAN-20,98.61,95.21229182245338,99.50550473199576,99.49746
2026-01-01 01:10:00+00:00,FAN-20,100.0,95.78514222674562,99.50623656779406,99.50709
2026-01-01 01:10:10+00:00,FAN-20,99.59,95.79607256263564,99.50669441539371,99.497025
2026-01-01 01:10:20+00:00,FAN-20,99.11,95.75148532345015,99.50791980005175,99.51817
2026-01-01 01:10:30+00:00,FAN-20,98.39,95.74192322399739,99.50543299836383,99.49068
2026-01-01 01:10:40+00:00,FAN-20,100.0,95.44254645257388,99.50841536856794,99.556404
2026-01-01 01:10:50+00:00,FAN-20,99.7,95.74170681373054,99.50765774411255,99.510414
2026-01-01 01:11:00+00:00,FAN-20,99.17,97.14326260948431,99.50687081675719,99.515564
2026-01-01 01:11:10+00:00,FAN-20,100.0,96.08734773632943,99.50596366177649,99.49469
2026-01-01 01:11:20+00:00,FAN-20,100.0,95.3935790739775,99.50544330943393,99.49285
2026-01-01 01:11:30+00:00,FAN-20,98.83,96.63212823915987,99.50770238125018,99.456375
2026-01-01 01:11:40+00:00,FAN-20,100.0,96.37371445032596,99.5081000046365,99.48592
2026-01-01 01:11:50+00:00,FAN-20,100.0,97.79476922000595,99.50948734243042,99.50042
2026-01-01 01:12:00+00:00,FAN-20,100.0,98.09855097863759,99.507890540289,99.48924
2026-01-01 01:12:10+00:00,FAN-20,100.0,97.10498362676854,99.51018494427154,99.5251
2026-01-01 01:12:20+00:00,FAN-20,100.0,97.38740429058345,99.50635707115833,99.55868
2026-01-01 01:12:30+00:00,FAN-20,100.0,96.74259264901056,99.42324034814067,99.63535
2026-01-01 01:12:40+00:00,FAN-20,99.63,96.30262449841968,99.50681775099027,99.531944
2026-01-01 01:12:50+00:00,FAN-20,98.5,96.44735902167659,99.50399871182795,99.50956
2026-01-01 01:13:00+00:00,FAN-20,100.0,96.84929848541044,99.50417962565112,99.520905
2026-01-01 01:13:10+00:00,FAN-20,98.49,97.25224531095311,99.50679522093691,99.46844
2026-01-01 01:13:20+00:00,FAN-20,100.0,96.83608181892785,99.50784500990154,99.53842
2026-01-01 01:13:30+00:00,FAN-20,99.88,98.47740515454629,99.5066489055131,99.49597
2026-01-01 01:13:40+00:00,FAN-20,100.0,98.43870576766497,99.50648984673305,99.52
2026-01-01 01:13:50+00:00,FAN-20,100.0,99.02317980993212,99.50886700005655,99.501045
2026-01-01 01:14:00+00:00,FAN-20,100.0,97.69941375165601,99.33868459133134,99.359955
2026-01-01 01:14:10+00:00,FAN-20,100.0,99.29792953798152,99.51233044021711,99.5638
2026-01-01 01:14:20+00:00,FAN-20,99.85,98.30419958775296,99.42730945686704,99.66794
2026-01-01 01:14:30+00:00,FAN-20,98.79,98.41292259475334,99.50632124413949,99.48341
2026-01-01 01:14:40+00:00,FAN-20,100.0,99.37526779033428,99.50649286206435,99.47885
2026-01-01 01:14:50+00:00,FAN-20,99.67,98.07640663838933,99.42788817915047,99.49256
2026-01-01 01:15:00+00:00,FAN-20,99.95,98.0610658468752,99.50781601006652,99.44521
2026-01-01 01:15:10+00:00,FAN-20,100.0,97.20181519727646,99.43121740792954,99.56552
2026-01-01 01:15:20+00:00,FAN-20,99.77,97.7045308991467,99.50613848676248,99.51452
2026-01-01 01:15:30+00:00,FAN-20,100.0,98.01020353834977,99.50607007516335,99.49872
2026-01-01 01:15:40+00:00,FAN-20,99.39,98.08571444666947,99.50856088251645,99.554276
2026-01-01 01:15:50+00:00,FAN-20,99.33,98.67277120732155,99.50755681122905,99.504616
2026-01-01 01:16:00+00:00,FAN-20,98.9,97.90576038726394,99.50535440999755,99.472336
2026-01-01 01:16:10+00:00,FAN-20,100.0,98.61360784140535,99.50749927626627,99.48944
2026-01-01 01:16:20+00:00,FAN-20,100.0,99.8100532770761,99.50964752215619,99.527
2026-01-01 01:16:30+00:00,FAN-20,97.57,99.28350212054991,99.46782479848343,99.453514
2026-01-01 01:16:40+00:00,FAN-20,98.27,100.0,99.50709664166313,99.46531
2026-01-01 01:16:50+00:00,FAN-20,99.91,99.02041361800805,99.50699189545968,99.47356
2026-01-01 01:17:00+00:00,FAN-20,98.17,99.14075292424059,99.50549054553863,99.496826
2026-01-01 01:17:10+00:00,FAN-20,100.0,98.89373805372158,99.50678320584944,99.513435
2026-01-01 01:17:20+00:00,FAN-20,100.0,98.84431687145435,99.50639559163452,99.50921
2026-01-01 01:17:30+00:00,FAN-20,99.97,97.74930887506646,99.50496647759326,99.48492
2026-01-01 01:17:40+00:00,FAN-20,98.2,98.03287808927954,99.50649181584072,99.520996
2026-01-01 01:17:50+00:00,FAN-20,100.0,96.39222596188914,99.44372038109857,99.490204
2026-01-01 01:18:00+00:00,FAN-20,99.44,95.82105602150659,99.48643722507573,99.50661
2026-01-01 01:18:10+00:00,FAN-20,100.0,97.24175546254187,99.50936281839569,99.58907
2026-01-01 01:18:20+00:00,FAN-20,97.32,98.02954243578034,99.50673966507652,99.502266
2026-01-01 01:18:30+00:00,FAN-20,99.03,96.53324593560315,99.42876026411892,99.45997
2026-01-01 01:18:40+00:00,FAN-20,100.0,98.08837365640733,99.50712027534983,99.53359
2026-01-01 01:18:50+00:00,FAN-20,100.0,97.97344448663645,99.50676439818903,99.52177
2026-01-01 01:19:00+00:00,FAN-20,99.75,96.85768209566871,99.50752507953842,99.581184
2026-01-01 01:19:10+00:00,FAN-20,98.15,97.53637849494972,99.5057966619956,99.528114
2026-01-01 01:19:20+00:00,FAN-20,99.9,98.18277153038363,99.50518556452036,99.53238
2026-01-01 01:19:30+00:00,FAN-20,100.0,99.22128559598045,99.50620725398794,99.58902
2026-01-01 01:19:40+00:00,FAN-20,99.22,98.50393803261828,99.40361371506057,99.35335
2026-01-01 01:19:50+00:00,FAN-20,99.19,98.55897731556652,99.50673966507652,99.516846
2026-01-01 01:20:00+00:00,FAN-20,100.0,98.8405956729398,99.50649181584072,99.520294
2026-01-01 01:20:10+00:00,FAN-20,100.0,97.85482227669318,99.49874376136107,99.59619
2026-01-01 01:20:20+00:00,FAN-20,99.79,97.32185099649821,99.50079243479033,99.54835
2026-01-01 01:20:30+00:00,FAN-20,99.46,96.32441968024528,99.43264519698579,99.495735
2026-01-01 01:20:40+00:00,FAN-20,99.96,96.30320925148607,99.50507241824589,99.504005
2026-01-01 01:20:50+00:00,FAN-20,100.0,96.15311246047926,99.50921498550488,99.54326
2026-01-01 01:21:00+00:00,FAN-20,98.79,97.38101877254503,99.50727233794036,99.533066
2026-01-01 01:21:10+00:00,FAN-20,99.1,98.00226659789085,99.50624344367989,99.50193
2026-01-01 01:21:20+00:00,FAN-20,98.41,97.5180068146012,99.50616826587333,99.507164
2026-01-01 01:21:30+00:00,FAN-20,99.7,97.69538842429722,99.50669441539371,99.53755
2026-01-01 01:21:40+00:00,FAN-20,100.0,96.57434806610229,99.50718301780972,99.57785
2026-01-01 01:21:50+00:00,FAN-20,98.56,97.2233745631067,99.50702686020594,99.51265
2026-01-01 01:22:00+00:00,FAN-20,100.0,99.6869145874409,99.49939860332034,99.56104
2026-01-01 01:22:10+00:00,FAN-20,98.74,98.84899093927811,99.49622271980485,99.52317
2026-01-01 01:22:20+00:00,FAN-20,100.0,99.02123317445503,99.50453035953154,99.5284
2026-01-01 01:22:30+00:00,FAN-20,98.02,97.92657835444014,99.42876019953569,99.36043
2026-01-01 01:22:40+00:00,FAN-20,100.0,98.41636615777388,99.50820138144712,99.54558
2026-01-01 01:22:50+00:00,FAN-20,99.54,98.64673762472184,99.50762160565917,99.50704
2026-01-01 01:23:00+00:00,FAN-20,99.18,100.0,99.50769083999747,99.56212
2026-01-01 01:23:10+00:00,FAN-20,100.0,99.04357499701456,99.43071883809475,99.49255
2026-01-01 01:23:20+00:00,FAN-20,99.5,100.0,99.50606722068625,99.51957
2026-01-01 01:23:30+00:00,FAN-20,97.95,99.03034408927465,99.50479164162704,99.513336
2026-01-01 01:23:40+00:00,FAN-20,100.0,100.0,99.50708174376963,99.57444
2026-01-01 01:23:50+00:00,FAN-20,100.0,100.0,99.50665520498212,99.52935
2026-01-01 01:24:00+00:00,FAN-20,98.19,100.0,99.50553524150362,99.505775
2026-01-01 01:24:10+00:00,FAN-20,99.29,99.0746862680626,99.50501385541897,99.53289
2026-01-01 01:24:20+00:00,FAN-20,100.0,98.38656799703395,99.4219780702104,99.43056
2026-01-01 01:24:30+00:00,FAN-20,98.24,98.34107550198794,99.5051693377738,99.49518
2026-01-01 01:24:40+00:00,FAN-20,100.0,99.9571551495965,99.50166362539338,99.69046
2026-01-01 01:24:50+00:00,FAN-20,98.84,99.43811270415988,99.50735176889665,99.55508
2026-01-01 01:25:00+00:00,FAN-20,99.55,99.53255149024594,99.497018816713,99.51232
2026-01-01 01:25:10+00:00,FAN-20,99.23,99.31132058872663,99.50695574665839,99.49691
2026-01-01 01:25:20+00:00,FAN-20,100.0,99.82294913644137,99.50518556452036,99.49443
2026-01-01 01:25:30+00:00,FAN-20,100.0,99.55550211360799,99.50712027534983,99.5192
2026-01-01 01:25:40+00:00,FAN-20,100.0,99.79029505897049,99.50655445134949,99.513054
2026-01-01 01:25:50+00:00,FAN-20,99.39,98.24140068974374,99.50709554084335,99.60971
2026-01-01 01:26:00+00:00,FAN-20,99.74,100.0,99.51080446470296,99.57139
2026-01-01 01:26:10+00:00,FAN-20,99.53,100.0,99.50501499281913,99.544395
2026-01-01 01:26:20+00:00,FAN-20,99.55,99.0627381526218,99.49849261357718,99.55638
2026-01-01 01:26:30+00:00,FAN-20,99.47,99.70405934703491,99.50752044854302,99.52776
2026-01-01 01:26:40+00:00,FAN-20,100.0,99.28925741843207,99.50608353540498,99.512856
2026-01-01 01:26:50+00:00,FAN-20,99.52,99.69683779863674,99.50589300206639,99.54967
2026-01-01 01:27:00+00:00,FAN-20,98.73,99.1516880170766,99.50628270662504,99.50862
2026-01-01 01:27:10+00:00,FAN-20,99.43,99.10453846785279,99.50770830206018,99.5266
2026-01-01 01:27:20+00:00,FAN-20,100.0,100.0,99.50520740655587,99.52447
2026-01-01 01:27:30+00:00,FAN-20,97.91,100.0,99.50618659982199,99.51622
2026-01-01 01:27:40+00:00,FAN-20,100.0,99.41091548567974,99.50674598803984,99.57819
2026-01-01 01:27:50+00:00,FAN-20,99.85,100.0,99.5055274590908,99.475044
2026-01-01 01:28:00+00:00,FAN-20,100.0,98.96318493576912,99.50622871871948,99.5671
2026-01-01 01:28:10+00:00,FAN-20,100.0,99.41700621504272,99.5056477950892,99.52078
2026-01-01 01:28:20+00:00,FAN-20,100.0,98.46898253073388,99.50497583098452,99.49588
2026-01-01 01:28:30+00:00,FAN-20,100.0,99.25538893473026,99.50437119308388,99.49913
2026-01-01 01:28:40+00:00,FAN-20,100.0,98.916219178588,99.50283068404303,99.4725
2026-01-01 01:28:50+00:00,FAN-20,98.96,98.857999812848,99.46649563658706,99.43568
2026-01-01 01:29:00+00:00,FAN-20,98.77,97.91549373944407,99.50326500015456,99.50283
2026-01-01 01:29:10+00:00,FAN-20,100.0,97.90900653993054,99.5033716613145,99.526505
2026-01-01 01:29:20+00:00,FAN-20,99.91,97.43085359862437,99.40708994097692,99.297935
2026-01-01 01:29:30+00:00,FAN-20,98.03,97.14205278340039,99.49051886143876,99.5304
2026-01-01 01:29:40+00:00,FAN-20,98.44,97.02102639305373,99.48285509685955,99.51431
2026-01-01 01:29:50+00:00,FAN-20,99.44,96.99485793774798,99.49624478060775,99.47416
2026-01-01 01:30:00+00:00,FAN-20,99.99,97.41674029079816,99.49439408026515,99.527336
2026-01-01 01:30:10+00:00,FAN-20,99.37,98.4722088127913,99.4962313708686,99.468796
2026-01-01 01:30:20+00:00,FAN-20,97.11,98.60803246303136,99.4716765195924,99.33509
2026-01-01 01:30:30+00:00,FAN-20,100.0,99.09607723784261,99.48707426732805,99.50231
2026-01-01 01:30:40+00:00,FAN-20,98.78,99.31150288253941,99.48788536081355,99.489845
2026-01-01 01:30:50+00:00,FAN-20,100.0,98.31411883231186,99.49316210351402,99.512344
2026-01-01 01:31:00+00:00,FAN-20,98.45,98.32986386788369,99.48839769576254,99.48488
2026-01-01 01:31:10+00:00,FAN-20,100.0,97.81214758716355,99.49182760411702,99.52514
2026-01-01 01:31:20+00:00,FAN-20,100.0,98.55910280159445,99.49537018912599,99.45371
2026-01-01 01:31:30+00:00,FAN-20,100.0,97.85391093811509,99.4864234055682,99.47851
2026-01-01 01:31:40+00:00,FAN-20,100.0,98.13342345269461,99.48402359357235,99.44454
2026-01-01 01:31:50+00:00,FAN-20,98.82,97.67809039052538,99.49239240175649,99.51132
2026-01-01 01:32:00+00:00,FAN-20,100.0,98.60826223664475,99.37595433593407,99.493065
2026-01-01 01:32:10+00:00,FAN-20,97.7,98.68011729971255,99.48129338228077,99.51482
2026-01-01 01:32:20+00:00,FAN-20,100.0,98.07718449331576,99.4969240111796,99.58904
2026-01-01 01:32:30+00:00,FAN-20,100.0,98.34207808325424,99.49599693137196,99.49509
2026-01-01 01:32:40+00:00,FAN-20,100.0,98.52392976699578,99.49503217014761,99.51275
2026-01-01 01:32:50+00:00,FAN-20,100.0,99.14349324407443,99.49821757881872,99.620125
2026-01-01 01:33:00+00:00,FAN-20,100.0,98.3748112035589,99.49658808724374,99.61229
2026-01-01 01:33:10+00:00,FAN-20,99.41,99.64424171379426,99.50140092564432,99.585304
2026-01-01 01:33:20+00:00,FAN-20,98.84,99.0173242582594,99.48432779320426,99.4748
2026-01-01 01:33:30+00:00,FAN-20,99.87,99.24278939723791,99.49578782215629,99.481
2026-01-01 01:33:40+00:00,FAN-20,100.0,99.1276613482109,99.49561803836177,99.47768
2026-01-01 01:33:50+00:00,FAN-20,100.0,99.45322351966531,99.49760806704394,99.560005
2026-01-01 01:34:00+00:00,FAN-20,98.22,98.72856776870762,99.49546120700629,99.523125
2026-01-01 01:34:10+00:00,FAN-20,99.51,98.38246473580959,99.49571157085421,99.56408
2026-01-01 01:34:20+00:00,FAN-20,100.0,97.65089779551683,99.49455843297818,99.47662
2026-01-01 01:34:30+00:00,FAN-20,99.99,98.23189946995814,99.49781149195056,99.53336
2026-01-01 01:34:40+00:00,FAN-20,99.15,97.02907245239238,99.4373915125171,99.450615
2026-01-01 01:34:50+00:00,FAN-20,100.0,98.60634145506666,99.49447815853217,99.48905
2026-01-01 01:35:00+00:00,FAN-20,99.7,97.59505063571939,99.46712660717351,99.57566
2026-01-01 01:35:10+00:00,FAN-20,99.4,98.65767837951643,99.49473895332812,99.41583
2026-01-01 01:35:20+00:00,FAN-20,99.79,97.71753518619649,99.43691782555416,99.488815
2026-01-01 01:35:30+00:00,FAN-20,100.0,98.22436673381009,99.49624478060775,99.55608
2026-01-01 01:35:40+00:00,FAN-20,100.0,97.93613270518729,99.49455843297818,99.52995
2026-01-01 01:35:50+00:00,FAN-20,99.29,97.67359822998469,99.49561725045504,99.57229
2026-01-01 01:36:00+00:00,FAN-20,99.34,96.64123114103064,99.49681410907111,99.52722
2026-01-01 01:36:10+00:00,FAN-20,100.0,97.50084785198734,99.49821342874975,99.515495
2026-01-01 01:36:20+00:00,FAN-20,99.7,97.76547515105563,99.46111385251963,99.523674
2026-01-01 01:36:30+00:00,FAN-20,99.95,97.37197928694378,99.49716059574416,99.51137
2026-01-01 01:36:40+00:00,FAN-20,100.0,98.26482371944613,99.49664671740693,99.58546
2026-01-01 01:36:50+00:00,FAN-20,100.0,98.28771137705066,99.47180179399513,99.54444
2026-01-01 01:37:00+00:00,FAN-20,97.33,96.6097496143725,99.45928724470076,98.99418
2026-01-01 01:37:10+00:00,FAN-20,98.81,97.56517453751061,99.46595977712308,99.29418
2026-01-01 01:37:20+00:00,FAN-20,99.59,96.41595537391831,98.87166997758477,99.3109
2026-01-01 01:37:30+00:00,FAN-20,100.0,97.73616425224877,99.47101890501658,99.31819
2026-01-01 01:37:40+00:00,FAN-20,100.0,97.5869142519032,99.47259877045241,99.24641
2026-01-01 01:37:50+00:00,FAN-20,99.05,98.2642105866866,99.47281811190959,99.38312
2026-01-01 01:38:00+00:00,FAN-20,99.49,97.94214461366374,99.46672992855484,99.42818
2026-01-01 01:38:10+00:00,FAN-20,100.0,98.57959250112704,99.49624530641623,99.47866
2026-01-01 01:38:20+00:00,FAN-20,100.0,99.21754370301548,99.46969881867241,99.44545
2026-01-01 01:38:30+00:00,FAN-20,99.19,99.43982705262289,99.46930995173761,99.554054
2026-01-01 01:38:40+00:00,FAN-20,100.0,100.0,99.49564647135092,99.61341
2026-01-01 01:38:50+00:00,FAN-20,99.38,99.38056458131632,99.49290457102242,99.457726
2026-01-01 01:39:00+00:00,FAN-20,100.0,99.37076448314126,99.49381612565575,99.571236
2026-01-01 01:39:10+00:00,FAN-20,100.0,99.86875750000928,99.49673805165875,99.57154
2026-01-01 01:39:20+00:00,FAN-20,100.0,99.38089154419428,99.4961089929831,99.60832
2026-01-01 01:39:30+00:00,FAN-20,99.2,100.0,99.49829609362888,99.562355
2026-01-01 01:39:40+00:00,FAN-20,100.0,100.0,99.4971102604436,99.66938
2026-01-01 01:39:50+00:00,FAN-20,99.56,99.2062034228351,99.49596686193739,99.47524
2026-01-01 01:40:00+00:00,FAN-20,100.0,98.02325285375737,99.48731004837228,99.54359
2026-01-01 01:40:10+00:00,FAN-20,99.64,99.0815242726405,99.49382745069553,99.549385
2026-01-01 01:40:20+00:00,FAN-20,100.0,99.6707908801605,99.49598953841293,99.538025
2026-01-01 01:40:30+00:00,FAN-20,99.31,98.6534582270684,99.49776432402511,99.50811
2026-01-01 01:40:40+00:00,FAN-20,100.0,98.23290736914532,99.15572652480712,99.416046
2026-01-01 01:40:50+00:00,FAN-20,99.14,97.6137180067836,99.49263736985088,99.51591
2026-01-01 01:41:00+00:00,FAN-20,98.68,97.77165850180363,99.49036764625782,99.38928
2026-01-01 01:41:10+00:00,FAN-20,100.0,98.05817609326336,99.491080258766,99.57423
2026-01-01 01:41:20+00:00,FAN-20,100.0,98.93880721785744,99.49562355530139,99.62588
2026-01-01 01:41:30+00:00,FAN-20,100.0,99.29790683676408,99.49408545855732,99.481155
2026-01-01 01:41:40+00:00,FAN-20,97.91,99.14444454931139,99.485851060813,99.47664
2026-01-01 01:41:50+00:00,FAN-20,100.0,99.04496605490309,99.48679820742022,99.46914
2026-01-01 01:42:00+00:00,FAN-20,100.0,99.43558880428736,99.49533755489665,99.67451
2026-01-01 01:42:10+00:00,FAN-20,100.0,99.13864443766101,99.1564292013576,99.33858
2026-01-01 01:42:20+00:00,FAN-20,100.0,99.1049665149387,99.39039594851158,99.627594
2026-01-01 01:42:30+00:00,FAN-20,100.0,98.9819511636035,99.49931042808169,99.59162
2026-01-01 01:42:40+00:00,FAN-20,100.0,99.49457357624792,99.4977924864948,99.65471
2026-01-01 01:42:50+00:00,FAN-20,100.0,98.85827294961405,99.07136681991918,99.407196
2026-01-01 01:43:00+00:00,FAN-20,100.0,98.44078324749272,99.4974034789775,99.626976
2026-01-01 01:43:10+00:00,FAN-20,100.0,98.54257531094107,99.48828907370246,99.63533
2026-01-01 01:43:20+00:00,FAN-20,100.0,99.65207803294376,99.49430591962478,99.65129
2026-01-01 01:43:30+00:00,FAN-20,100.0,98.41392826768993,99.49075325816125,99.468285
2026-01-01 01:43:40+00:00,FAN-20,97.83,99.4217677792668,99.4400751419357,99.15242
2026-01-01 01:43:50+00:00,FAN-20,99.58,98.25261077063548,99.42775101211889,99.43414
2026-01-01 01:44:00+00:00,FAN-20,100.0,96.62096221404957,99.43781991545465,99.57586
2026-01-01 01:44:10+00:00,FAN-20,99.68,97.21386262231067,99.35161669842435,99.439674
2026-01-01 01:44:20+00:00,FAN-20,100.0,96.27247955735848,98.96621969997808,99.41064
2026-01-01 01:44:30+00:00,FAN-20,100.0,96.96260866706493,99.43921329949126,99.59968
2026-01-01 01:44:40+00:00,FAN-20,99.16,95.42715277003484,99.37695613608986,99.313675
2026-01-01 01:44:50+00:00,FAN-20,97.07,96.61735378801927,99.19054772931376,99.298035
2026-01-01 01:45:00+00:00,FAN-20,100.0,97.44780533649845,99.36367126001515,99.46223
2026-01-01 01:45:10+00:00,FAN-20,97.37,96.73981905520101,99.40703960553645,99.18785
2026-01-01 01:45:20+00:00,FAN-20,100.0,98.5278431191484,99.47901987109069,99.5705
2026-01-01 01:45:30+00:00,FAN-20,97.81,98.2187760303813,99.47959957103568,99.31926
2026-01-01 01:45:40+00:00,FAN-20,99.14,98.79294382016838,99.4954178315712,99.48665
2026-01-01 01:45:50+00:00,FAN-20,99.79,97.89068916025073,99.30141483011603,99.54347
2026-01-01 01:46:00+00:00,FAN-20,99.48,98.48822610635179,99.49536535808417,99.52972
2026-01-01 01:46:10+00:00,FAN-20,100.0,97.76121387330765,99.21621288434862,99.589905
2026-01-01 01:46:20+00:00,FAN-20,99.77,99.35376481190737,99.49729042854875,99.53211
2026-01-01 01:46:30+00:00,FAN-20,97.6,98.93266005598643,99.4951433583458,99.53046
2026-01-01 01:46:40+00:00,FAN-20,100.0,99.51870013890559,99.49673805165875,99.64322
2026-01-01 01:46:50+00:00,FAN-20,99.06,99.13508502590453,99.49619311251911,99.54168
2026-01-01 01:47:00+00:00,FAN-20,100.0,100.0,99.49649020242295,99.66282
2026-01-01 01:47:10+00:00,FAN-20,99.58,100.0,99.49465115670942,99.49396
2026-01-01 01:47:20+00:00,FAN-20,100.0,99.97820780223107,99.46175490556399,99.59989
2026-01-01 01:47:30+00:00,FAN-20,99.74,100.0,99.49611807739232,99.62458
2026-01-01 01:47:40+00:00,FAN-20,98.86,98.7940641697721,99.45491918434756,99.520035
2026-01-01 01:47:50+00:00,FAN-20,99.81,98.34485628129359,99.49117071867283,99.513115
2026-01-01 01:48:00+00:00,FAN-20,100.0,98.82829742489054,99.49125172699483,99.52843
2026-01-01 01:48:10+00:00,FAN-20,100.0,99.76248062611039,99.49142229869608,99.576355
2026-01-01 01:48:20+00:00,FAN-20,100.0,100.0,99.48561435242027,99.44933
2026-01-01 01:48:30+00:00,FAN-20,99.63,99.08466719920838,99.49832502713562,99.5123
2026-01-01 01:48:40+00:00,FAN-20,99.16,99.67473348905934,99.49649732602947,99.51627
2026-01-01 01:48:50+00:00,FAN-20,100.0,99.76794371412026,99.48907260704013,99.51581
2026-01-01 01:49:00+00:00,FAN-20,100.0,100.0,99.49814871955277,99.551056
2026-01-01 01:49:10+00:00,FAN-20,100.0,100.0,99.49672033812364,99.546524
2026-01-01 01:49:20+00:00,FAN-20,99.07,100.0,99.49903248564479,99.52897
2026-01-01 01:49:30+00:00,FAN-20,99.68,100.0,99.49665823715321,99.56048
2026-01-01 01:49:40+00:00,FAN-20,99.91,100.0,99.49700488389978,99.562744
2026-01-01 01:49:50+00:00,FAN-20,100.0,99.83003174225584,99.45539419373954,99.507904
2026-01-01 01:50:00+00:00,FAN-20,100.0,99.02339410471367,99.49951835346653,99.55518
2026-01-01 01:50:10+00:00,FAN-20,100.0,99.60214049590901,99.5002029172027,99.575165
2026-01-01 01:50:20+00:00,FAN-20,99.48,98.06585321821295,99.19353225216723,99.18433
2026-01-01 01:50:30+00:00,FAN-20,100.0,98.33737060876805,99.49581709686997,99.56671
2026-01-01 01:50:40+00:00,FAN-20,100.0,98.54100200625102,99.49460039602853,99.51178
2026-01-01 01:50:50+00:00,FAN-20,99.34,99.04024869322663,99.49931467142704,99.50239
2026-01-01 01:51:00+00:00,FAN-20,100.0,98.12932605711333,98.84467162017793,99.74261
2026-01-01 01:51:10+00:00,FAN-20,98.95,97.33516192653754,99.50328861187948,99.53756
2026-01-01 01:51:20+00:00,FAN-20,100.0,97.07441022908218,99.50541920282355,99.55366
2026-01-01 01:51:30+00:00,FAN-20,99.27,96.14461437443035,99.50495205979645,99.53773
2026-01-01 01:51:40+00:00,FAN-20,99.11,96.86430731985074,99.50522037024574,99.52691
2026-01-01 01:51:50+00:00,FAN-20,99.17,96.77768826849507,99.50565261604186,99.55872
2026-01-01 01:52:00+00:00,FAN-20,100.0,97.72123779540362,99.50479670216029,99.60047
2026-01-01 01:52:10+00:00,FAN-20,98.75,98.13316690813551,99.50442899140204,99.56066
2026-01-01 01:52:20+00:00,FAN-20,100.0,99.52792331801236,99.5050406680245,99.61843
2026-01-01 01:52:30+00:00,FAN-20,98.66,99.23292664903867,99.50504020190708,99.58728
2026-01-01 01:52:40+00:00,FAN-20,97.68,98.2307478360137,99.503980565082,99.51457
2026-01-01 01:52:50+00:00,FAN-20,97.93,98.68312665584278,99.50636389349657,99.52799
2026-01-01 01:53:00+00:00,FAN-20,99.03,99.95218374360344,99.50480435452695,99.5753
2026-01-01 01:53:10+00:00,FAN-20,99.87,98.96133862551676,99.37531434480132,99.26339
2026-01-01 01:53:20+00:00,FAN-20,100.0,99.79304522475871,99.5070641748777,99.576225
2026-01-01 01:53:30+00:00,FAN-20,98.92,100.0,99.50865767170063,99.516945
2026-01-01 01:53:40+00:00,FAN-20,100.0,100.0,99.50819923288812,99.54738
2026-01-01 01:53:50+00:00,FAN-20,100.0,99.81914659966944,99.49123098568312,99.5261
2026-01-01 01:54:00+00:00,FAN-20,99.42,99.48010386827244,99.50626778183384,99.58649
2026-01-01 01:54:10+00:00,FAN-20,100.0,99.44434962926645,99.50484311348119,99.43831
2026-01-01 01:54:20+00:00,FAN-20,100.0,99.33410604664509,99.35687873125536,99.16974
2026-01-01 01:54:30+00:00,FAN-20,100.0,98.60471412395808,99.50524440598772,99.571396
2026-01-01 01:54:40+00:00,FAN-20,97.83,98.5780991481885,99.50486736239426,99.541245
2026-01-01 01:54:50+00:00,FAN-20,100.0,98.33736537191305,99.50526814291239,99.56157
2026-01-01 01:55:00+00:00,FAN-20,99.45,98.53051332825547,99.50500224535097,99.555565
2026-01-01 01:55:10+00:00,FAN-20,100.0,98.47424259761998,99.50445346175493,99.528984
2026-01-01 01:55:20+00:00,FAN-20,100.0,98.42509418706082,99.51236034457962,99.5956
2026-01-01 01:55:30+00:00,FAN-20,100.0,97.64190351495674,99.3899872243657,99.30761
2026-01-01 01:55:40+00:00,FAN-20,100.0,98.230883735554,99.50914774976803,99.57579
2026-01-01 01:55:50+00:00,FAN-20,98.58,99.02393749826948,99.50858730979064,99.497986
2026-01-01 01:56:00+00:00,FAN-20,100.0,98.57092094179288,99.50877467499417,99.56397
2026-01-01 01:56:10+00:00,FAN-20,100.0,99.72375593749429,99.5102820403567,99.597664
2026-01-01 01:56:20+00:00,FAN-20,98.5,97.58413377127593,97.91386691478544,98.280785
2026-01-01 01:56:30+00:00,FAN-20,99.53,97.11046770177495,99.50500831683303,99.49941
2026-01-01 01:56:40+00:00,FAN-20,100.0,96.67145634392536,99.50803734028653,99.57693
2026-01-01 01:56:50+00:00,FAN-20,97.8,96.672193256467,99.50802095975362,99.54684
2026-01-01 01:57:00+00:00,FAN-20,100.0,96.64382557956995,99.5054767204549,99.6048
2026-01-01 01:57:10+00:00,FAN-20,98.77,98.2079278186403,99.50217489981698,99.45536
2026-01-01 01:57:20+00:00,FAN-20,99.29,97.8796067087427,99.5074393868103,99.57645
2026-01-01 01:57:30+00:00,FAN-20,99.24,99.28848299339549,99.50692982963987,99.58827
2026-01-01 01:57:40+00:00,FAN-20,99.94,99.2326051077886,99.50568000155073,99.61528
2026-01-01 01:57:50+00:00,FAN-20,98.36,99.46468690903038,99.50299689899902,99.48235
2026-01-01 01:58:00+00:00,FAN-20,100.0,99.84906408261018,99.50198531762686,99.57858
2026-01-01 01:58:10+00:00,FAN-20,98.79,99.5207096999655,99.49639541538443,99.55406
2026-01-01 01:58:20+00:00,FAN-20,100.0,100.0,99.50225022089617,99.59213
2026-01-01 01:58:30+00:00,FAN-20,100.0,100.0,99.5020341393143,99.55802
2026-01-01 01:58:40+00:00,FAN-20,99.46,99.71951688096385,99.50044266078235,99.59902
2026-01-01 01:58:50+00:00,FAN-20,100.0,99.30004922902503,99.50468267564106,99.59766
2026-01-01 01:59:00+00:00,FAN-20,98.54,99.15003905994128,99.49974530315605,99.43828
2026-01-01 01:59:10+00:00,FAN-20,100.0,99.18960347655533,99.5022560505584,99.59035
2026-01-01 01:59:20+00:00,FAN-20,99.81,97.54946181022234,99.48218502194558,99.522934
2026-01-01 01:59:30+00:00,FAN-20,99.14,99.05760151962934,99.50056034884459,99.50161
2026-01-01 01:59:40+00:00,FAN-20,97.38,98.39902698264103,99.4952825941163,99.35753
2026-01-01 01:59:50+00:00,FAN-20,99.94,99.82355341313347,99.5033631445869,99.60269
2026-01-01 02:00:00+00:00,FAN-20,100.0,98.0083984144915,99.26350843954859,99.25724
2026-01-01 02:00:10+00:00,FAN-20,100.0,99.15414540846918,99.5031282460465,99.61255
2026-01-01 02:00:20+00:00,FAN-20,100.0,99.8710854538271,99.49526366979133,99.534874
2026-01-01 02:00:30+00:00,FAN-20,100.0,98.68668298482561,99.2798174120538,99.29279
2026-01-01 02:00:40+00:00,FAN-20,99.95,100.0,99.50252071531695,99.64902
2026-01-01 02:00:50+00:00,FAN-20,100.0,100.0,99.49485740331876,99.488655
2026-01-01 02:01:00+00:00,FAN-20,100.0,100.0,99.50046227507033,99.55084
2026-01-01 02:01:10+00:00,FAN-20,99.42,99.35236066575314,99.47371705218885,99.505806
2026-01-01 02:01:20+00:00,FAN-20,98.08,99.90510816980041,99.49905215883926,99.58402
2026-01-01 02:01:30+00:00,FAN-20,100.0,99.29084933108986,99.49513848502166,99.52893
2026-01-01 02:01:40+00:00,FAN-20,100.0,99.77794865637236,99.50071474670088,99.58679
2026-01-01 02:01:50+00:00,FAN-20,100.0,100.0,99.50194596523517,99.569756
2026-01-01 02:02:00+00:00,FAN-20,99.17,100.0,99.5016167236851,99.53191
2026-01-01 02:02:10+00:00,FAN-20,100.0,100.0,99.50232290152273,99.58463
2026-01-01 02:02:20+00:00,FAN-20,99.78,100.0,99.49964664345309,99.57575
2026-01-01 02:02:30+00:00,FAN-20,98.82,100.0,99.48000288560547,99.56005
2026-01-01 02:02:40+00:00,FAN-20,98.69,99.42388002620427,99.49569080569866,99.50682
2026-01-01 02:02:50+00:00,FAN-20,98.7,99.18743486170756,99.49830312997771,99.484634
2026-01-01 02:03:00+00:00,FAN-20,98.54,98.76365207823972,99.4934071436544,99.494156
2026-01-01 02:03:10+00:00,FAN-20,99.97,98.86374214107776,99.50212489887771,99.5852
2026-01-01 02:03:20+00:00,FAN-20,100.0,98.73870443017456,99.4947095417341,99.54903
2026-01-01 02:03:30+00:00,FAN-20,99.67,97.15262839861282,98.56893215632374,99.01629
2026-01-01 02:03:40+00:00,FAN-20,98.9,97.96397969710937,99.50333822691621,99.58357
2026-01-01 02:03:50+00:00,FAN-20,99.99,97.22690651584416,99.4692468130929,99.57685
2026-01-01 02:04:00+00:00,FAN-20,99.45,97.65674760770139,99.5022560505584,99.60496
2026-01-01 02:04:10+00:00,FAN-20,100.0,97.75557000988437,99.4968205594859,99.55375
2026-01-01 02:04:20+00:00,FAN-20,100.0,96.99191662111926,99.30338341066692,99.241905
2026-01-01 02:04:30+00:00,FAN-20,100.0,97.45923777853737,99.50309271281363,99.656944
2026-01-01 02:04:40+00:00,FAN-20,100.0,99.11384406384714,99.50332108242067,99.65459
2026-01-01 02:04:50+00:00,FAN-20,99.95,98.34372026387048,99.48413952855296,99.6308
2026-01-01 02:05:00+00:00,FAN-20,100.0,97.90173520215359,99.4998238623963,99.57725
2026-01-01 02:05:10+00:00,FAN-20,100.0,97.9643687009505,99.50309681593126,99.59231
2026-01-01 02:05:20+00:00,FAN-20,99.42,98.35910858367748,99.50287337135643,99.482185
2026-01-01 02:05:30+00:00,FAN-20,99.87,99.57202518202776,99.50077346160211,99.572105
2026-01-01 02:05:40+00:00,FAN-20,99.54,98.60704563922882,99.24829998295832,99.14
2026-01-01 02:05:50+00:00,FAN-20,100.0,97.58530956634995,99.47024820874539,99.62971
2026-01-01 02:06:00+00:00,FAN-20,100.0,98.75754615352629,99.47837880737688,99.51329
2026-01-01 02:06:10+00:00,FAN-20,97.61,97.11095731537175,99.33946100375807,99.1669
2026-01-01 02:06:20+00:00,FAN-20,99.02,97.76247994861372,99.48781014876468,99.4992
2026-01-01 02:06:30+00:00,FAN-20,98.22,98.04281527696226,99.49150040172383,99.455826
2026-01-01 02:06:40+00:00,FAN-20,99.8,98.04150704154179,99.49923467403416,99.551575
2026-01-01 02:06:50+00:00,FAN-20,99.6,98.171933109295,99.5002166345383,99.59141
2026-01-01 02:07:00+00:00,FAN-20,100.0,97.44397092817147,99.50288223534587,99.589424
2026-01-01 02:07:10+00:00,FAN-20,98.41,97.67320174768695,99.50118624059431,99.57184
2026-01-01 02:07:20+00:00,FAN-20,99.62,98.45469274551735,99.50088085045611,99.57869
2026-01-01 02:07:30+00:00,FAN-20,100.0,98.0471476097755,99.491790851831,99.55267
2026-01-01 02:07:40+00:00,FAN-20,99.53,98.23948545273163,99.49311030519374,99.58827
2026-01-01 02:07:50+00:00,FAN-20,99.21,97.87395935250336,99.50269540559998,99.591644
2026-01-01 02:08:00+00:00,FAN-20,99.84,99.33214764447638,99.50500661968017,99.57989
2026-01-01 02:08:10+00:00,FAN-20,99.48,98.03927983035098,99.24168866727287,99.37069
2026-01-01 02:08:20+00:00,FAN-20,100.0,98.19139626145248,99.50481930075979,99.58632
2026-01-01 02:08:30+00:00,FAN-20,100.0,96.33396225964722,98.82029587658735,98.97348
2026-01-01 02:08:40+00:00,FAN-20,98.57,96.2003959847743,99.50026987383374,99.545784
2026-01-01 02:08:50+00:00,FAN-20,99.88,97.4434663997946,99.50307630992496,99.58449
2026-01-01 02:09:00+00:00,FAN-20,100.0,97.5106516723556,99.50344720882983,99.59141
2026-01-01 02:09:10+00:00,FAN-20,100.0,98.17343790732593,99.5031212205922,99.59485
2026-01-01 02:09:20+00:00,FAN-20,100.0,98.19876727015117,99.30647799071056,99.20651
2026-01-01 02:09:30+00:00,FAN-20,100.0,97.6321250926325,99.4940972341819,99.55972
2026-01-01 02:09:40+00:00,FAN-20,99.78,96.79220876219763,99.49396750045197,99.55025
2026-01-01 02:09:50+00:00,FAN-20,97.21,96.63851856415869,99.39914532146241,99.42812
2026-01-01 02:10:00+00:00,FAN-20,100.0,96.13471925845077,99.50221093937692,99.59767
2026-01-01 02:10:10+00:00,FAN-20,99.12,97.5810613363603,99.50097086794595,99.56522
2026-01-01 02:10:20+00:00,FAN-20,99.25,97.37313945171624,99.48648759671522,99.54269
2026-01-01 02:10:30+00:00,FAN-20,98.99,96.47331779545722,99.4735656032616,99.43161
2026-01-01 02:10:40+00:00,FAN-20,100.0,96.4597843077885,99.48092103713495,99.461174
2026-01-01 02:10:50+00:00,FAN-20,99.14,96.53240520265607,99.47423229810907,99.55072
2026-01-01 02:11:00+00:00,FAN-20,99.51,97.20204605417223,99.47497570527149,99.3624
2026-01-01 02:11:10+00:00,FAN-20,99.67,97.04762489534261,99.47582499823184,99.506
2026-01-01 02:11:20+00:00,FAN-20,98.86,96.80851722078384,99.47043191382328,99.52717
2026-01-01 02:11:30+00:00,FAN-20,98.9,96.48979654163723,99.46882536193127,99.46647
2026-01-01 02:11:40+00:00,FAN-20,99.79,96.51207955760171,99.46780686995982,99.49758
2026-01-01 02:11:50+00:00,FAN-20,100.0,95.29495364162288,99.08032216497682,98.95626
2026-01-01 02:12:00+00:00,FAN-20,99.82,96.4452871149075,99.46371735752948,99.58391
2026-01-01 02:12:10+00:00,FAN-20,99.84,96.57059137803611,99.45400657484909,99.45651
2026-01-01 02:12:20+00:00,FAN-20,96.05,98.16072190398329,99.42716442302614,99.1624
2026-01-01 02:12:30+00:00,FAN-20,99.37,98.25886878627242,99.45838158687022,99.50864
2026-01-01 02:12:40+00:00,FAN-20,99.15,99.60397808048506,99.47390904730223,99.47112
2026-01-01 02:12:50+00:00,FAN-20,98.76,98.4433183062101,99.32946032986513,99.339516
2026-01-01 02:13:00+00:00,FAN-20,100.0,99.11608242688183,99.47746523272637,99.56966
2026-01-01 02:13:10+00:00,FAN-20,100.0,99.5949491938398,99.47210934156014,99.575966
2026-01-01 02:13:20+00:00,FAN-20,98.8,100.0,99.45408741108555,99.32913
2026-01-01 02:13:30+00:00,FAN-20,100.0,99.45714545914797,99.46568180448419,99.48888
2026-01-01 02:13:40+00:00,FAN-20,100.0,99.43674361969178,99.38158358745936,99.44334
2026-01-01 02:13:50+00:00,FAN-20,100.0,98.57874247046595,99.1375394687247,99.20874
2026-01-01 02:14:00+00:00,FAN-20,100.0,97.3044396527616,98.47305301300499,99.19114
2026-01-01 02:14:10+00:00,FAN-20,99.47,96.89888294141578,99.00055479669105,99.48855
2026-01-01 02:14:20+00:00,FAN-20,100.0,97.41849009661912,99.22017186372221,99.491875
2026-01-01 02:14:30+00:00,FAN-20,100.0,98.25428225659593,99.39497853782967,99.48489
2026-01-01 02:14:40+00:00,FAN-20,99.62,98.22895564930347,99.47092082118958,99.49434
2026-01-01 02:14:50+00:00,FAN-20,100.0,97.47734994576167,99.12250806074134,99.26628
2026-01-01 02:15:00+00:00,FAN-20,98.16,96.08885742131926,99.4388228826224,99.458046
2026-01-01 02:15:10+00:00,FAN-20,98.62,95.68108982341089,99.36463550617601,99.33391
2026-01-01 02:15:20+00:00,FAN-20,99.45,95.88903710774063,99.4583760984592,99.48398
2026-01-01 02:15:30+00:00,FAN-20,99.17,94.768687722014,99.41719987889321,99.46265
2026-01-01 02:15:40+00:00,FAN-20,100.0,95.54225609670918,99.4353965623503,99.62283
2026-01-01 02:15:50+00:00,FAN-20,100.0,96.47423114575928,99.4710438873691,99.643684
2026-01-01 02:16:00+00:00,FAN-20,100.0,97.60612905116483,99.4548498742753,99.46198
2026-01-01 02:16:10+00:00,FAN-20,99.75,97.67551557113076,99.47531574742688,99.55787
2026-01-01 02:16:20+00:00,FAN-20,100.0,96.79191594014209,99.38371668012806,99.30644
2026-01-01 02:16:30+00:00,FAN-20,100.0,97.0112620099135,99.3870952665703,99.308716
2026-01-01 02:16:40+00:00,FAN-20,100.0,98.56377991459172,99.47436746172674,99.41078
2026-01-01 02:16:50+00:00,FAN-20,100.0,99.21158727426055,99.47495324269143,99.54486
2026-01-01 02:17:00+00:00,FAN-20,100.0,97.48203795409405,99.4477534653713,99.49451
2026-01-01 02:17:10+00:00,FAN-20,99.07,96.55903338172904,99.2404015499857,99.23919
2026-01-01 02:17:20+00:00,FAN-20,99.93,97.01361835014443,99.47049533935225,99.50253
2026-01-01 02:17:30+00:00,FAN-20,100.0,96.12840368786411,99.32863833271216,99.35681
2026-01-01 02:17:40+00:00,FAN-20,100.0,96.93241125060621,99.47035547555218,99.55704
2026-01-01 02:17:50+00:00,FAN-20,100.0,97.57471979563886,99.46173983317522,99.50508
2026-01-01 02:18:00+00:00,FAN-20,97.23,96.82163325454401,99.20959190778056,99.13217
2026-01-01 02:18:10+00:00,FAN-20,98.29,95.69687763032337,99.45729999380389,99.42702
2026-01-01 02:18:20+00:00,FAN-20,100.0,96.56848968449884,99.45369084354009,99.493706
2026-01-01 02:18:30+00:00,FAN-20,100.0,96.86115763284599,99.47316057188854,99.561356
2026-01-01 02:18:40+00:00,FAN-20,99.65,97.73278094385537,99.46837600912163,99.52476
2026-01-01 02:18:50+00:00,FAN-20,100.0,97.53077564281296,99.47347495127059,99.58697
2026-01-01 02:19:00+00:00,FAN-20,100.0,97.78017004661348,99.46312035443158,99.530846
2026-01-01 02:19:10+00:00,FAN-20,99.45,97.41221945543002,99.46866135946962,99.52953
2026-01-01 02:19:20+00:00,FAN-20,99.18,99.04828291178094,99.47062855318757,99.50456
2026-01-01 02:19:30+00:00,FAN-20,100.0,99.16733850088487,99.46582641927195,99.506874
2026-01-01 02:19:40+00:00,FAN-20,100.0,99.70777073489418,99.46235385520501,99.51186
2026-01-01 02:19:50+00:00,FAN-20,98.24,100.0,99.46326894287532,99.507164
2026-01-01 02:20:00+00:00,FAN-20,98.8,100.0,99.42737413805972,99.29681
2026-01-01 02:20:10+00:00,FAN-20,100.0,100.0,99.45188021493725,99.59178
2026-01-01 02:20:20+00:00,FAN-20,100.0,100.0,99.46775602179518,99.45975
2026-01-01 02:20:30+00:00,FAN-20,100.0,99.29598067807528,99.12861186273052,99.2044
2026-01-01 02:20:40+00:00,FAN-20,100.0,100.0,99.46780180683594,99.54331
2026-01-01 02:20:50+00:00,FAN-20,99.56,99.29001255265287,99.09416452737254,99.235115
2026-01-01 02:21:00+00:00,FAN-20,99.39,100.0,99.47306898639334,99.530205
2026-01-01 02:21:10+00:00,FAN-20,99.26,100.0,99.47165753967154,99.53685
2026-01-01 02:21:20+00:00,FAN-20,100.0,99.34732824871924,99.47093427360639,99.50843
2026-01-01 02:21:30+00:00,FAN-20,99.38,100.0,99.47073368296623,99.57563
2026-01-01 02:21:40+00:00,FAN-20,100.0,99.99422639786519,99.46695160982817,99.50188
2026-01-01 02:21:50+00:00,FAN-20,100.0,100.0,99.47012648840881,99.50688
2026-01-01 02:22:00+00:00,FAN-20,99.73,100.0,99.45605105880203,99.49287
2026-01-01 02:22:10+00:00,FAN-20,97.19,99.0699206326104,99.45445818372961,99.48984
2026-01-01 02:22:20+00:00,FAN-20,98.53,98.91651502598499,99.30736189894299,99.36758
2026-01-01 02:22:30+00:00,FAN-20,100.0,99.5061582766242,99.47122923075368,99.4926
2026-01-01 02:22:40+00:00,FAN-20,100.0,98.93940768555113,99.46976270320836,99.5505
2026-01-01 02:22:50+00:00,FAN-20,100.0,98.24188740335433,99.47456051426761,99.564125
2026-01-01 02:23:00+00:00,FAN-20,100.0,98.28063922520491,99.44541581556759,99.500015
2026-01-01 02:23:10+00:00,FAN-20,100.0,98.8328016515168,99.47569266744652,99.52833
2026-01-01 02:23:20+00:00,FAN-20,100.0,98.57650948431927,99.47213897866722,99.525764
2026-01-01 02:23:30+00:00,FAN-20,100.0,97.97716838042543,99.46753360861962,99.57381
2026-01-01 02:23:40+00:00,FAN-20,100.0,97.21184669225596,99.3974164470347,99.489395
2026-01-01 02:23:50+00:00,FAN-20,98.93,97.19181815314433,99.43750467595068,99.43791
2026-01-01 02:24:00+00:00,FAN-20,99.4,98.91466197681385,99.4646546574667,99.49549
2026-01-01 02:24:10+00:00,FAN-20,100.0,99.52395681462849,99.46580798969538,99.60218
2026-01-01 02:24:20+00:00,FAN-20,100.0,100.0,99.46520218962145,99.47215
2026-01-01 02:24:30+00:00,FAN-20,100.0,99.01987396293241,99.11307931704913,99.29907
2026-01-01 02:24:40+00:00,FAN-20,100.0,99.62266836994385,99.47447360306123,99.54627
2026-01-01 02:24:50+00:00,FAN-20,99.3,99.9404155460879,99.46925764311064,99.455315
2026-01-01 02:25:00+00:00,FAN-20,100.0,98.20364278362304,98.727772012324,99.355705
2026-01-01 02:25:10+00:00,FAN-20,100.0,99.62139948031351,99.45025997814524,99.5345
2026-01-01 02:25:20+00:00,FAN-20,97.9,100.0,99.46544379085698,99.449455
2026-01-01 02:25:30+00:00,FAN-20,100.0,100.0,99.47632251597146,99.55267
2026-01-01 02:25:40+00:00,FAN-20,100.0,100.0,99.46739756797948,99.539246
2026-01-01 02:25:50+00:00,FAN-20,98.12,99.84469079307196,99.07725102371327,99.040596
2026-01-01 02:26:00+00:00,FAN-20,100.0,100.0,99.34768059079624,99.60883
2026-01-01 02:26:10+00:00,FAN-20,99.9,99.80937401072056,99.35372206480044,99.46796
2026-01-01 02:26:20+00:00,FAN-20,100.0,100.0,99.3552862819755,99.57721
2026-01-01 02:26:30+00:00,FAN-20,99.49,100.0,99.31356329038044,99.56678
2026-01-01 02:26:40+00:00,FAN-20,100.0,100.0,99.24468782987651,99.47634
2026-01-01 02:26:50+00:00,FAN-20,99.91,99.19987954770315,98.3366423602612,99.33951
2026-01-01 02:27:00+00:00,FAN-20,96.78,98.86620662075266,98.69944198394037,98.6687
2026-01-01 02:27:10+00:00,FAN-20,82.19,95.57936194727833,86.59756882614303,82.867165
2026-01-01 02:27:20+00:00,FAN-20,86.12,93.9787667524529,91.66179814211318,87.53583
2026-01-01 02:27:30+00:00,FAN-20,85.84,91.81237097091714,85.9581457047581,84.87399
2026-01-01 02:27:40+00:00,FAN-20,85.58,90.30263416734948,90.63581964666781,86.26275
2026-01-01 02:27:50+00:00,FAN-20,82.95,89.5335288176932,87.04092278178229,83.33582
2026-01-01 02:28:00+00:00,FAN-20,81.95,88.70870055724308,85.57454714413147,82.063896
2026-01-01 02:28:10+00:00,FAN-20,83.08,88.13542319893324,85.58312424722563,83.12717
2026-01-01 02:28:20+00:00,FAN-20,84.27,86.58832646569373,84.56615440843296,82.1894
2026-01-01 02:28:30+00:00,FAN-20,81.94,85.5871901413625,82.87155282169452,82.63501
2026-01-01 02:28:40+00:00,FAN-20,82.14,84.76593609153892,82.68000283893015,82.178154
2026-01-01 02:28:50+00:00,FAN-20,82.99,85.81466929629053,82.83695770984714,83.53257
2026-01-01 02:29:00+00:00,FAN-20,83.37,84.85964537343281,83.38162996332372,82.44737
2026-01-01 02:29:10+00:00,FAN-20,82.52,83.21212828704168,82.75976411218407,82.63279
2026-01-01 02:29:20+00:00,FAN-20,83.56,82.26722273347765,83.70094258297252,82.52651
2026-01-01 02:29:30+00:00,FAN-20,82.19,82.77289290053389,82.50455261183255,81.453064
2026-01-01 02:29:40+00:00,FAN-20,83.05,82.76330491313041,81.89429730762158,81.6557
2026-01-01 02:29:50+00:00,FAN-20,82.74,82.86722238188962,81.53033798036329,80.6107
2026-01-01 02:30:00+00:00,FAN-20,81.42,83.4033690577657,81.18632442422138,80.79408
2026-01-01 02:30:10+00:00,FAN-20,81.65,83.29806961522169,81.17230696861021,81.013596
2026-01-01 02:30:20+00:00,FAN-20,80.54,83.89000625209046,80.76443324865056,80.8843
2026-01-01 02:30:30+00:00,FAN-20,81.28,84.5852722795292,81.1966390661727,81.42982
2026-01-01 02:30:40+00:00,FAN-20,82.87,84.11797974907866,81.51069136133236,81.06931
2026-01-01 02:30:50+00:00,FAN-20,81.48,82.77381466178821,80.97499468982197,80.41237
2026-01-01 02:31:00+00:00,FAN-20,80.66,83.18199252020396,80.81097754767123,80.53372
2026-01-01 02:31:10+00:00,FAN-20,80.43,83.03214205892695,80.16966475143406,80.2781
2026-01-01 02:31:20+00:00,FAN-20,81.18,83.80012395545086,80.38341044716866,80.86071
2026-01-01 02:31:30+00:00,FAN-20,79.9,83.85657256915081,80.16512871289821,80.68964
2026-01-01 02:31:40+00:00,FAN-20,79.99,83.801689671236,80.27758545727437,80.4136
2026-01-01 02:31:50+00:00,FAN-20,81.25,83.21622536721202,80.82169972915318,80.44484
2026-01-01 02:32:00+00:00,FAN-20,80.26,82.12682662044737,80.48368039276528,80.326675
2026-01-01 02:32:10+00:00,FAN-20,78.63,82.23070548730969,79.24257667972643,80.075645
2026-01-01 02:32:20+00:00,FAN-20,79.34,82.45722135811471,79.40251831698127,80.202156
2026-01-01 02:32:30+00:00,FAN-20,81.95,82.94598278349513,80.64160553540748,80.20088
2026-01-01 02:32:40+00:00,FAN-20,77.92,82.73749942895095,79.09589158839954,79.72133
2026-01-01 02:32:50+00:00,FAN-20,78.54,81.5229452027892,79.07244891306298,79.273346
2026-01-01 02:33:00+00:00,FAN-20,79.23,80.82469296285396,78.89821323763736,78.65816
2026-01-01 02:33:10+00:00,FAN-20,77.98,79.85857668597572,78.49827036348493,78.58004
2026-01-01 02:33:20+00:00,FAN-20,78.06,80.60463133112441,78.64058833305405,78.349724
2026-01-01 02:33:30+00:00,FAN-20,80.05,81.84736431357071,79.34200308910458,79.15807
2026-01-01 02:33:40+00:00,FAN-20,79.24,81.44938515175913,78.98516991370795,79.045204
2026-01-01 02:33:50+00:00,FAN-20,77.91,81.42430524498437,78.58004145582633,78.76488
2026-01-01 02:34:00+00:00,FAN-20,80.13,81.69023108095641,79.23814087356529,78.94501
2026-01-01 02:34:10+00:00,FAN-20,77.07,80.0811493106686,77.58595843959158,78.18467
2026-01-01 02:34:20+00:00,FAN-20,77.83,81.18869158036557,77.8885438412643,77.75798
2026-01-01 02:34:30+00:00,FAN-20,77.6,80.15293562371605,77.51382658831379,77.47759
2026-01-01 02:34:40+00:00,FAN-20,75.45,79.37615994783765,76.722330017454,76.955864
2026-01-01 02:34:50+00:00,FAN-20,77.7,79.35229998703599,77.38774824484965,77.58309
2026-01-01 02:35:00+00:00,FAN-20,74.93,79.93499621532553,76.7727670041751,77.11026
2026-01-01 02:35:10+00:00,FAN-20,79.94,79.01258125313825,78.2361241462079,78.132614
2026-01-01 02:35:20+00:00,FAN-20,77.86,78.6667667740091,77.85740192683954,77.84696
2026-01-01 02:35:30+00:00,FAN-20,75.3,78.27838067893906,76.20469253828573,76.58964
2026-01-01 02:35:40+00:00,FAN-20,76.69,76.92257202326165,77.1942816795013,75.81934
2026-01-01 02:35:50+00:00,FAN-20,79.41,76.7896565351893,76.57837439785878,76.214134
2026-01-01 02:36:00+00:00,FAN-20,75.65,76.87538866916027,75.55970772648335,74.3157
2026-01-01 02:36:10+00:00,FAN-20,75.52,78.06675953628137,75.64042345250257,75.36675
2026-01-01 02:36:20+00:00,FAN-20,78.6,77.52821214316549,76.19717384484638,76.05368
2026-01-01 02:36:30+00:00,FAN-20,73.69,77.38563034053047,75.18270974143029,75.12258
2026-01-01 02:36:40+00:00,FAN-20,75.85,78.07208278295437,75.20388459679084,75.61402
2026-01-01 02:36:50+00:00,FAN-20,75.14,76.78439301680756,75.20171564913957,75.13516
2026-01-01 02:37:00+00:00,FAN-20,76.66,77.22048689310051,75.41532697734576,74.10118
2026-01-01 02:37:10+00:00,FAN-20,74.84,77.15506357307072,74.82822455866363,74.391846
2026-01-01 02:37:20+00:00,FAN-20,75.72,77.52996998272475,75.00887076665188,74.375984
2026-01-01 02:37:30+00:00,FAN-20,73.98,76.5790527751616,73.96814832713835,73.05061
2026-01-01 02:37:40+00:00,FAN-20,74.24,76.18796783909409,74.27082829935188,73.45286
2026-01-01 02:37:50+00:00,FAN-20,76.14,76.61134215711218,74.47708899443523,73.4391
2026-01-01 02:38:00+00:00,FAN-20,74.04,76.7351094585498,74.03237109404002,73.36839
2026-01-01 02:38:10+00:00,FAN-20,72.58,76.74154917723253,73.33032372237133,72.96461
2026-01-01 02:38:20+00:00,FAN-20,73.3,76.33534087794803,74.01736716790543,72.72582
2026-01-01 02:38:30+00:00,FAN-20,73.69,76.28310363736742,73.16004107118897,72.97189
2026-01-01 02:38:40+00:00,FAN-20,72.03,74.88644121252555,72.35204025054162,73.22008
2026-01-01 02:38:50+00:00,FAN-20,72.9,74.87016459428186,72.44173713966873,73.07731
2026-01-01 02:39:00+00:00,FAN-20,72.9,75.15770186817416,72.46136724270157,72.91046
2026-01-01 02:39:10+00:00,FAN-20,74.39,75.91865467607202,73.29373968403074,73.44632
2026-01-01 02:39:20+00:00,FAN-20,73.77,76.32642705366723,73.50533106557701,74.124435
2026-01-01 02:39:30+00:00,FAN-20,76.07,76.28453734394508,73.88637020897372,74.117516
2026-01-01 02:39:40+00:00,FAN-20,74.29,75.7125535858844,72.7439805319189,73.03988
2026-01-01 02:39:50+00:00,FAN-20,73.13,76.10841059443365,73.2604156217677,73.02594
2026-01-01 02:40:00+00:00,FAN-20,74.18,76.04593651651372,73.46670768433187,73.22393
2026-01-01 02:40:10+00:00,FAN-20,71.82,75.50666430077118,72.18635239592533,72.89316
2026-01-01 02:40:20+00:00,FAN-20,71.56,74.79526729415866,71.953228675179,72.23113
2026-01-01 02:40:30+00:00,FAN-20,71.74,74.95226687660664,71.82470373927613,72.149765
2026-01-01 02:40:40+00:00,FAN-20,68.63,74.76247130140514,70.42785753531537,72.37316
2026-01-01 02:40:50+00:00,FAN-20,71.17,75.75682360164198,71.51886725325392,72.641884
2026-01-01 02:41:00+00:00,FAN-20,69.32,75.60045688486449,70.39136484020288,72.42451
2026-01-01 02:41:10+00:00,FAN-20,69.72,76.28425246679544,70.12806090936031,69.43857
2026-01-01 02:41:20+00:00,FAN-20,69.01,73.54740301760526,69.46680805157312,69.61418
2026-01-01 02:41:30+00:00,FAN-20,70.21,74.30200313569624,70.23458090308812,70.010414
2026-01-01 02:41:40+00:00,FAN-20,68.47,73.9289022788291,69.50922564142287,68.99223
2026-01-01 02:41:50+00:00,FAN-20,71.86,74.85997862748323,70.72878027999681,69.62013
2026-01-01 02:42:00+00:00,FAN-20,71.14,73.51918425346341,70.31235129007551,69.631134
2026-01-01 02:42:10+00:00,FAN-20,67.98,72.67327026092468,69.40873946174261,69.01638
2026-01-01 02:42:20+00:00,FAN-20,68.26,71.92190115408002,68.95173457088862,69.162186
2026-01-01 02:42:30+00:00,FAN-20,69.82,72.36394267631609,69.37001881397248,69.67068
2026-01-01 02:42:40+00:00,FAN-20,68.74,72.41114398885075,69.06477036722431,69.344315
2026-01-01 02:42:50+00:00,FAN-20,69.7,73.3241245592837,69.27260571527822,69.453926
2026-01-01 02:43:00+00:00,FAN-20,70.75,72.61970485462992,69.01170730394699,69.324326
2026-01-01 02:43:10+00:00,FAN-20,67.12,71.85853957103124,68.2716309150998,68.26543
2026-01-01 02:43:20+00:00,FAN-20,69.22,71.45452880539027,68.38949183288004,67.92536
2026-01-01 02:43:30+00:00,FAN-20,67.29,72.35060703219759,67.78513101839302,67.627495
2026-01-01 02:43:40+00:00,FAN-20,67.38,72.48480580837638,67.85072265304561,67.8115
2026-01-01 02:43:50+00:00,FAN-20,68.77,72.08111670472563,67.8175064818589,67.994736
2026-01-01 02:44:00+00:00,FAN-20,67.24,71.87538890300065,67.23774343077932,68.0359
2026-01-01 02:44:10+00:00,FAN-20,68.34,71.62771388580552,67.2841862293647,67.32351
2026-01-01 02:44:20+00:00,FAN-20,66.16,70.14725046726133,66.33557720604654,67.13824
2026-01-01 02:44:30+00:00,FAN-20,65.95,70.28725514255605,66.33105590777495,67.0789
2026-01-01 02:44:40+00:00,FAN-20,66.98,71.13196980884017,66.79271855487843,67.320145
2026-01-01 02:44:50+00:00,FAN-20,64.26,69.94005975422027,65.42007968829067,65.49508
2026-01-01 02:45:00+00:00,FAN-20,67.56,68.85358225907142,65.99440900719421,65.40638
2026-01-01 02:45:10+00:00,FAN-20,62.82,70.21927352641602,64.29104287714611,65.10982
2026-01-01 02:45:20+00:00,FAN-20,66.0,70.3522938024706,65.09809998203207,65.78947
2026-01-01 02:45:30+00:00,FAN-20,66.31,70.16256975975568,65.19372405992794,64.65306
2026-01-01 02:45:40+00:00,FAN-20,65.45,70.35090597768291,65.28761682638911,64.79697
2026-01-01 02:45:50+00:00,FAN-20,63.92,70.66534511002166,64.58530435748975,64.36942
2026-01-01 02:46:00+00:00,FAN-20,64.96,71.91692938753395,65.35761248711921,65.02971
2026-01-01 02:46:10+00:00,FAN-20,64.95,69.90387319809531,64.57379695209126,64.49793
2026-01-01 02:46:20+00:00,FAN-20,64.68,67.77035953462544,63.961334416553996,64.34218
2026-01-01 02:46:30+00:00,FAN-20,64.71,66.57596861668634,63.42824412186009,63.307514
2026-01-01 02:46:40+00:00,FAN-20,63.64,67.40862074259599,62.70969518749687,62.990437
2026-01-01 02:46:50+00:00,FAN-20,62.69,66.86989691887123,61.37954117877614,62.468315
2026-01-01 02:47:00+00:00,FAN-20,60.54,66.82376900371074,60.77075410159141,62.203114
2026-01-01 02:47:10+00:00,FAN-20,62.18,66.74124961311611,60.9757646593512,62.535122
2026-01-01 02:47:20+00:00,FAN-20,62.14,66.70029721252084,61.07982268896192,62.33698
2026-01-01 02:47:30+00:00,FAN-20,59.34,67.35608922735474,60.15108581452778,61.68523
2026-01-01 02:47:40+00:00,FAN-20,59.71,67.28646699362288,59.96296844507169,61.70357
2026-01-01 02:47:50+00:00,FAN-20,60.76,65.76768296415572,60.21804206381021,60.753536
2026-01-01 02:48:00+00:00,FAN-20,58.91,66.35996800203117,59.43811021993001,60.5384
2026-01-01 02:48:10+00:00,FAN-20,58.87,65.98791056574336,60.15164094925465,61.217224
2026-01-01 02:48:20+00:00,FAN-20,58.45,65.99346436634556,59.434706308420175,59.37783
2026-01-01 02:48:30+00:00,FAN-20,59.49,64.17556257859768,59.84176365399629,59.527863
2026-01-01 02:48:40+00:00,FAN-20,62.1,64.59430182422375,60.48952972656315,60.443302
2026-01-01 02:48:50+00:00,FAN-20,60.73,63.6457193240213,59.78552096304005,60.261753
2026-01-01 02:49:00+00:00,FAN-20,58.05,63.31634212544044,58.43090573273011,60.069508
2026-01-01 02:49:10+00:00,FAN-20,59.08,63.26123675062084,58.83938816123488,58.827423
2026-01-01 02:49:20+00:00,FAN-20,58.21,62.77996668334795,58.56458329527593,59.03233
2026-01-01 02:49:30+00:00,FAN-20,58.62,61.529083558625146,58.78944289891633,59.591763
2026-01-01 02:49:40+00:00,FAN-20,60.42,63.54191681102674,59.16454933267143,59.65746
2026-01-01 02:49:50+00:00,FAN-20,60.73,63.08600981582263,59.038113576253636,58.70705
2026-01-01 02:50:00+00:00,FAN-20,58.41,63.60494030380446,58.686260257613725,58.605618
2026-01-01 02:50:10+00:00,FAN-20,58.39,62.12798040179313,58.095033312286006,58.415287
2026-01-01 02:50:20+00:00,FAN-20,58.2,62.22623039647032,57.90239432474562,57.995667
2026-01-01 02:50:30+00:00,FAN-20,57.0,62.288184744926966,57.2844223470653,57.554535
2026-01-01 02:50:40+00:00,FAN-20,57.55,61.95345371680328,56.99780377773465,57.12065
2026-01-01 02:50:50+00:00,FAN-20,56.87,62.038689267657695,56.60194516184443,57.069233
2026-01-01 02:51:00+00:00,FAN-20,57.27,61.58759074576302,56.48588314147473,56.895435
2026-01-01 02:51:10+00:00,FAN-20,56.09,61.31255711733007,56.43052864364689,56.20103
2026-01-01 02:51:20+00:00,FAN-20,57.8,60.53967006383277,56.12220878358876,56.367085
2026-01-01 02:51:30+00:00,FAN-20,55.17,61.21098883833366,55.59896513553756,55.410885
2026-01-01 02:51:40+00:00,FAN-20,55.93,59.205738451245196,55.61216539592258,55.590714
2026-01-01 02:51:50+00:00,FAN-20,53.38,59.172203814667654,55.14800566722439,55.50599
2026-01-01 02:52:00+00:00,FAN-20,55.0,60.72575886971592,56.3085057872197,55.84003
2026-01-01 02:52:10+00:00,FAN-20,59.0,59.54004159205229,57.18417930679095,56.379547
2026-01-01 02:52:20+00:00,FAN-20,58.59,59.172161257892505,57.110912554741795,56.434975
2026-01-01 02:52:30+00:00,FAN-20,58.33,59.60152039942771,57.5151764304195,56.451088
2026-01-01 02:52:40+00:00,FAN-20,57.3,60.27632862767193,57.29376154443546,56.45228
2026-01-01 02:52:50+00:00,FAN-20,57.31,61.14364987379658,57.063945137729895,56.034992
2026-01-01 02:53:00+00:00,FAN-20,56.14,61.16925326622081,56.434910094777294,55.853355
2026-01-01 02:53:10+00:00,FAN-20,56.82,61.15220738504522,56.241109049967356,55.92531
2026-01-01 02:53:20+00:00,FAN-20,55.41,61.299346951546326,55.81692558778958,55.138393
2026-01-01 02:53:30+00:00,FAN-20,55.52,59.38517976895574,55.404555129696355,54.87879
2026-01-01 02:53:40+00:00,FAN-20,56.28,59.620938378046375,55.562449126982635,55.43413
2026-01-01 02:53:50+00:00,FAN-20,55.18,61.00048294412535,55.30668194868441,55.34888
2026-01-01 02:54:00+00:00,FAN-20,56.26,59.717226593316674,55.812601102490696,55.41019
2026-01-01 02:54:10+00:00,FAN-20,55.85,61.466659217951346,55.65112622030984,55.32543
2026-01-01 02:54:20+00:00,FAN-20,55.38,60.58584234464963,55.61913075834522,54.909683
2026-01-01 02:54:30+00:00,FAN-20,55.4,60.85254580218563,55.3951221804934,54.985275
2026-01-01 02:54:40+00:00,FAN-20,51.85,59.83655393879128,53.42999901887428,53.89729
2026-01-01 02:54:50+00:00,FAN-20,53.37,58.963491018151174,52.913377748753696,53.167206
2026-01-01 02:55:00+00:00,FAN-20,53.47,57.26806935211533,52.99872059644059,52.96553
2026-01-01 02:55:10+00:00,FAN-20,53.22,57.63025685383319,53.30424814731208,53.10557
2026-01-01 02:55:20+00:00,FAN-20,54.05,57.25500822520574,53.1992646199922,53.196568
2026-01-01 02:55:30+00:00,FAN-20,54.52,57.793435640846866,53.30020643819893,53.273373
2026-01-01 02:55:40+00:00,FAN-20,53.29,58.1733306607987,52.808346133282456,53.33822
2026-01-01 02:55:50+00:00,FAN-20,51.79,56.98150196989412,51.83611067231832,51.964973
2026-01-01 02:56:00+00:00,FAN-20,53.14,57.41198060492782,52.53740279559548,52.549595
2026-01-01 02:56:10+00:00,FAN-20,54.13,57.59531152224267,52.850914019231205,53.21463
2026-01-01 02:56:20+00:00,FAN-20,52.94,57.942345339953114,52.250667905622464,52.030815
2026-01-01 02:56:30+00:00,FAN-20,52.91,56.8981251280337,52.37659111983262,51.259796
2026-01-01 02:56:40+00:00,FAN-20,50.41,57.55071534496014,51.31936243987553,51.064964
2026-01-01 02:56:50+00:00,FAN-20,51.53,56.662272197823654,51.80404653108029,51.126167
2026-01-01 02:57:00+00:00,FAN-20,51.81,55.97234297387501,51.77629145814991,51.800873
2026-01-01 02:57:10+00:00,FAN-20,50.66,56.28636634888756,51.239589181763286,51.818935
2026-01-01 02:57:20+00:00,FAN-20,50.38,55.29999255848104,50.678347794133465,51.14758
2026-01-01 02:57:30+00:00,FAN-20,50.96,56.68804647863897,50.996888596856266,51.351265
2026-01-01 02:57:40+00:00,FAN-20,49.97,55.58476978012344,50.75679361034663,51.205803
2026-01-01 02:57:50+00:00,FAN-20,51.27,55.32741868002395,50.698623350553994,51.271694
2026-01-01 02:58:00+00:00,FAN-20,50.98,54.97595088603162,50.694959207982905,51.060295
2026-01-01 02:58:10+00:00,FAN-20,49.85,55.192190439432025,50.62131779717733,50.920025
2026-01-01 02:58:20+00:00,FAN-20,51.51,55.119520957571304,51.01802997075859,51.187572
2026-01-01 02:58:30+00:00,FAN-20,51.8,54.845926907936864,51.49726970903348,50.336754
2026-01-01 02:58:40+00:00,FAN-20,52.44,54.53979262622681,51.63473917457055,50.471855
2026-01-01 02:58:50+00:00,FAN-20,50.59,53.66870698355281,50.06267395500454,50.361202
2026-01-01 02:59:00+00:00,FAN-20,49.5,53.7631253751237,49.52311834229927,50.00931
2026-01-01 02:59:10+00:00,FAN-20,48.28,53.91201446133166,48.896360259194985,49.980022
2026-01-01 02:59:20+00:00,FAN-20,50.28,53.596333296834054,49.04314533016766,50.264236
2026-01-01 02:59:30+00:00,FAN-20,47.39,53.47315492591153,47.44753060210269,48.032703
2026-01-01 02:59:40+00:00,FAN-20,46.9,53.77984909313614,47.359838807608774,47.853603
2026-01-01 02:59:50+00:00,FAN-20,46.83,53.48917357011912,47.04868946554641,47.787453
2026-01-01 03:00:00+00:00,FAN-20,46.11,52.28133689337048,46.65365597417668,47.21545
2026-01-01 03:00:10+00:00,FAN-20,45.91,52.936067932194035,46.708206498075434,47.206764
2026-01-01 03:00:20+00:00,FAN-20,45.88,52.96223555278358,46.5469691356261,46.99884
2026-01-01 03:00:30+00:00,FAN-20,46.61,52.20327853198744,46.7364000994308,47.398376
2026-01-01 03:00:40+00:00,FAN-20,46.72,52.77021391127838,46.630410047401945,47.250877
2026-01-01 03:00:50+00:00,FAN-20,46.93,51.42784874338285,46.60565565084448,47.20139
2026-01-01 03:01:00+00:00,FAN-20,46.36,50.86363524086752,46.24514966347571,46.65426
2026-01-01 03:01:10+00:00,FAN-20,46.66,50.2775202016263,46.39572024619026,46.657265
2026-01-01 03:01:20+00:00,FAN-20,45.35,50.7426022811686,45.62119062341406,46.532883
2026-01-01 03:01:30+00:00,FAN-20,42.5,49.260219677160535,44.71103148906974,45.388454
2026-01-01 03:01:40+00:00,FAN-20,44.9,48.81991371291056,45.453034112466575,46.33156
2026-01-01 03:01:50+00:00,FAN-20,45.44,47.96553051612314,45.19979772447893,45.507774
2026-01-01 03:02:00+00:00,FAN-20,46.57,47.64313585696755,45.65436375181096,47.044785
2026-01-01 03:02:10+00:00,FAN-20,44.04,47.094095769946556,44.54839393949879,43.642338
2026-01-01 03:02:20+00:00,FAN-20,47.0,46.80255630610512,45.346808245842425,44.731438
2026-01-01 03:02:30+00:00,FAN-20,44.7,47.207264430394304,44.29426193528652,43.744358
2026-01-01 03:02:40+00:00,FAN-20,42.62,47.11579976515234,43.155157700481816,43.512245
2026-01-01 03:02:50+00:00,FAN-20,44.09,47.36585741167103,43.48738005494223,43.415356
2026-01-01 03:03:00+00:00,FAN-20,43.68,48.6279568614004,43.82739060453703,43.522804
2026-01-01 03:03:10+00:00,FAN-20,45.28,48.51812110162568,44.65867322268376,43.75957
2026-01-01 03:03:20+00:00,FAN-20,44.08,48.24424230536023,43.85383399943624,43.332405
2026-01-01 03:03:30+00:00,FAN-20,46.65,49.46295297199905,44.681243557811605,43.81485
2026-01-01 03:03:40+00:00,FAN-20,42.33,48.797976047750126,42.984433904922895,43.211456
2026-01-01 03:03:50+00:00,FAN-20,43.7,48.17030604781355,43.3325858235843,43.279663
2026-01-01 03:04:00+00:00,FAN-20,43.94,47.51430579635298,43.336220008806,43.07889
2026-01-01 03:04:10+00:00,FAN-20,41.41,47.18594199831136,42.35453471243568,42.321533
2026-01-01 03:04:20+00:00,FAN-20,43.02,47.7937472449684,42.87459695998444,42.583813
2026-01-01 03:04:30+00:00,FAN-20,43.26,48.31580988036432,42.747782794520276,42.479546
2026-01-01 03:04:40+00:00,FAN-20,42.95,47.930122159957534,42.453022289771624,41.924168
2026-01-01 03:04:50+00:00,FAN-20,43.11,47.630705756914395,42.382240308438156,41.787457
2026-01-01 03:05:00+00:00,FAN-20,39.39,48.119306276899515,40.2987474963896,41.49463
2026-01-01 03:05:10+00:00,FAN-20,41.77,47.943741957650154,40.575240272545564,41.56502
2026-01-01 03:05:20+00:00,FAN-20,39.07,47.80027604667159,39.344599042297574,41.14114
2026-01-01 03:05:30+00:00,FAN-20,40.35,48.22351140964869,40.2089423392566,41.26283
2026-01-01 03:05:40+00:00,FAN-20,38.78,48.40500242091804,39.20681536010288,41.292927
2026-01-01 03:05:50+00:00,FAN-20,39.12,47.75347271080075,39.36085207910283,41.14471
2026-01-01 03:06:00+00:00,FAN-20,40.04,46.966495512888116,40.16819198803374,41.098125
2026-01-01 03:06:10+00:00,FAN-20,40.34,46.86293375611021,39.97823939654011,41.37847
2026-01-01 03:06:20+00:00,FAN-20,38.61,45.26403090196083,39.1877217320751,39.87578
2026-01-01 03:06:30+00:00,FAN-20,39.91,45.472323413640254,39.647789481692044,40.207344
2026-01-01 03:06:40+00:00,FAN-20,39.52,45.37780537353491,39.25826361570616,40.351334
2026-01-01 03:06:50+00:00,FAN-20,38.2,44.916051987712805,38.96780109679534,40.549133
2026-01-01 03:07:00+00:00,FAN-20,40.75,44.00396809782757,39.60253081851481,39.316765
2026-01-01 03:07:10+00:00,FAN-20,37.6,43.72761849828717,38.2867841014519,38.82304
2026-01-01 03:07:20+00:00,FAN-20,39.95,43.212852906991074,38.745536626709864,38.741554
2026-01-01 03:07:30+00:00,FAN-20,37.71,43.200766462085895,38.01816105330181,36.95248
2026-01-01 03:07:40+00:00,FAN-20,38.85,43.726888498028046,38.266736964551995,36.91938
2026-01-01 03:07:50+00:00,FAN-20,38.19,42.911024708693894,37.29980914272471,36.95691
2026-01-01 03:08:00+00:00,FAN-20,36.68,43.776013710548355,37.26048127639027,36.918354
2026-01-01 03:08:10+00:00,FAN-20,36.79,41.47330042838708,36.69544512661413,36.293457
2026-01-01 03:08:20+00:00,FAN-20,36.88,41.213134726462556,36.633516457254736,36.49146
2026-01-01 03:08:30+00:00,FAN-20,38.25,41.65406768574463,37.368583649463815,36.370052
2026-01-01 03:08:40+00:00,FAN-20,34.8,41.32188332946501,35.71116488842864,36.282246
2026-01-01 03:08:50+00:00,FAN-20,39.22,42.67201950527128,37.53113823880148,36.342144
2026-01-01 03:09:00+00:00,FAN-20,33.13,41.353858473282166,35.269464147003305,35.646355
2026-01-01 03:09:10+00:00,FAN-20,36.54,41.17238301602984,35.904614296355156,36.00498
2026-01-01 03:09:20+00:00,FAN-20,36.51,40.71880467078572,36.1473674368802,36.056416
2026-01-01 03:09:30+00:00,FAN-20,37.39,41.5890133919395,36.777883121353696,36.070793
2026-01-01 03:09:40+00:00,FAN-20,35.13,40.95073731161225,35.62156500128749,35.96798
2026-01-01 03:09:50+00:00,FAN-20,34.13,39.78947934305239,35.1136382821492,35.670113
2026-01-01 03:10:00+00:00,FAN-20,35.71,40.66659324077722,35.68700932108742,35.898598
2026-01-01 03:10:10+00:00,FAN-20,35.21,39.99639195957346,35.32542118821266,35.690872
2026-01-01 03:10:20+00:00,FAN-20,36.35,38.868118172900694,35.639182847468426,35.568367
2026-01-01 03:10:30+00:00,FAN-20,34.17,39.436065581721465,34.56981946834753,35.422966
2026-01-01 03:10:40+00:00,FAN-20,36.47,39.39850295957122,35.50319274886329,34.460003
2026-01-01 03:10:50+00:00,FAN-20,32.7,38.37946838632957,33.82275956149295,34.09056
2026-01-01 03:11:00+00:00,FAN-20,32.24,37.74682043510484,33.11533882971785,32.991833
2026-01-01 03:11:10+00:00,FAN-20,34.25,37.230751850728296,33.7025121428842,33.06141
2026-01-01 03:11:20+00:00,FAN-20,32.26,38.13699768959856,32.91311716146352,32.916725
2026-01-01 03:11:30+00:00,FAN-20,34.01,38.89761601891105,33.635318591476555,33.248722
2026-01-01 03:11:40+00:00,FAN-20,31.44,39.54565448098325,32.42294063567978,32.95756
2026-01-01 03:11:50+00:00,FAN-20,33.27,37.67363042643784,33.163367443855364,32.8385
2026-01-01 03:12:00+00:00,FAN-20,32.26,38.179381626157166,32.11479484490971,32.437817
2026-01-01 03:12:10+00:00,FAN-20,34.26,37.27960191040516,33.622117585835916,32.46078
2026-01-01 03:12:20+00:00,FAN-20,34.31,37.82477379526466,33.631415990655256,32.704704
2026-01-01 03:12:30+00:00,FAN-20,31.21,39.17232630794425,32.00155692951561,32.50841
2026-01-01 03:12:40+00:00,FAN-20,33.38,36.779531314920696,33.10406782222797,31.90793
2026-01-01 03:12:50+00:00,FAN-20,33.08,36.98469334110538,32.90607542831579,32.32139
2026-01-01 03:13:00+00:00,FAN-20,32.95,37.65474141082553,32.2992564037069,32.287212
2026-01-01 03:13:10+00:00,FAN-20,31.81,38.02764703336143,32.08014414004205,32.20154
2026-01-01 03:13:20+00:00,FAN-20,31.59,37.73579906845568,31.97467529941696,31.70761
2026-01-01 03:13:30+00:00,FAN-20,32.5,36.19746289844918,31.927391210446114,31.40087
2026-01-01 03:13:40+00:00,FAN-20,32.2,36.67044335693932,31.448556549272745,31.511837
2026-01-01 03:13:50+00:00,FAN-20,32.59,37.40293995794826,31.6374872367517,31.2805
2026-01-01 03:14:00+00:00,FAN-20,31.01,37.632467331213796,31.13728768523123,31.415699
2026-01-01 03:14:10+00:00,FAN-20,33.03,36.57705652450326,31.42109487667034,30.604517
2026-01-01 03:14:20+00:00,FAN-20,31.44,38.95541477990995,31.471249772311815,30.7322
2026-01-01 03:14:30+00:00,FAN-20,31.96,38.945120240783815,31.63377526465716,30.954338
2026-01-01 03:14:40+00:00,FAN-20,31.19,38.62767064439359,30.934117044404708,30.558615
2026-01-01 03:14:50+00:00,FAN-20,30.21,38.39402709603742,30.291635456609928,30.05147
2026-01-01 03:15:00+00:00,FAN-20,30.17,37.76808613033223,30.258701533295906,30.119518
2026-01-01 03:15:10+00:00,FAN-20,31.95,36.96080344628396,30.68010750659475,30.192858
2026-01-01 03:15:20+00:00,FAN-20,28.71,36.26664391574947,29.5967493442732,29.838678
2026-01-01 03:15:30+00:00,FAN-20,29.6,36.09525757906723,29.834953771857077,29.88466
2026-01-01 03:15:40+00:00,FAN-20,31.2,35.63187541645727,30.368674229040735,29.875536
2026-01-01 03:15:50+00:00,FAN-20,29.75,36.28767279534963,30.16503723013018,29.86017
2026-01-01 03:16:00+00:00,FAN-20,30.92,35.26857375000305,30.112090264316006,29.740545
2026-01-01 03:16:10+00:00,FAN-20,26.83,33.961608794081634,27.777808408435515,28.506811
2026-01-01 03:16:20+00:00,FAN-20,28.72,34.403466701100214,28.44088964788533,29.108118
2026-01-01 03:16:30+00:00,FAN-20,28.07,34.3044205575912,28.173582427410874,28.852654
2026-01-01 03:16:40+00:00,FAN-20,28.85,34.95222902789382,28.63793188630827,27.75204
2026-01-01 03:16:50+00:00,FAN-20,28.32,34.08068211902605,28.323094091781343,27.21235
2026-01-01 03:17:00+00:00,FAN-20,27.77,34.73301756381592,28.136495686172783,27.883316
2026-01-01 03:17:10+00:00,FAN-20,27.88,33.71467232505802,28.16772324559337,27.10442
2026-01-01 03:17:20+00:00,FAN-20,28.49,33.635933504120146,28.5139288046972,26.977211
2026-01-01 03:17:30+00:00,FAN-20,28.47,34.26572050947934,28.112441100310278,27.038027
2026-01-01 03:17:40+00:00,FAN-20,27.11,32.66982711257994,26.896744336677695,26.757786
2026-01-01 03:17:50+00:00,FAN-20,25.99,33.3330672106913,26.62111291911063,26.857183
2026-01-01 03:18:00+00:00,FAN-20,25.71,33.38852662037639,26.548552693457363,26.677338
2026-01-01 03:18:10+00:00,FAN-20,27.62,33.95011256813655,27.449612485374814,26.768673
2026-01-01 03:18:20+00:00,FAN-20,25.03,32.819255568246746,26.128403771030534,26.64974
2026-01-01 03:18:30+00:00,FAN-20,27.75,33.782221295390634,27.11180683934005,26.749687
2026-01-01 03:18:40+00:00,FAN-20,25.34,33.7537497456699,26.265388866010603,26.524733
2026-01-01 03:18:50+00:00,FAN-20,26.58,33.54587180516183,26.542485796324986,25.927498
2026-01-01 03:19:00+00:00,FAN-20,27.43,33.46125505130671,26.670137037955627,24.89373
2026-01-01 03:19:10+00:00,FAN-20,25.18,32.876604612262,25.803982817364393,24.87082
2026-01-01 03:19:20+00:00,FAN-20,25.76,33.09468316450393,25.946142185913985,25.58304
2026-01-01 03:19:30+00:00,FAN-20,24.65,32.86102028353876,25.348850223619976,25.794798
2026-01-01 03:19:40+00:00,FAN-20,25.43,30.621953607654596,25.491310984306164,24.763638
2026-01-01 03:19:50+00:00,FAN-20,24.81,31.75568367324395,25.247729923487228,25.033035
2026-01-01 03:20:00+00:00,FAN-20,23.99,30.90986928474932,25.07653996538099,24.856798
2026-01-01 03:20:10+00:00,FAN-20,25.14,29.829323274564842,25.32314914931723,23.989717
2026-01-01 03:20:20+00:00,FAN-20,26.37,30.446304768696045,25.249479581144968,23.978987
2026-01-01 03:20:30+00:00,FAN-20,25.3,31.183316346326734,25.635823327129245,24.445915
2026-01-01 03:20:40+00:00,FAN-20,25.89,29.463140352972275,25.16601053662897,24.178823
2026-01-01 03:20:50+00:00,FAN-20,23.77,28.872526991710757,25.014360765954848,24.589281
2026-01-01 03:21:00+00:00,FAN-20,23.63,28.769771232172218,24.780444012949815,24.152124
2026-01-01 03:21:10+00:00,FAN-20,22.79,29.070029593642992,24.782812838250358,23.97966
2026-01-01 03:21:20+00:00,FAN-20,23.69,27.863435717019797,24.618194684220075,22.988459
2026-01-01 03:21:30+00:00,FAN-20,23.77,27.531820145871436,23.194747413253946,22.98763
2026-01-01 03:21:40+00:00,FAN-20,23.62,27.106421541445073,22.83113753865204,22.546337
2026-01-01 03:21:50+00:00,FAN-20,21.63,27.862212770312723,23.368460147469648,23.020275
2026-01-01 03:22:00+00:00,FAN-20,23.04,27.233373685221054,23.56774775559802,23.042505
2026-01-01 03:22:10+00:00,FAN-20,21.67,26.5877581590861,23.6104748680582,23.087658
2026-01-01 03:22:20+00:00,FAN-20,23.0,25.564531319769216,22.953419993080345,22.95658
2026-01-01 03:22:30+00:00,FAN-20,23.19,26.875781697576983,22.711777350842606,23.221153
2026-01-01 03:22:40+00:00,FAN-20,23.33,26.876167954131816,23.144488816314077,23.322214
2026-01-01 03:22:50+00:00,FAN-20,21.1,26.911086121216925,22.9628063143153,22.547354
2026-01-01 03:23:00+00:00,FAN-20,22.2,26.298243738281094,23.009797260107813,22.51776
2026-01-01 03:23:10+00:00,FAN-20,23.83,26.79299736019675,22.820833509055,22.49354
2026-01-01 03:23:20+00:00,FAN-20,23.03,27.010919724574514,23.02481766715919,22.368519
2026-01-01 03:23:30+00:00,FAN-20,23.91,27.139201339825703,23.108263473073148,22.555513
2026-01-01 03:23:40+00:00,FAN-20,23.89,28.317425168064908,22.986710317623672,22.559671
2026-01-01 03:23:50+00:00,FAN-20,24.0,27.145477390043666,23.14060244651872,22.61911
2026-01-01 03:24:00+00:00,FAN-20,21.69,27.87173998786688,23.147756800736623,22.603216
2026-01-01 03:24:10+00:00,FAN-20,20.35,28.55525946639974,23.360885979622264,22.68379
2026-01-01 03:24:20+00:00,FAN-20,21.43,28.83814495175165,23.068005961625914,22.638468
2026-01-01 03:24:30+00:00,FAN-20,23.2,29.084305471611543,22.96191524581773,22.796476
2026-01-01 03:24:40+00:00,FAN-20,21.88,28.704142595018197,22.76108518011079,22.70381
2026-01-01 03:24:50+00:00,FAN-20,23.09,28.652364565426936,22.774639845939465,22.730528
2026-01-01 03:25:00+00:00,FAN-20,22.79,28.907138548911412,23.014877912005318,22.724258
2026-01-01 03:25:10+00:00,FAN-20,23.66,28.25645852143039,22.764255094696058,22.742441
2026-01-01 03:25:20+00:00,FAN-20,21.99,27.52626711825303,22.90179036115221,22.735416
2026-01-01 03:25:30+00:00,FAN-20,23.32,28.035676181559026,22.944434446411716,22.971682
2026-01-01 03:25:40+00:00,FAN-20,23.41,26.391202978473963,23.319755308254283,22.579165
2026-01-01 03:25:50+00:00,FAN-20,21.96,26.750991428834233,23.18390829638531,22.52996
2026-01-01 03:26:00+00:00,FAN-20,21.98,27.105677037633328,23.01376373318601,22.501806
2026-01-01 03:26:10+00:00,FAN-20,21.78,27.0352911829751,23.489504725162284,22.748655
2026-01-01 03:26:20+00:00,FAN-20,24.36,27.55279435969632,23.082575672959194,22.716064
2026-01-01 03:26:30+00:00,FAN-20,21.8,27.552085648977872,22.840588896896886,22.632782
2026-01-01 03:26:40+00:00,FAN-20,24.46,27.466911628394023,23.118247715927065,22.802656
2026-01-01 03:26:50+00:00,FAN-20,22.92,28.45011082057013,22.838284350378686,22.661783
2026-01-01 03:27:00+00:00,FAN-20,23.39,29.003081074269723,22.986304838110602,22.889492
2026-01-01 03:27:10+00:00,FAN-20,21.8,27.735640616692464,22.784383825059187,22.880194
2026-01-01 03:27:20+00:00,FAN-20,21.17,25.864449134960594,22.719056064510582,22.798334
2026-01-01 03:27:30+00:00,FAN-20,23.11,27.202786952753826,22.56760608974728,22.611835
2026-01-01 03:27:40+00:00,FAN-20,21.44,26.52649642227159,22.69091470586223,22.733173
2026-01-01 03:27:50+00:00,FAN-20,24.39,26.4382818024527,22.772325760037482,22.790604
2026-01-01 03:28:00+00:00,FAN-20,22.17,26.539643404575372,22.906709366054486,22.90416
2026-01-01 03:28:10+00:00,FAN-20,22.99,26.16155323565154,22.960595035000193,23.045362
2026-01-01 03:28:20+00:00,FAN-20,21.28,25.835661353850938,23.00056829566398,23.004324
2026-01-01 03:28:30+00:00,FAN-20,21.97,25.928306983813087,23.168063227129043,22.750786
2026-01-01 03:28:40+00:00,FAN-20,24.21,25.760754785027366,23.10156449313026,22.742863
2026-01-01 03:28:50+00:00,FAN-20,19.22,25.880165322798135,22.930556606844092,22.72055
2026-01-01 03:29:00+00:00,FAN-20,22.25,24.6030571114472,23.41166478549812,22.871506
2026-01-01 03:29:10+00:00,FAN-20,21.99,25.84179211371606,23.17579794760322,22.802233
2026-01-01 03:29:20+00:00,FAN-20,21.88,24.884960612136247,23.065384937189357,22.925507
2026-01-01 03:29:30+00:00,FAN-20,22.28,25.13022071157549,22.622015912593962,22.913635
2026-01-01 03:29:40+00:00,FAN-20,22.83,25.96007881186806,22.889109694237415,22.735111
2026-01-01 03:29:50+00:00,FAN-20,22.36,26.052328894084923,23.246461506449734,22.664614
2026-01-01 03:30:00+00:00,FAN-20,21.45,25.78101595840989,22.843751465593343,22.804344
2026-01-01 03:30:10+00:00,FAN-20,21.89,26.560822402029572,22.70369566277117,22.713879
2026-01-01 03:30:20+00:00,FAN-20,22.16,24.930194828837443,23.1698412368047,23.19926
2026-01-01 03:30:30+00:00,FAN-20,22.59,25.218218431757577,22.491978044256957,23.187471
2026-01-01 03:30:40+00:00,FAN-20,22.01,25.658454229062457,22.50022301654762,23.328497
2026-01-01 03:30:50+00:00,FAN-20,21.18,25.648741183372614,22.198601295860353,23.32947
2026-01-01 03:31:00+00:00,FAN-20,25.26,24.26775217032214,22.306138636810115,23.091597
2026-01-01 03:31:10+00:00,FAN-20,24.35,24.213686979541713,22.382301553288112,23.311577
2026-01-01 03:31:20+00:00,FAN-20,20.84,24.546504102525134,22.52657523272902,23.145525
2026-01-01 03:31:30+00:00,FAN-20,24.79,23.89692410496761,22.499530685381274,23.163208
2026-01-01 03:31:40+00:00,FAN-20,22.81,25.508564743833034,22.15335640378423,22.807852
2026-01-01 03:31:50+00:00,FAN-20,22.52,24.502710466157026,22.386950327498422,22.937298
2026-01-01 03:32:00+00:00,FAN-20,24.0,25.119707708233484,22.2146589230194,22.732746
2026-01-01 03:32:10+00:00,FAN-20,0.0,1.4037962594008633,0.49310557683057693,1.2523175
2026-01-01 03:32:20+00:00,FAN-20,0.0,0.0,0.4028595418470418,0.5423093
2026-01-01 03:32:30+00:00,FAN-20,0.42,0.0,0.8415532840307842,0.0
2026-01-01 03:32:40+00:00,FAN-20,1.43,0.0,1.231003403078404,1.8896643
2026-01-01 03:32:50+00:00,FAN-20,0.63,0.0,0.2071305158730159,0.0
2026-01-01 03:33:00+00:00,FAN-20,1.46,0.0,0.0676840957190957,0.0
2026-01-01 03:33:10+00:00,FAN-20,0.0,0.0,0.6152057703222705,0.9540526
2026-01-01 03:33:20+00:00,FAN-20,0.34,0.0,1.9864873040972286,0.0
2026-01-01 03:33:30+00:00,FAN-20,0.96,0.0,5.384270695979097,1.271914
2026-01-01 03:33:40+00:00,FAN-20,3.11,0.0,1.452374610222813,0.0
2026-01-01 03:33:50+00:00,FAN-20,1.5,0.0,0.33370986112776113,0.14156567
2026-01-01 03:34:00+00:00,FAN-20,0.0,0.0,0.30712813056958205,0.17200153
2026-01-01 03:34:10+00:00,FAN-20,1.89,0.0,0.2580789864997924,0.6253804
2026-01-01 03:34:20+00:00,FAN-20,0.0,0.0,0.45165201479772416,0.15339212
2026-01-01 03:34:30+00:00,FAN-20,1.6,0.0,0.8944927929850187,0.36251947
2026-01-01 03:34:40+00:00,FAN-20,1.58,0.0,0.4226266666899728,0.5717813
2026-01-01 03:34:50+00:00,FAN-20,0.0,0.0,4.8507964141414135,0.045967627
2026-01-01 03:35:00+00:00,FAN-20,0.19,0.0,0.6229390340865099,1.3134084
2026-01-01 03:35:10+00:00,FAN-20,0.32,0.0,0.36505475239677837,1.0732722
2026-01-01 03:35:20+00:00,FAN-20,1.23,0.0,0.38215257255862684,1.003377
2026-01-01 03:35:30+00:00,FAN-20,0.0,0.0,0.768899352348495,0.83272344
2026-01-01 03:35:40+00:00,FAN-20,0.0,0.0,0.508140953269009,0.44328287
2026-01-01 03:35:50+00:00,FAN-20,1.36,0.0,0.5705603186062419,0.3325282
2026-01-01 03:36:00+00:00,FAN-20,0.0,0.0,0.6535379785499982,0.19971564
2026-01-01 03:36:10+00:00,FAN-20,0.0,0.0,0.42660696019185623,0.0
2026-01-01 03:36:20+00:00,FAN-20,0.89,0.0,0.6520566548454729,0.0
2026-01-01 03:36:30+00:00,FAN-20,0.0,0.0,0.49959526760359446,0.0
2026-01-01 03:36:40+00:00,FAN-20,0.34,0.0,0.7670677504440002,0.0
2026-01-01 03:36:50+00:00,FAN-20,0.15,0.0,0.6423153619559038,0.0
2026-01-01 03:37:00+00:00,FAN-20,0.0,0.0,0.8017323191373245,0.0
2026-01-01 03:37:10+00:00,FAN-20,0.0,0.0,0.5320036824686906,0.0
2026-01-01 03:37:20+00:00,FAN-20,0.59,0.0,0.4594460445576315,0.0
2026-01-01 03:37:30+00:00,FAN-20,0.0,0.0,0.5948589156462222,0.0
2026-01-01 03:37:40+00:00,FAN-20,2.35,0.0,0.486807616161616,0.0
2026-01-01 03:37:50+00:00,FAN-20,1.3,0.0,0.4150386918418103,0.0
2026-01-01 03:38:00+00:00,FAN-20,0.0,0.0,0.4017614297739299,0.0
2026-01-01 03:38:10+00:00,FAN-20,0.0,0.0,0.5338564136665382,0.0
2026-01-01 03:38:20+00:00,FAN-20,0.65,0.0,0.4833405954941517,0.0
2026-01-01 03:38:30+00:00,FAN-20,0.0,0.0,0.6197316390194835,0.0
2026-01-01 03:38:40+00:00,FAN-20,0.0,0.0,0.4744142502435417,0.0
2026-01-01 03:38:50+00:00,FAN-20,0.0,0.0,0.42630862535903624,0.0
2026-01-01 03:39:00+00:00,FAN-20,0.0,0.19828030665264862,0.36723124902812265,0.0
2026-01-01 03:39:10+00:00,FAN-20,0.0,0.4300796006416334,0.4644487308506727,0.4382385
2026-01-01 03:39:20+00:00,FAN-20,0.61,0.7033254401541313,0.7838076289840763,0.0
2026-01-01 03:39:30+00:00,FAN-20,0.2,1.759172128942069,0.5555566029341028,0.48593494
2026-01-01 03:39:40+00:00,FAN-20,1.02,0.5297953775254456,0.45458119680514414,0.25617802
2026-01-01 03:39:50+00:00,FAN-20,0.0,1.3190210753884202,4.633550658907002,0.0
2026-01-01 03:40:00+00:00,FAN-20,0.0,0.0,0.4095099577865626,0.0
2026-01-01 03:40:10+00:00,FAN-20,0.0,0.0,0.3502914042939403,0.0
2026-01-01 03:40:20+00:00,FAN-20,0.21,0.0,0.5287649595400549,0.0
2026-01-01 03:40:30+00:00,FAN-20,64.48,26.557441244693884,45.38349042087543,66.61774
2026-01-01 03:40:40+00:00,FAN-20,65.29,35.79671095859843,61.38014446844821,68.14575
2026-01-01 03:40:50+00:00,FAN-20,64.31,41.8327525685537,63.13765639605771,67.43999
2026-01-01 03:41:00+00:00,FAN-20,64.93,47.05077223041471,65.22463147963151,63.658432
2026-01-01 03:41:10+00:00,FAN-20,67.01,50.926314582895436,65.9372546662597,61.114643
2026-01-01 03:41:20+00:00,FAN-20,67.28,56.379453593927295,62.61571210308214,67.46033
2026-01-01 03:41:30+00:00,FAN-20,66.4,59.39479316430316,63.801758232230775,68.203766
2026-01-01 03:41:40+00:00,FAN-20,65.79,61.32499417822754,68.85513855482239,69.24423
2026-01-01 03:41:50+00:00,FAN-20,64.94,64.05587943465171,70.60691537027789,65.550156
2026-01-01 03:42:00+00:00,FAN-20,65.16,65.89918987978501,72.09863520422408,63.96648
2026-01-01 03:42:10+00:00,FAN-20,64.62,66.77160509769209,72.1038474264463,65.635765
2026-01-01 03:42:20+00:00,FAN-20,63.99,68.4193449403716,72.45644520422407,70.83002
2026-01-01 03:42:30+00:00,FAN-20,66.56,69.32847297503199,78.48149599535756,72.41506
2026-01-01 03:42:40+00:00,FAN-20,62.63,68.15040998869887,87.60119141173182,71.84095
2026-01-01 03:42:50+00:00,FAN-20,64.86,69.0341555686538,87.62330497476297,71.13129
2026-01-01 03:43:00+00:00,FAN-20,66.31,69.9369211509355,87.62335374451892,69.75134
2026-01-01 03:43:10+00:00,FAN-20,63.07,70.57126431230097,90.13293773694232,98.607475
2026-01-01 03:43:20+00:00,FAN-20,66.73,70.73934084614491,90.13058972284982,98.59066
2026-01-01 03:43:30+00:00,FAN-20,64.83,70.08516344060261,90.13101511247613,70.351425
2026-01-01 03:43:40+00:00,FAN-20,64.47,70.23272630553825,90.24296912367555,99.16073
2026-01-01 03:43:50+00:00,FAN-20,64.82,71.36236443611219,90.2431699113762,99.64452
2026-01-01 03:44:00+00:00,FAN-20,65.37,71.74271527647772,93.90601102397609,70.40119
2026-01-01 03:44:10+00:00,FAN-20,64.35,69.7944088223607,94.22776502979718,71.57232
2026-01-01 03:44:20+00:00,FAN-20,64.82,69.43942160497674,94.2436046733637,99.10177
2026-01-01 03:44:30+00:00,FAN-20,64.83,71.30708389253569,94.2455103872857,98.51515
2026-01-01 03:44:40+00:00,FAN-20,100.0,80.59587874536761,83.40678235486232,99.38689
2026-01-01 03:44:50+00:00,FAN-20,100.0,83.75275131437773,84.07541666379436,99.61467
2026-01-01 03:45:00+00:00,FAN-20,99.3,87.02527277051131,84.07541666379436,99.506226
2026-01-01 03:45:10+00:00,FAN-20,100.0,91.3489869262665,84.074237767917,99.84172
2026-01-01 03:45:20+00:00,FAN-20,99.98,91.37753665686091,86.04128535463684,99.82499
2026-01-01 03:45:30+00:00,FAN-20,99.74,93.63328127429453,86.03547726598238,99.69824
2026-01-01 03:45:40+00:00,FAN-20,100.0,94.91043346409407,86.04084686809847,99.766525
2026-01-01 03:45:50+00:00,FAN-20,100.0,95.9656152408129,86.04084686809847,99.688446
2026-01-01 03:46:00+00:00,FAN-20,100.0,96.83676554516313,86.26586974496588,99.69249
2026-01-01 03:46:10+00:00,FAN-20,99.98,95.75927540488605,97.51640033943531,99.854996
2026-01-01 03:46:20+00:00,FAN-20,100.0,98.76588529146028,95.18924628369756,99.84305
2026-01-01 03:46:30+00:00,FAN-20,99.35,97.02835963051402,97.97615226447765,99.85056
2026-01-01 03:46:40+00:00,FAN-20,98.09,98.34835229037701,99.51071021221058,99.86774
2026-01-01 03:46:50+00:00,FAN-20,100.0,99.23585728137215,99.50658287784645,98.5403
2026-01-01 03:47:00+00:00,FAN-20,98.87,99.0623257906189,99.41633642028972,98.528755
2026-01-01 03:47:10+00:00,FAN-20,100.0,99.22774911343163,99.49888302149553,98.606224
2026-01-01 03:47:20+00:00,FAN-20,99.61,99.5307976294664,99.50169405550781,98.699844
2026-01-01 03:47:30+00:00,FAN-20,100.0,100.0,99.50108526448675,98.56048
2026-01-01 03:47:40+00:00,FAN-20,100.0,100.0,99.49948236044663,98.58906
2026-01-01 03:47:50+00:00,FAN-20,100.0,99.85474924406292,99.5004946983884,98.58776
2026-01-01 03:48:00+00:00,FAN-20,98.41,99.57572048559192,99.49156178446728,99.170746
2026-01-01 03:48:10+00:00,FAN-20,99.45,99.73323882344988,99.49953667740726,99.27953
2026-01-01 03:48:20+00:00,FAN-20,97.77,100.0,99.49803063414033,99.23165
2026-01-01 03:48:30+00:00,FAN-20,100.0,100.0,99.48975902197049,99.257645
2026-01-01 03:48:40+00:00,FAN-20,99.65,100.0,99.47855740509105,99.342964
2026-01-01 03:48:50+00:00,FAN-20,100.0,100.0,99.46186902851662,99.425865
2026-01-01 03:49:00+00:00,FAN-20,99.99,100.0,99.46423241770555,99.56181
2026-01-01 03:49:10+00:00,FAN-20,97.78,99.66011938800662,99.22709173236609,99.1575
2026-01-01 03:49:20+00:00,FAN-20,100.0,100.0,99.47318969736523,99.527054
2026-01-01 03:49:30+00:00,FAN-20,99.93,100.0,99.47009111988132,99.47435
2026-01-01 03:49:40+00:00,FAN-20,100.0,99.10482119969197,99.11566894239955,98.93094
2026-01-01 03:49:50+00:00,FAN-20,96.84,99.81399940931237,99.47493378763419,99.44157
2026-01-01 03:50:00+00:00,FAN-20,99.01,98.65080913398033,99.47000328228955,99.411804
2026-01-01 03:50:10+00:00,FAN-20,100.0,99.91874723815765,99.47675728214018,99.491684
2026-01-01 03:50:20+00:00,FAN-20,99.04,98.34372340618187,98.76951557815197,98.60066
2026-01-01 03:50:30+00:00,FAN-20,100.0,98.17882914082855,99.46797055009857,99.38934
2026-01-01 03:50:40+00:00,FAN-20,99.09,97.90368395432814,99.4767617374182,99.37533
2026-01-01 03:50:50+00:00,FAN-20,100.0,97.89644121495854,99.49130866953051,99.46418
2026-01-01 03:51:00+00:00,FAN-20,97.62,98.55622586313915,99.50088067055395,99.56244
2026-01-01 03:51:10+00:00,FAN-20,100.0,98.79595859287913,99.50353433291464,99.539024
2026-01-01 03:51:20+00:00,FAN-20,97.28,99.31110880360252,99.50205489592817,99.47764
2026-01-01 03:51:30+00:00,FAN-20,100.0,100.0,99.50234529935742,99.48253
2026-01-01 03:51:40+00:00,FAN-20,99.83,99.77596377657392,99.49448881593436,99.49564
2026-01-01 03:51:50+00:00,FAN-20,99.67,99.1425516935891,99.27007730430986,99.1507
2026-01-01 03:52:00+00:00,FAN-20,100.0,99.93199495873486,99.50254126555976,99.56994
2026-01-01 03:52:10+00:00,FAN-20,100.0,100.0,99.50118395782792,99.53851
2026-01-01 03:52:20+00:00,FAN-20,97.83,100.0,99.4912122657963,99.31531
2026-01-01 03:52:30+00:00,FAN-20,100.0,100.0,99.31054587971133,99.28983
2026-01-01 03:52:40+00:00,FAN-20,100.0,99.58769927395467,99.3370402469207,98.93743
2026-01-01 03:52:50+00:00,FAN-20,99.36,99.27447394259922,99.48907916366593,99.486115
2026-01-01 03:53:00+00:00,FAN-20,100.0,99.5634130384034,99.47146937635274,99.430756
2026-01-01 03:53:10+00:00,FAN-20,100.0,99.03893097874129,99.47022583955155,99.30554
2026-01-01 03:53:20+00:00,FAN-20,98.2,99.41617091822488,99.47374616376268,99.37539
2026-01-01 03:53:30+00:00,FAN-20,100.0,99.51235254977476,99.46395659077494,99.294014
2026-01-01 03:53:40+00:00,FAN-20,100.0,99.70199099275591,99.49318254760163,99.46737
2026-01-01 03:53:50+00:00,FAN-20,99.39,99.29160159972606,99.4979165791318,99.51236
2026-01-01 03:54:00+00:00,FAN-20,99.12,98.18824349756406,99.47348471509441,99.49933
2026-01-01 03:54:10+00:00,FAN-20,98.88,99.31946122969975,99.49587758868178,99.50619
2026-01-01 03:54:20+00:00,FAN-20,100.0,99.3050539557107,99.50282988803178,99.49525
2026-01-01 03:54:30+00:00,FAN-20,99.82,98.77452014804919,99.24411395069637,99.12555
2026-01-01 03:54:40+00:00,FAN-20,100.0,98.40084378328189,99.49807124072198,99.545074
2026-01-01 03:54:50+00:00,FAN-20,100.0,99.55478608983395,99.5026121354925,99.472275
2026-01-01 03:55:00+00:00,FAN-20,100.0,99.57899224602853,99.50085736982179,99.56895
2026-01-01 03:55:10+00:00,FAN-20,98.81,99.33751463254568,99.49911817632656,99.57696
2026-01-01 03:55:20+00:00,FAN-20,100.0,98.87008963815914,99.49937934827535,99.547935
2026-01-01 03:55:30+00:00,FAN-20,100.0,97.66399913334178,98.8916286948502,98.51367
2026-01-01 03:55:40+00:00,FAN-20,100.0,98.31331711719727,99.50106948886862,99.6253
2026-01-01 03:55:50+00:00,FAN-20,99.94,98.49100062750529,99.5001218683847,99.23213
2026-01-01 03:56:00+00:00,FAN-20,100.0,98.05302072785337,99.49499164525444,99.39397
2026-01-01 03:56:10+00:00,FAN-20,98.24,97.28433476420662,99.31251441374846,99.42274
2026-01-01 03:56:20+00:00,FAN-20,98.83,97.75721504455815,99.47946215531739,99.37241
2026-01-01 03:56:30+00:00,FAN-20,100.0,98.13370704523426,99.4966130251374,99.45417
2026-01-01 03:56:40+00:00,FAN-20,100.0,98.09948521175207,99.48631637600784,99.34578
2026-01-01 03:56:50+00:00,FAN-20,99.46,99.07954478452822,99.47910619057738,99.55086
2026-01-01 03:57:00+00:00,FAN-20,99.54,97.81399335477218,99.48084483715817,99.43966
2026-01-01 03:57:10+00:00,FAN-20,100.0,98.25506261400099,99.48191355504568,99.57845
2026-01-01 03:57:20+00:00,FAN-20,99.77,99.54247623077802,99.4866880670345,99.67807
2026-01-01 03:57:30+00:00,FAN-20,98.6,99.22781782117659,99.4425922278513,99.548195
2026-01-01 03:57:40+00:00,FAN-20,98.53,100.0,99.44402365465146,99.60104
2026-01-01 03:57:50+00:00,FAN-20,99.77,99.9545196015231,99.4415631621549,99.45747
2026-01-01 03:58:00+00:00,FAN-20,100.0,99.59152411442574,99.47235955669063,99.438416
2026-01-01 03:58:10+00:00,FAN-20,99.96,99.49915449785495,99.47616174265438,99.4541
2026-01-01 03:58:20+00:00,FAN-20,100.0,99.24337635711944,99.4694301442416,99.47957
2026-01-01 03:58:30+00:00,FAN-20,100.0,100.0,99.48221671704877,99.55173
2026-01-01 03:58:40+00:00,FAN-20,100.0,99.88433275755493,99.24266681183829,99.42943
2026-01-01 03:58:50+00:00,FAN-20,98.07,99.01852391224486,99.48313581900042,99.46133
2026-01-01 03:59:00+00:00,FAN-20,99.58,99.65669170821717,99.49051730820266,99.583046
2026-01-01 03:59:10+00:00,FAN-20,100.0,98.86233059133157,99.4883280529683,99.42637
2026-01-01 03:59:20+00:00,FAN-20,100.0,98.2896234720819,99.48129678331829,99.56318
2026-01-01 03:59:30+00:00,FAN-20,100.0,97.83945222914869,99.45367149961264,99.59434
2026-01-01 03:59:40+00:00,FAN-20,100.0,99.10093448253792,99.4629337563796,99.07334
2026-01-01 03:59:50+00:00,FAN-20,100.0,98.13358432522662,99.42308861104041,99.242744
2026-01-01 04:00:00+00:00,FAN-20,100.0,99.68153754542695,99.46437871397117,99.199844
2026-01-01 04:00:10+00:00,FAN-20,98.39,98.57450499876919,99.49352711575831,99.41227
2026-01-01 04:00:20+00:00,FAN-20,100.0,98.91711331041763,99.49495264209321,99.49078
2026-01-01 04:00:30+00:00,FAN-20,100.0,99.73969900234209,99.47088906343618,99.72267
2026-01-01 04:00:40+00:00,FAN-20,100.0,98.6588082908142,99.13162564574834,99.24342
2026-01-01 04:00:50+00:00,FAN-20,99.67,100.0,99.47271005518687,99.63941
2026-01-01 04:01:00+00:00,FAN-20,98.76,98.54784174669506,99.36884533618039,99.26039
2026-01-01 04:01:10+00:00,FAN-20,98.6,100.0,99.47271110141045,99.65216
2026-01-01 04:01:20+00:00,FAN-20,100.0,100.0,99.49808566018498,99.65112
2026-01-01 04:01:30+00:00,FAN-20,98.93,100.0,99.49315913869569,99.59062
2026-01-01 04:01:40+00:00,FAN-20,99.92,99.84489048536604,99.45887482609615,99.55499
2026-01-01 04:01:50+00:00,FAN-20,100.0,99.66309917847322,99.41813046770076,99.35665
2026-01-01 04:02:00+00:00,FAN-20,100.0,100.0,99.46505360951224,99.49777
2026-01-01 04:02:10+00:00,FAN-20,99.2,99.33426468459265,99.4621697590447,99.25155
2026-01-01 04:02:20+00:00,FAN-20,98.82,99.0928793113643,99.45384514062457,99.21674
2026-01-01 04:02:30+00:00,FAN-20,100.0,98.13382343415199,99.36040062728917,99.286255
2026-01-01 04:02:40+00:00,FAN-20,98.74,98.37521399017912,99.35693833097626,99.16602
2026-01-01 04:02:50+00:00,FAN-20,100.0,99.0807156490398,99.33291486309614,98.96504
2026-01-01 04:03:00+00:00,FAN-20,98.74,98.98791023092329,99.4382930521409,99.033226
2026-01-01 04:03:10+00:00,FAN-20,97.1,99.09050951847456,99.39455550211774,99.20544
2026-01-01 04:03:20+00:00,FAN-20,98.32,99.11270535915037,99.41206553895046,99.09792
2026-01-01 04:03:30+00:00,FAN-20,100.0,99.77678670319959,99.44037210166749,99.30623
2026-01-01 04:03:40+00:00,FAN-20,99.65,100.0,99.44073604483403,99.35641
2026-01-01 04:03:50+00:00,FAN-20,99.63,99.46296076900528,98.87068051779917,98.085915
2026-01-01 04:04:00+00:00,FAN-20,100.0,99.28499094696602,99.43883796393703,99.33201
2026-01-01 04:04:10+00:00,FAN-20,99.37,99.54242124160854,99.43961011576127,99.604935
2026-01-01 04:04:20+00:00,FAN-20,100.0,98.98091907438568,99.43915227835205,99.41957
2026-01-01 04:04:30+00:00,FAN-20,98.43,99.49337288613569,99.43936308311248,99.58166
2026-01-01 04:04:40+00:00,FAN-20,99.84,99.1648854230519,99.43897979638534,99.47006
2026-01-01 04:04:50+00:00,FAN-20,100.0,99.15520266023373,99.4354067069187,99.5005
2026-01-01 04:05:00+00:00,FAN-20,99.45,99.23929896334563,99.4354714306479,99.32357
2026-01-01 04:05:10+00:00,FAN-20,99.97,99.20991924699533,99.12723171487896,99.179016
2026-01-01 04:05:20+00:00,FAN-20,99.3,98.89529307674313,99.44117820376334,99.53914
2026-01-01 04:05:30+00:00,FAN-20,100.0,100.0,99.44014291306713,99.556496
2026-01-01 04:05:40+00:00,FAN-20,98.8,100.0,99.47622395195654,99.29412
2026-01-01 04:05:50+00:00,FAN-20,100.0,100.0,99.47709253691107,99.52121
2026-01-01 04:06:00+00:00,FAN-20,99.92,99.5173035658755,99.47637926960603,99.343994
2026-01-01 04:06:10+00:00,FAN-20,98.92,100.0,99.48817580378223,99.438354
2026-01-01 04:06:20+00:00,FAN-20,100.0,100.0,99.49062735632629,99.60102
2026-01-01 04:06:30+00:00,FAN-20,100.0,100.0,99.49092445091898,99.50895
2026-01-01 04:06:40+00:00,FAN-20,99.07,99.57440307611412,98.98754760614459,99.071495
2026-01-01 04:06:50+00:00,FAN-20,99.01,98.58026247962793,99.47655505398313,99.520615
2026-01-01 04:07:00+00:00,FAN-20,100.0,99.8758707360958,99.43797804143908,99.53638
2026-01-01 04:07:10+00:00,FAN-20,100.0,99.33109334227775,99.43439574481016,99.4911
2026-01-01 04:07:20+00:00,FAN-20,98.25,100.0,99.43815188766756,99.62204
2026-01-01 04:07:30+00:00,FAN-20,98.9,99.66855560948603,99.4829059325195,99.231926
2026-01-01 04:07:40+00:00,FAN-20,100.0,99.84379279802364,99.43508270527991,99.285835
2026-01-01 04:07:50+00:00,FAN-20,99.12,99.60835176090576,99.48227419046647,99.55493
2026-01-01 04:08:00+00:00,FAN-20,100.0,100.0,99.48608352042554,99.586494
2026-01-01 04:08:10+00:00,FAN-20,97.88,99.70099861648973,99.48581921598567,99.31879
2026-01-01 04:08:20+00:00,FAN-20,99.67,99.96318520215222,99.48661828489018,99.632545
2026-01-01 04:08:30+00:00,FAN-20,99.97,99.68909839901012,99.45158546178318,99.61005
2026-01-01 04:08:40+00:00,FAN-20,100.0,99.72682855708342,99.48657870115215,99.59667
2026-01-01 04:08:50+00:00,FAN-20,99.13,100.0,99.4859897876869,99.40784
2026-01-01 04:09:00+00:00,FAN-20,100.0,100.0,99.48795972220036,99.48051
2026-01-01 04:09:10+00:00,FAN-20,100.0,100.0,99.4848427318233,99.58912
2026-01-01 04:09:20+00:00,FAN-20,100.0,99.34034276921152,98.9566023679738,99.364
2026-01-01 04:09:30+00:00,FAN-20,100.0,98.73799357523608,99.49046811394376,99.54041
2026-01-01 04:09:40+00:00,FAN-20,98.44,99.7198526101461,99.48881918681872,99.484085
2026-01-01 04:09:50+00:00,FAN-20,100.0,99.41817844872384,99.48989054344926,99.61867
